road_id,recorded_at,vehicle_count,average_speed,density,congestion_level
R001,2026-09-01T20:00:00+00:00,67,51.3,1.31,Low
R002,2026-09-01T20:00:00+00:00,73,38.3,1.91,Low
R003,2026-09-01T20:00:00+00:00,74,45.6,1.62,Low
R004,2026-09-01T20:00:00+00:00,35,57.6,0.61,Low
R005,2026-09-01T20:00:00+00:00,81,32.2,2.52,Low
R006,2026-09-01T20:00:00+00:00,108,29.7,3.64,Low
R007,2026-09-01T20:00:00+00:00,129,20.1,6.42,Low
road-001,2026-09-01T20:00:00+00:00,48,41.6,1.15,Low
road-002,2026-09-01T20:00:00+00:00,85,26.2,3.24,Low
road-003,2026-09-01T20:00:00+00:00,140,15.2,9.21,Low
road-004,2026-09-01T20:00:00+00:00,69,31.0,2.23,Low
R001,2026-09-01T21:00:00+00:00,34,55.2,0.62,Low
R002,2026-09-01T21:00:00+00:00,45,41.5,1.08,Low
R003,2026-09-01T21:00:00+00:00,35,45.1,0.78,Low
R004,2026-09-01T21:00:00+00:00,19,64.7,0.29,Low
R005,2026-09-01T21:00:00+00:00,47,39.1,1.2,Low
R006,2026-09-01T21:00:00+00:00,63,35.1,1.79,Low
R007,2026-09-01T21:00:00+00:00,76,23.4,3.25,Low
road-001,2026-09-01T21:00:00+00:00,27,44.3,0.61,Low
road-002,2026-09-01T21:00:00+00:00,53,28.3,1.87,Low
road-003,2026-09-01T21:00:00+00:00,74,17.3,4.28,Low
road-004,2026-09-01T21:00:00+00:00,34,32.2,1.06,Low
R001,2026-09-01T22:00:00+00:00,23,56.6,0.41,Low
R002,2026-09-01T22:00:00+00:00,28,42.3,0.66,Low
R003,2026-09-01T22:00:00+00:00,29,47.6,0.61,Low
R004,2026-09-01T22:00:00+00:00,12,61.3,0.2,Low
R005,2026-09-01T22:00:00+00:00,31,41.5,0.75,Low
R006,2026-09-01T22:00:00+00:00,47,34.1,1.38,Low
R007,2026-09-01T22:00:00+00:00,52,24.9,2.09,Low
road-001,2026-09-01T22:00:00+00:00,17,43.4,0.39,Low
road-002,2026-09-01T22:00:00+00:00,39,29.3,1.33,Low
road-003,2026-09-01T22:00:00+00:00,52,19.8,2.63,Low
road-004,2026-09-01T22:00:00+00:00,27,35.3,0.76,Low
R001,2026-09-01T23:00:00+00:00,22,54.7,0.4,Low
R002,2026-09-01T23:00:00+00:00,27,42.3,0.64,Low
R003,2026-09-01T23:00:00+00:00,24,52.4,0.46,Low
R004,2026-09-01T23:00:00+00:00,13,62.3,0.21,Low
R005,2026-09-01T23:00:00+00:00,31,38.1,0.81,Low
R006,2026-09-01T23:00:00+00:00,45,33.4,1.35,Low
R007,2026-09-01T23:00:00+00:00,50,23.1,2.16,Low
road-001,2026-09-01T23:00:00+00:00,17,42.5,0.4,Low
road-002,2026-09-01T23:00:00+00:00,33,30.8,1.07,Low
road-003,2026-09-01T23:00:00+00:00,47,18.4,2.55,Low
road-004,2026-09-01T23:00:00+00:00,26,33.9,0.77,Low
R001,2026-09-02T00:00:00+00:00,22,54.9,0.4,Low
R002,2026-09-02T00:00:00+00:00,25,44.9,0.56,Low
R003,2026-09-02T00:00:00+00:00,27,48.2,0.56,Low
R004,2026-09-02T00:00:00+00:00,10,63.3,0.16,Low
R005,2026-09-02T00:00:00+00:00,32,38.9,0.82,Low
R006,2026-09-02T00:00:00+00:00,45,35.5,1.27,Low
R007,2026-09-02T00:00:00+00:00,46,25.0,1.84,Low
road-001,2026-09-02T00:00:00+00:00,17,44.5,0.38,Low
road-002,2026-09-02T00:00:00+00:00,31,29.7,1.04,Low
road-003,2026-09-02T00:00:00+00:00,44,19.2,2.29,Low
road-004,2026-09-02T00:00:00+00:00,23,36.5,0.63,Low
R001,2026-09-02T01:00:00+00:00,25,56.8,0.44,Low
R002,2026-09-02T01:00:00+00:00,28,41.6,0.67,Low
R003,2026-09-02T01:00:00+00:00,28,51.6,0.54,Low
R004,2026-09-02T01:00:00+00:00,11,65.8,0.17,Low
R005,2026-09-02T01:00:00+00:00,30,36.7,0.82,Low
R006,2026-09-02T01:00:00+00:00,44,33.8,1.3,Low
R007,2026-09-02T01:00:00+00:00,54,24.1,2.24,Low
road-001,2026-09-02T01:00:00+00:00,15,43.1,0.35,Low
road-002,2026-09-02T01:00:00+00:00,29,31.2,0.93,Low
road-003,2026-09-02T01:00:00+00:00,51,20.2,2.52,Low
road-004,2026-09-02T01:00:00+00:00,23,31.6,0.73,Low
R001,2026-09-02T02:00:00+00:00,25,63.2,0.4,Low
R002,2026-09-02T02:00:00+00:00,25,43.9,0.57,Low
R003,2026-09-02T02:00:00+00:00,23,51.1,0.45,Low
R004,2026-09-02T02:00:00+00:00,12,60.5,0.2,Low
R005,2026-09-02T02:00:00+00:00,29,39.2,0.74,Low
R006,2026-09-02T02:00:00+00:00,40,35.8,1.12,Low
R007,2026-09-02T02:00:00+00:00,51,22.9,2.23,Low
road-001,2026-09-02T02:00:00+00:00,17,45.8,0.37,Low
road-002,2026-09-02T02:00:00+00:00,31,28.2,1.1,Low
road-003,2026-09-02T02:00:00+00:00,52,19.7,2.64,Low
road-004,2026-09-02T02:00:00+00:00,23,34.1,0.67,Low
R001,2026-09-02T03:00:00+00:00,22,56.6,0.39,Low
R002,2026-09-02T03:00:00+00:00,27,44.5,0.61,Low
R003,2026-09-02T03:00:00+00:00,24,46.8,0.51,Low
R004,2026-09-02T03:00:00+00:00,10,65.8,0.15,Low
R005,2026-09-02T03:00:00+00:00,28,41.5,0.67,Low
R006,2026-09-02T03:00:00+00:00,45,31.3,1.44,Low
R007,2026-09-02T03:00:00+00:00,49,24.7,1.98,Low
road-001,2026-09-02T03:00:00+00:00,16,41.7,0.38,Low
road-002,2026-09-02T03:00:00+00:00,35,29.2,1.2,Low
road-003,2026-09-02T03:00:00+00:00,47,20.2,2.33,Low
road-004,2026-09-02T03:00:00+00:00,25,32.2,0.78,Low
R001,2026-09-02T04:00:00+00:00,22,58.5,0.38,Low
R002,2026-09-02T04:00:00+00:00,27,43.7,0.62,Low
R003,2026-09-02T04:00:00+00:00,27,50.1,0.54,Low
R004,2026-09-02T04:00:00+00:00,13,60.1,0.22,Low
R005,2026-09-02T04:00:00+00:00,29,37.9,0.77,Low
R006,2026-09-02T04:00:00+00:00,45,32.2,1.4,Low
R007,2026-09-02T04:00:00+00:00,49,23.9,2.05,Low
road-001,2026-09-02T04:00:00+00:00,16,42.7,0.37,Low
road-002,2026-09-02T04:00:00+00:00,31,31.1,1.0,Low
road-003,2026-09-02T04:00:00+00:00,47,20.4,2.3,Low
road-004,2026-09-02T04:00:00+00:00,24,31.5,0.76,Low
R001,2026-09-02T05:00:00+00:00,28,62.0,0.45,Low
R002,2026-09-02T05:00:00+00:00,32,46.5,0.69,Low
R003,2026-09-02T05:00:00+00:00,29,46.0,0.63,Low
R004,2026-09-02T05:00:00+00:00,12,61.4,0.2,Low
R005,2026-09-02T05:00:00+00:00,31,36.0,0.86,Low
R006,2026-09-02T05:00:00+00:00,43,36.3,1.18,Low
R007,2026-09-02T05:00:00+00:00,53,25.1,2.11,Low
road-001,2026-09-02T05:00:00+00:00,18,43.6,0.41,Low
road-002,2026-09-02T05:00:00+00:00,38,31.0,1.23,Low
road-003,2026-09-02T05:00:00+00:00,52,19.9,2.61,Low
road-004,2026-09-02T05:00:00+00:00,23,32.9,0.7,Low
R001,2026-09-02T06:00:00+00:00,40,58.7,0.68,Low
R002,2026-09-02T06:00:00+00:00,43,44.4,0.97,Low
R003,2026-09-02T06:00:00+00:00,36,48.7,0.74,Low
R004,2026-09-02T06:00:00+00:00,18,67.4,0.27,Low
R005,2026-09-02T06:00:00+00:00,42,40.9,1.03,Low
R006,2026-09-02T06:00:00+00:00,58,31.3,1.85,Low
R007,2026-09-02T06:00:00+00:00,81,23.7,3.42,Low
road-001,2026-09-02T06:00:00+00:00,24,41.0,0.59,Low
road-002,2026-09-02T06:00:00+00:00,54,26.8,2.01,Low
road-003,2026-09-02T06:00:00+00:00,74,19.0,3.89,Low
road-004,2026-09-02T06:00:00+00:00,36,33.6,1.07,Low
R001,2026-09-02T07:00:00+00:00,72,58.9,1.22,Low
R002,2026-09-02T07:00:00+00:00,79,40.8,1.94,Low
R003,2026-09-02T07:00:00+00:00,74,43.6,1.7,Low
R004,2026-09-02T07:00:00+00:00,37,59.4,0.62,Low
R005,2026-09-02T07:00:00+00:00,86,35.7,2.41,Low
R006,2026-09-02T07:00:00+00:00,115,29.0,3.97,Low
R007,2026-09-02T07:00:00+00:00,171,20.5,8.34,Low
road-001,2026-09-02T07:00:00+00:00,46,39.6,1.16,Low
road-002,2026-09-02T07:00:00+00:00,94,26.9,3.49,Low
road-003,2026-09-02T07:00:00+00:00,155,16.8,9.23,Low
road-004,2026-09-02T07:00:00+00:00,70,28.3,2.47,Low
R001,2026-09-02T08:00:00+00:00,125,50.3,2.49,Low
R002,2026-09-02T08:00:00+00:00,140,34.3,4.08,Low
R003,2026-09-02T08:00:00+00:00,131,33.8,3.88,Low
R004,2026-09-02T08:00:00+00:00,62,55.3,1.12,Low
R005,2026-09-02T08:00:00+00:00,152,28.6,5.31,Low
R006,2026-09-02T08:00:00+00:00,191,21.2,9.01,Low
R007,2026-09-02T08:00:00+00:00,235,15.5,15.16,Medium
road-001,2026-09-02T08:00:00+00:00,79,37.8,2.09,Low
road-002,2026-09-02T08:00:00+00:00,169,17.5,9.66,Low
road-003,2026-09-02T08:00:00+00:00,242,11.5,21.04,High
road-004,2026-09-02T08:00:00+00:00,117,25.6,4.57,Low
R001,2026-09-02T09:00:00+00:00,126,45.4,2.78,Low
R002,2026-09-02T09:00:00+00:00,135,31.3,4.31,Low
R003,2026-09-02T09:00:00+00:00,114,40.9,2.79,Low
R004,2026-09-02T09:00:00+00:00,60,55.3,1.08,Low
R005,2026-09-02T09:00:00+00:00,154,26.7,5.77,Low
R006,2026-09-02T09:00:00+00:00,203,19.7,10.3,Medium
R007,2026-09-02T09:00:00+00:00,233,16.4,14.21,Medium
road-001,2026-09-02T09:00:00+00:00,90,35.8,2.51,Low
road-002,2026-09-02T09:00:00+00:00,172,18.3,9.4,Low
road-003,2026-09-02T09:00:00+00:00,219,12.3,17.8,Medium
road-004,2026-09-02T09:00:00+00:00,113,26.2,4.31,Low
R001,2026-09-02T10:00:00+00:00,108,53.9,2.0,Low
R002,2026-09-02T10:00:00+00:00,128,31.9,4.01,Low
R003,2026-09-02T10:00:00+00:00,105,37.9,2.77,Low
R004,2026-09-02T10:00:00+00:00,53,62.4,0.85,Low
R005,2026-09-02T10:00:00+00:00,125,30.7,4.07,Low
R006,2026-09-02T10:00:00+00:00,166,26.6,6.24,Low
R007,2026-09-02T10:00:00+00:00,237,16.4,14.45,Medium
road-001,2026-09-02T10:00:00+00:00,76,39.9,1.9,Low
road-002,2026-09-02T10:00:00+00:00,127,23.2,5.47,Low
road-003,2026-09-02T10:00:00+00:00,197,15.1,13.05,Medium
road-004,2026-09-02T10:00:00+00:00,108,26.8,4.03,Low
R001,2026-09-02T11:00:00+00:00,70,53.2,1.32,Low
R002,2026-09-02T11:00:00+00:00,82,36.6,2.24,Low
R003,2026-09-02T11:00:00+00:00,77,46.5,1.66,Low
R004,2026-09-02T11:00:00+00:00,31,65.4,0.47,Low
R005,2026-09-02T11:00:00+00:00,82,33.7,2.43,Low
R006,2026-09-02T11:00:00+00:00,123,27.3,4.51,Low
R007,2026-09-02T11:00:00+00:00,130,20.0,6.5,Low
road-001,2026-09-02T11:00:00+00:00,45,44.1,1.02,Low
road-002,2026-09-02T11:00:00+00:00,100,23.8,4.2,Low
road-003,2026-09-02T11:00:00+00:00,137,16.3,8.4,Low
road-004,2026-09-02T11:00:00+00:00,73,29.8,2.45,Low
R001,2026-09-02T12:00:00+00:00,60,52.8,1.14,Low
R002,2026-09-02T12:00:00+00:00,71,38.2,1.86,Low
R003,2026-09-02T12:00:00+00:00,65,43.7,1.49,Low
R004,2026-09-02T12:00:00+00:00,25,62.3,0.4,Low
R005,2026-09-02T12:00:00+00:00,72,34.6,2.08,Low
R006,2026-09-02T12:00:00+00:00,99,30.4,3.26,Low
R007,2026-09-02T12:00:00+00:00,117,21.9,5.34,Low
road-001,2026-09-02T12:00:00+00:00,37,43.9,0.84,Low
road-002,2026-09-02T12:00:00+00:00,68,28.9,2.35,Low
road-003,2026-09-02T12:00:00+00:00,112,18.1,6.19,Low
road-004,2026-09-02T12:00:00+00:00,58,32.0,1.81,Low
R001,2026-09-02T13:00:00+00:00,52,53.0,0.98,Low
R002,2026-09-02T13:00:00+00:00,65,39.7,1.64,Low
R003,2026-09-02T13:00:00+00:00,56,48.9,1.15,Low
R004,2026-09-02T13:00:00+00:00,28,60.6,0.46,Low
R005,2026-09-02T13:00:00+00:00,65,35.8,1.82,Low
R006,2026-09-02T13:00:00+00:00,93,29.8,3.12,Low
R007,2026-09-02T13:00:00+00:00,108,21.7,4.98,Low
road-001,2026-09-02T13:00:00+00:00,41,43.3,0.95,Low
road-002,2026-09-02T13:00:00+00:00,80,26.7,3.0,Low
road-003,2026-09-02T13:00:00+00:00,104,17.9,5.81,Low
road-004,2026-09-02T13:00:00+00:00,48,31.0,1.55,Low
R001,2026-09-02T14:00:00+00:00,55,57.4,0.96,Low
R002,2026-09-02T14:00:00+00:00,67,40.4,1.66,Low
R003,2026-09-02T14:00:00+00:00,60,43.8,1.37,Low
R004,2026-09-02T14:00:00+00:00,27,66.8,0.4,Low
R005,2026-09-02T14:00:00+00:00,74,33.6,2.2,Low
R006,2026-09-02T14:00:00+00:00,90,31.1,2.89,Low
R007,2026-09-02T14:00:00+00:00,124,20.7,5.99,Low
road-001,2026-09-02T14:00:00+00:00,42,43.7,0.96,Low
road-002,2026-09-02T14:00:00+00:00,79,25.1,3.15,Low
road-003,2026-09-02T14:00:00+00:00,105,16.4,6.4,Low
road-004,2026-09-02T14:00:00+00:00,53,31.5,1.68,Low
R001,2026-09-02T15:00:00+00:00,70,51.5,1.36,Low
R002,2026-09-02T15:00:00+00:00,75,40.7,1.84,Low
R003,2026-09-02T15:00:00+00:00,67,46.6,1.44,Low
R004,2026-09-02T15:00:00+00:00,32,59.5,0.54,Low
R005,2026-09-02T15:00:00+00:00,85,31.7,2.68,Low
R006,2026-09-02T15:00:00+00:00,121,30.0,4.03,Low
R007,2026-09-02T15:00:00+00:00,131,20.7,6.33,Low
road-001,2026-09-02T15:00:00+00:00,43,44.9,0.96,Low
road-002,2026-09-02T15:00:00+00:00,91,23.6,3.86,Low
road-003,2026-09-02T15:00:00+00:00,125,18.0,6.94,Low
road-004,2026-09-02T15:00:00+00:00,65,31.9,2.04,Low
R001,2026-09-02T16:00:00+00:00,68,59.8,1.14,Low
R002,2026-09-02T16:00:00+00:00,78,42.4,1.84,Low
R003,2026-09-02T16:00:00+00:00,77,44.8,1.72,Low
R004,2026-09-02T16:00:00+00:00,34,61.9,0.55,Low
R005,2026-09-02T16:00:00+00:00,87,34.5,2.52,Low
R006,2026-09-02T16:00:00+00:00,124,29.6,4.19,Low
R007,2026-09-02T16:00:00+00:00,142,19.7,7.21,Low
road-001,2026-09-02T16:00:00+00:00,44,42.7,1.03,Low
road-002,2026-09-02T16:00:00+00:00,95,25.2,3.77,Low
road-003,2026-09-02T16:00:00+00:00,135,16.0,8.44,Low
road-004,2026-09-02T16:00:00+00:00,60,29.9,2.01,Low
R001,2026-09-02T17:00:00+00:00,107,49.6,2.16,Low
R002,2026-09-02T17:00:00+00:00,132,31.0,4.26,Low
R003,2026-09-02T17:00:00+00:00,115,40.3,2.85,Low
R004,2026-09-02T17:00:00+00:00,58,53.9,1.08,Low
R005,2026-09-02T17:00:00+00:00,138,28.7,4.81,Low
R006,2026-09-02T17:00:00+00:00,194,21.2,9.15,Low
R007,2026-09-02T17:00:00+00:00,240,16.0,15.0,Medium
road-001,2026-09-02T17:00:00+00:00,81,38.0,2.13,Low
road-002,2026-09-02T17:00:00+00:00,166,19.4,8.56,Low
road-003,2026-09-02T17:00:00+00:00,220,12.0,18.33,Medium
road-004,2026-09-02T17:00:00+00:00,109,26.2,4.16,Low
R001,2026-09-02T18:00:00+00:00,147,48.9,3.01,Low
R002,2026-09-02T18:00:00+00:00,158,30.3,5.21,Low
R003,2026-09-02T18:00:00+00:00,150,34.3,4.37,Low
R004,2026-09-02T18:00:00+00:00,65,54.0,1.2,Low
R005,2026-09-02T18:00:00+00:00,170,22.5,7.56,Low
R006,2026-09-02T18:00:00+00:00,233,18.8,12.39,Medium
R007,2026-09-02T18:00:00+00:00,293,11.0,26.64,High
road-001,2026-09-02T18:00:00+00:00,97,32.3,3.0,Low
road-002,2026-09-02T18:00:00+00:00,194,14.5,13.38,Medium
road-003,2026-09-02T18:00:00+00:00,270,10.6,25.47,High
road-004,2026-09-02T18:00:00+00:00,124,23.6,5.25,Low
R001,2026-09-02T19:00:00+00:00,104,51.1,2.04,Low
R002,2026-09-02T19:00:00+00:00,119,34.0,3.5,Low
R003,2026-09-02T19:00:00+00:00,115,38.0,3.03,Low
R004,2026-09-02T19:00:00+00:00,59,56.6,1.04,Low
R005,2026-09-02T19:00:00+00:00,148,28.7,5.16,Low
R006,2026-09-02T19:00:00+00:00,187,21.4,8.74,Low
R007,2026-09-02T19:00:00+00:00,220,16.4,13.41,Medium
road-001,2026-09-02T19:00:00+00:00,87,35.1,2.48,Low
road-002,2026-09-02T19:00:00+00:00,159,20.2,7.87,Low
road-003,2026-09-02T19:00:00+00:00,232,13.0,17.85,Medium
road-004,2026-09-02T19:00:00+00:00,122,22.2,5.5,Low
R001,2026-09-02T20:00:00+00:00,59,53.2,1.11,Low
R002,2026-09-02T20:00:00+00:00,71,41.3,1.72,Low
R003,2026-09-02T20:00:00+00:00,72,42.6,1.69,Low
R004,2026-09-02T20:00:00+00:00,34,64.5,0.53,Low
R005,2026-09-02T20:00:00+00:00,76,35.9,2.12,Low
R006,2026-09-02T20:00:00+00:00,121,27.0,4.48,Low
R007,2026-09-02T20:00:00+00:00,151,21.5,7.02,Low
road-001,2026-09-02T20:00:00+00:00,43,38.7,1.11,Low
road-002,2026-09-02T20:00:00+00:00,87,26.4,3.3,Low
road-003,2026-09-02T20:00:00+00:00,143,16.1,8.88,Low
road-004,2026-09-02T20:00:00+00:00,68,28.1,2.42,Low
R001,2026-09-02T21:00:00+00:00,37,59.4,0.62,Low
R002,2026-09-02T21:00:00+00:00,38,45.0,0.84,Low
R003,2026-09-02T21:00:00+00:00,41,48.4,0.85,Low
R004,2026-09-02T21:00:00+00:00,16,68.9,0.23,Low
R005,2026-09-02T21:00:00+00:00,47,36.8,1.28,Low
R006,2026-09-02T21:00:00+00:00,62,32.0,1.94,Low
R007,2026-09-02T21:00:00+00:00,78,22.6,3.45,Low
road-001,2026-09-02T21:00:00+00:00,27,45.7,0.59,Low
road-002,2026-09-02T21:00:00+00:00,45,30.5,1.48,Low
road-003,2026-09-02T21:00:00+00:00,73,19.6,3.72,Low
road-004,2026-09-02T21:00:00+00:00,37,32.7,1.13,Low
R001,2026-09-02T22:00:00+00:00,27,63.3,0.43,Low
R002,2026-09-02T22:00:00+00:00,29,45.9,0.63,Low
R003,2026-09-02T22:00:00+00:00,28,48.6,0.58,Low
R004,2026-09-02T22:00:00+00:00,12,66.7,0.18,Low
R005,2026-09-02T22:00:00+00:00,31,41.0,0.76,Low
R006,2026-09-02T22:00:00+00:00,48,31.2,1.54,Low
R007,2026-09-02T22:00:00+00:00,60,22.8,2.63,Low
road-001,2026-09-02T22:00:00+00:00,18,44.9,0.4,Low
road-002,2026-09-02T22:00:00+00:00,35,26.7,1.31,Low
road-003,2026-09-02T22:00:00+00:00,55,18.2,3.02,Low
road-004,2026-09-02T22:00:00+00:00,24,35.6,0.67,Low
R001,2026-09-02T23:00:00+00:00,23,62.7,0.37,Low
R002,2026-09-02T23:00:00+00:00,29,42.2,0.69,Low
R003,2026-09-02T23:00:00+00:00,23,52.5,0.44,Low
R004,2026-09-02T23:00:00+00:00,11,66.7,0.16,Low
R005,2026-09-02T23:00:00+00:00,30,40.4,0.74,Low
R006,2026-09-02T23:00:00+00:00,44,34.4,1.28,Low
R007,2026-09-02T23:00:00+00:00,52,25.1,2.07,Low
road-001,2026-09-02T23:00:00+00:00,15,42.4,0.35,Low
road-002,2026-09-02T23:00:00+00:00,34,28.0,1.21,Low
road-003,2026-09-02T23:00:00+00:00,49,19.2,2.55,Low
road-004,2026-09-02T23:00:00+00:00,24,33.6,0.71,Low
R001,2026-09-03T00:00:00+00:00,25,57.4,0.44,Low
R002,2026-09-03T00:00:00+00:00,29,42.2,0.69,Low
R003,2026-09-03T00:00:00+00:00,24,46.0,0.52,Low
R004,2026-09-03T00:00:00+00:00,11,60.5,0.18,Low
R005,2026-09-03T00:00:00+00:00,30,40.5,0.74,Low
R006,2026-09-03T00:00:00+00:00,39,32.3,1.21,Low
R007,2026-09-03T00:00:00+00:00,51,24.9,2.05,Low
road-001,2026-09-03T00:00:00+00:00,18,44.3,0.41,Low
road-002,2026-09-03T00:00:00+00:00,31,27.2,1.14,Low
road-003,2026-09-03T00:00:00+00:00,45,18.5,2.43,Low
road-004,2026-09-03T00:00:00+00:00,22,31.5,0.7,Low
R001,2026-09-03T01:00:00+00:00,24,56.9,0.42,Low
R002,2026-09-03T01:00:00+00:00,30,44.1,0.68,Low
R003,2026-09-03T01:00:00+00:00,27,45.8,0.59,Low
R004,2026-09-03T01:00:00+00:00,12,64.2,0.19,Low
R005,2026-09-03T01:00:00+00:00,32,39.2,0.82,Low
R006,2026-09-03T01:00:00+00:00,41,33.4,1.23,Low
R007,2026-09-03T01:00:00+00:00,48,22.4,2.14,Low
road-001,2026-09-03T01:00:00+00:00,18,44.0,0.41,Low
road-002,2026-09-03T01:00:00+00:00,35,28.4,1.23,Low
road-003,2026-09-03T01:00:00+00:00,43,19.8,2.17,Low
road-004,2026-09-03T01:00:00+00:00,21,32.2,0.65,Low
R001,2026-09-03T02:00:00+00:00,24,57.2,0.42,Low
R002,2026-09-03T02:00:00+00:00,30,41.0,0.73,Low
R003,2026-09-03T02:00:00+00:00,27,49.6,0.54,Low
R004,2026-09-03T02:00:00+00:00,12,61.5,0.2,Low
R005,2026-09-03T02:00:00+00:00,30,38.5,0.78,Low
R006,2026-09-03T02:00:00+00:00,41,35.7,1.15,Low
R007,2026-09-03T02:00:00+00:00,57,23.1,2.47,Low
road-001,2026-09-03T02:00:00+00:00,17,45.0,0.38,Low
road-002,2026-09-03T02:00:00+00:00,34,31.0,1.1,Low
road-003,2026-09-03T02:00:00+00:00,45,18.5,2.43,Low
road-004,2026-09-03T02:00:00+00:00,24,32.1,0.75,Low
R001,2026-09-03T03:00:00+00:00,22,55.1,0.4,Low
R002,2026-09-03T03:00:00+00:00,25,43.7,0.57,Low
R003,2026-09-03T03:00:00+00:00,26,47.2,0.55,Low
R004,2026-09-03T03:00:00+00:00,11,66.5,0.17,Low
R005,2026-09-03T03:00:00+00:00,31,38.5,0.81,Low
R006,2026-09-03T03:00:00+00:00,43,36.0,1.19,Low
R007,2026-09-03T03:00:00+00:00,55,24.4,2.25,Low
road-001,2026-09-03T03:00:00+00:00,17,47.3,0.36,Low
road-002,2026-09-03T03:00:00+00:00,32,29.2,1.1,Low
road-003,2026-09-03T03:00:00+00:00,49,20.5,2.39,Low
road-004,2026-09-03T03:00:00+00:00,25,31.6,0.79,Low
R001,2026-09-03T04:00:00+00:00,22,57.3,0.38,Low
R002,2026-09-03T04:00:00+00:00,29,44.2,0.66,Low
R003,2026-09-03T04:00:00+00:00,25,46.0,0.54,Low
R004,2026-09-03T04:00:00+00:00,12,66.4,0.18,Low
R005,2026-09-03T04:00:00+00:00,32,38.7,0.83,Low
R006,2026-09-03T04:00:00+00:00,42,31.5,1.33,Low
R007,2026-09-03T04:00:00+00:00,47,23.9,1.97,Low
road-001,2026-09-03T04:00:00+00:00,16,42.5,0.38,Low
road-002,2026-09-03T04:00:00+00:00,30,31.3,0.96,Low
road-003,2026-09-03T04:00:00+00:00,51,19.5,2.62,Low
road-004,2026-09-03T04:00:00+00:00,26,36.6,0.71,Low
R001,2026-09-03T05:00:00+00:00,26,56.8,0.46,Low
R002,2026-09-03T05:00:00+00:00,27,45.7,0.59,Low
R003,2026-09-03T05:00:00+00:00,27,49.9,0.54,Low
R004,2026-09-03T05:00:00+00:00,13,61.0,0.21,Low
R005,2026-09-03T05:00:00+00:00,32,39.6,0.81,Low
R006,2026-09-03T05:00:00+00:00,44,31.4,1.4,Low
R007,2026-09-03T05:00:00+00:00,54,23.3,2.32,Low
road-001,2026-09-03T05:00:00+00:00,18,46.7,0.39,Low
road-002,2026-09-03T05:00:00+00:00,34,29.8,1.14,Low
road-003,2026-09-03T05:00:00+00:00,49,20.6,2.38,Low
road-004,2026-09-03T05:00:00+00:00,27,34.1,0.79,Low
R001,2026-09-03T06:00:00+00:00,36,56.5,0.64,Low
R002,2026-09-03T06:00:00+00:00,41,46.1,0.89,Low
R003,2026-09-03T06:00:00+00:00,38,48.0,0.79,Low
R004,2026-09-03T06:00:00+00:00,20,65.2,0.31,Low
R005,2026-09-03T06:00:00+00:00,46,37.3,1.23,Low
R006,2026-09-03T06:00:00+00:00,60,32.1,1.87,Low
R007,2026-09-03T06:00:00+00:00,83,23.4,3.55,Low
road-001,2026-09-03T06:00:00+00:00,27,41.4,0.65,Low
road-002,2026-09-03T06:00:00+00:00,50,30.0,1.67,Low
road-003,2026-09-03T06:00:00+00:00,72,19.3,3.73,Low
road-004,2026-09-03T06:00:00+00:00,33,35.9,0.92,Low
R001,2026-09-03T07:00:00+00:00,73,52.7,1.39,Low
R002,2026-09-03T07:00:00+00:00,78,39.8,1.96,Low
R003,2026-09-03T07:00:00+00:00,79,40.9,1.93,Low
R004,2026-09-03T07:00:00+00:00,39,65.1,0.6,Low
R005,2026-09-03T07:00:00+00:00,89,32.0,2.78,Low
R006,2026-09-03T07:00:00+00:00,134,27.7,4.84,Low
R007,2026-09-03T07:00:00+00:00,163,19.5,8.36,Low
road-001,2026-09-03T07:00:00+00:00,48,43.5,1.1,Low
road-002,2026-09-03T07:00:00+00:00,108,23.1,4.68,Low
road-003,2026-09-03T07:00:00+00:00,145,16.0,9.06,Low
road-004,2026-09-03T07:00:00+00:00,78,29.1,2.68,Low
R001,2026-09-03T08:00:00+00:00,126,51.4,2.45,Low
R002,2026-09-03T08:00:00+00:00,131,34.6,3.79,Low
R003,2026-09-03T08:00:00+00:00,125,40.2,3.11,Low
R004,2026-09-03T08:00:00+00:00,59,60.7,0.97,Low
R005,2026-09-03T08:00:00+00:00,140,27.4,5.11,Low
R006,2026-09-03T08:00:00+00:00,209,22.4,9.33,Low
R007,2026-09-03T08:00:00+00:00,254,13.4,18.96,Medium
road-001,2026-09-03T08:00:00+00:00,84,35.5,2.37,Low
road-002,2026-09-03T08:00:00+00:00,163,19.1,8.53,Low
road-003,2026-09-03T08:00:00+00:00,233,12.0,19.42,Medium
road-004,2026-09-03T08:00:00+00:00,110,25.8,4.26,Low
R001,2026-09-03T09:00:00+00:00,119,47.4,2.51,Low
R002,2026-09-03T09:00:00+00:00,145,28.8,5.03,Low
R003,2026-09-03T09:00:00+00:00,133,37.6,3.54,Low
R004,2026-09-03T09:00:00+00:00,62,56.1,1.11,Low
R005,2026-09-03T09:00:00+00:00,152,28.1,5.41,Low
R006,2026-09-03T09:00:00+00:00,226,19.0,11.89,Medium
R007,2026-09-03T09:00:00+00:00,231,15.6,14.81,Medium
road-001,2026-09-03T09:00:00+00:00,84,38.6,2.18,Low
road-002,2026-09-03T09:00:00+00:00,174,17.6,9.89,Low
road-003,2026-09-03T09:00:00+00:00,236,12.2,19.34,Medium
road-004,2026-09-03T09:00:00+00:00,123,22.8,5.39,Low
R001,2026-09-03T10:00:00+00:00,105,48.5,2.16,Low
R002,2026-09-03T10:00:00+00:00,118,37.4,3.16,Low
R003,2026-09-03T10:00:00+00:00,107,41.4,2.58,Low
R004,2026-09-03T10:00:00+00:00,52,62.3,0.83,Low
R005,2026-09-03T10:00:00+00:00,136,30.4,4.47,Low
R006,2026-09-03T10:00:00+00:00,174,23.5,7.4,Low
R007,2026-09-03T10:00:00+00:00,231,16.3,14.17,Medium
road-001,2026-09-03T10:00:00+00:00,77,34.7,2.22,Low
road-002,2026-09-03T10:00:00+00:00,128,22.8,5.61,Low
road-003,2026-09-03T10:00:00+00:00,221,14.0,15.79,Medium
road-004,2026-09-03T10:00:00+00:00,107,25.1,4.26,Low
R001,2026-09-03T11:00:00+00:00,61,57.4,1.06,Low
R002,2026-09-03T11:00:00+00:00,83,38.6,2.15,Low
R003,2026-09-03T11:00:00+00:00,75,47.1,1.59,Low
R004,2026-09-03T11:00:00+00:00,30,65.3,0.46,Low
R005,2026-09-03T11:00:00+00:00,79,34.3,2.3,Low
R006,2026-09-03T11:00:00+00:00,108,29.9,3.61,Low
R007,2026-09-03T11:00:00+00:00,146,21.2,6.89,Low
road-001,2026-09-03T11:00:00+00:00,44,38.9,1.13,Low
road-002,2026-09-03T11:00:00+00:00,98,25.3,3.87,Low
road-003,2026-09-03T11:00:00+00:00,126,18.1,6.96,Low
road-004,2026-09-03T11:00:00+00:00,61,30.7,1.99,Low
R001,2026-09-03T12:00:00+00:00,52,54.7,0.95,Low
R002,2026-09-03T12:00:00+00:00,58,43.5,1.33,Low
R003,2026-09-03T12:00:00+00:00,65,46.6,1.39,Low
R004,2026-09-03T12:00:00+00:00,25,62.4,0.4,Low
R005,2026-09-03T12:00:00+00:00,67,36.6,1.83,Low
R006,2026-09-03T12:00:00+00:00,100,29.9,3.34,Low
R007,2026-09-03T12:00:00+00:00,114,22.9,4.98,Low
road-001,2026-09-03T12:00:00+00:00,37,41.7,0.89,Low
road-002,2026-09-03T12:00:00+00:00,76,25.4,2.99,Low
road-003,2026-09-03T12:00:00+00:00,113,17.6,6.42,Low
road-004,2026-09-03T12:00:00+00:00,61,29.9,2.04,Low
R001,2026-09-03T13:00:00+00:00,59,57.8,1.02,Low
R002,2026-09-03T13:00:00+00:00,60,41.7,1.44,Low
R003,2026-09-03T13:00:00+00:00,61,47.6,1.28,Low
R004,2026-09-03T13:00:00+00:00,24,64.2,0.37,Low
R005,2026-09-03T13:00:00+00:00,67,38.5,1.74,Low
R006,2026-09-03T13:00:00+00:00,91,32.4,2.81,Low
R007,2026-09-03T13:00:00+00:00,120,21.0,5.71,Low
road-001,2026-09-03T13:00:00+00:00,39,43.1,0.9,Low
road-002,2026-09-03T13:00:00+00:00,77,27.3,2.82,Low
road-003,2026-09-03T13:00:00+00:00,112,18.4,6.09,Low
road-004,2026-09-03T13:00:00+00:00,55,33.5,1.64,Low
R001,2026-09-03T14:00:00+00:00,57,54.8,1.04,Low
R002,2026-09-03T14:00:00+00:00,64,41.4,1.55,Low
R003,2026-09-03T14:00:00+00:00,63,42.6,1.48,Low
R004,2026-09-03T14:00:00+00:00,26,65.4,0.4,Low
R005,2026-09-03T14:00:00+00:00,65,34.2,1.9,Low
R006,2026-09-03T14:00:00+00:00,98,32.7,3.0,Low
R007,2026-09-03T14:00:00+00:00,122,22.8,5.35,Low
road-001,2026-09-03T14:00:00+00:00,42,40.3,1.04,Low
road-002,2026-09-03T14:00:00+00:00,82,26.0,3.15,Low
road-003,2026-09-03T14:00:00+00:00,119,17.9,6.65,Low
road-004,2026-09-03T14:00:00+00:00,54,29.6,1.82,Low
R001,2026-09-03T15:00:00+00:00,72,51.9,1.39,Low
R002,2026-09-03T15:00:00+00:00,84,41.1,2.04,Low
R003,2026-09-03T15:00:00+00:00,74,47.8,1.55,Low
R004,2026-09-03T15:00:00+00:00,36,64.5,0.56,Low
R005,2026-09-03T15:00:00+00:00,80,36.6,2.19,Low
R006,2026-09-03T15:00:00+00:00,104,30.2,3.44,Low
R007,2026-09-03T15:00:00+00:00,141,21.1,6.68,Low
road-001,2026-09-03T15:00:00+00:00,48,41.9,1.15,Low
road-002,2026-09-03T15:00:00+00:00,96,26.8,3.58,Low
road-003,2026-09-03T15:00:00+00:00,121,16.4,7.38,Low
road-004,2026-09-03T15:00:00+00:00,59,33.0,1.79,Low
R001,2026-09-03T16:00:00+00:00,66,59.4,1.11,Low
R002,2026-09-03T16:00:00+00:00,72,37.3,1.93,Low
R003,2026-09-03T16:00:00+00:00,76,47.0,1.62,Low
R004,2026-09-03T16:00:00+00:00,31,61.3,0.51,Low
R005,2026-09-03T16:00:00+00:00,76,37.8,2.01,Low
R006,2026-09-03T16:00:00+00:00,110,29.5,3.73,Low
R007,2026-09-03T16:00:00+00:00,131,22.3,5.87,Low
road-001,2026-09-03T16:00:00+00:00,43,41.5,1.04,Low
road-002,2026-09-03T16:00:00+00:00,93,26.2,3.55,Low
road-003,2026-09-03T16:00:00+00:00,143,16.1,8.88,Low
road-004,2026-09-03T16:00:00+00:00,69,28.4,2.43,Low
R001,2026-09-03T17:00:00+00:00,110,47.4,2.32,Low
R002,2026-09-03T17:00:00+00:00,131,32.6,4.02,Low
R003,2026-09-03T17:00:00+00:00,133,33.7,3.95,Low
R004,2026-09-03T17:00:00+00:00,54,58.1,0.93,Low
R005,2026-09-03T17:00:00+00:00,153,28.1,5.44,Low
R006,2026-09-03T17:00:00+00:00,181,24.2,7.48,Low
R007,2026-09-03T17:00:00+00:00,246,15.8,15.57,Medium
road-001,2026-09-03T17:00:00+00:00,77,36.9,2.09,Low
road-002,2026-09-03T17:00:00+00:00,145,19.5,7.44,Low
road-003,2026-09-03T17:00:00+00:00,241,11.9,20.25,High
road-004,2026-09-03T17:00:00+00:00,116,24.7,4.7,Low
R001,2026-09-03T18:00:00+00:00,140,43.0,3.26,Low
R002,2026-09-03T18:00:00+00:00,170,26.2,6.49,Low
R003,2026-09-03T18:00:00+00:00,138,36.0,3.83,Low
R004,2026-09-03T18:00:00+00:00,63,59.4,1.06,Low
R005,2026-09-03T18:00:00+00:00,162,24.2,6.69,Low
R006,2026-09-03T18:00:00+00:00,259,14.9,17.38,Medium
R007,2026-09-03T18:00:00+00:00,277,13.5,20.52,High
road-001,2026-09-03T18:00:00+00:00,88,37.9,2.32,Low
road-002,2026-09-03T18:00:00+00:00,176,16.6,10.6,Medium
road-003,2026-09-03T18:00:00+00:00,262,10.4,25.19,High
road-004,2026-09-03T18:00:00+00:00,142,18.8,7.55,Low
R001,2026-09-03T19:00:00+00:00,101,54.2,1.86,Low
R002,2026-09-03T19:00:00+00:00,124,33.0,3.76,Low
R003,2026-09-03T19:00:00+00:00,114,36.4,3.13,Low
R004,2026-09-03T19:00:00+00:00,59,58.0,1.02,Low
R005,2026-09-03T19:00:00+00:00,147,27.3,5.38,Low
R006,2026-09-03T19:00:00+00:00,208,20.9,9.95,Low
R007,2026-09-03T19:00:00+00:00,225,16.0,14.06,Medium
road-001,2026-09-03T19:00:00+00:00,87,33.3,2.61,Low
road-002,2026-09-03T19:00:00+00:00,163,20.1,8.11,Low
road-003,2026-09-03T19:00:00+00:00,226,12.7,17.8,Medium
road-004,2026-09-03T19:00:00+00:00,123,21.6,5.69,Low
R001,2026-09-03T20:00:00+00:00,65,54.9,1.18,Low
R002,2026-09-03T20:00:00+00:00,79,39.3,2.01,Low
R003,2026-09-03T20:00:00+00:00,77,41.0,1.88,Low
R004,2026-09-03T20:00:00+00:00,30,63.4,0.47,Low
R005,2026-09-03T20:00:00+00:00,75,34.1,2.2,Low
R006,2026-09-03T20:00:00+00:00,118,29.2,4.04,Low
R007,2026-09-03T20:00:00+00:00,137,22.4,6.12,Low
road-001,2026-09-03T20:00:00+00:00,46,41.2,1.12,Low
road-002,2026-09-03T20:00:00+00:00,92,23.7,3.88,Low
road-003,2026-09-03T20:00:00+00:00,137,17.5,7.83,Low
road-004,2026-09-03T20:00:00+00:00,67,31.6,2.12,Low
R001,2026-09-03T21:00:00+00:00,37,55.5,0.67,Low
R002,2026-09-03T21:00:00+00:00,41,41.0,1.0,Low
R003,2026-09-03T21:00:00+00:00,37,47.7,0.78,Low
R004,2026-09-03T21:00:00+00:00,17,59.7,0.28,Low
R005,2026-09-03T21:00:00+00:00,44,38.9,1.13,Low
R006,2026-09-03T21:00:00+00:00,61,30.9,1.97,Low
R007,2026-09-03T21:00:00+00:00,84,21.4,3.93,Low
road-001,2026-09-03T21:00:00+00:00,27,40.6,0.67,Low
road-002,2026-09-03T21:00:00+00:00,45,29.5,1.53,Low
road-003,2026-09-03T21:00:00+00:00,76,18.8,4.04,Low
road-004,2026-09-03T21:00:00+00:00,36,33.5,1.07,Low
R001,2026-09-03T22:00:00+00:00,25,55.4,0.45,Low
R002,2026-09-03T22:00:00+00:00,29,44.9,0.65,Low
R003,2026-09-03T22:00:00+00:00,29,51.5,0.56,Low
R004,2026-09-03T22:00:00+00:00,13,69.1,0.19,Low
R005,2026-09-03T22:00:00+00:00,33,37.7,0.88,Low
R006,2026-09-03T22:00:00+00:00,46,32.0,1.44,Low
R007,2026-09-03T22:00:00+00:00,58,22.8,2.54,Low
road-001,2026-09-03T22:00:00+00:00,17,46.7,0.36,Low
road-002,2026-09-03T22:00:00+00:00,34,30.2,1.13,Low
road-003,2026-09-03T22:00:00+00:00,52,20.1,2.59,Low
road-004,2026-09-03T22:00:00+00:00,27,36.3,0.74,Low
R001,2026-09-03T23:00:00+00:00,25,60.1,0.42,Low
R002,2026-09-03T23:00:00+00:00,29,40.4,0.72,Low
R003,2026-09-03T23:00:00+00:00,28,51.3,0.55,Low
R004,2026-09-03T23:00:00+00:00,11,61.1,0.18,Low
R005,2026-09-03T23:00:00+00:00,31,37.6,0.82,Low
R006,2026-09-03T23:00:00+00:00,41,31.1,1.32,Low
R007,2026-09-03T23:00:00+00:00,56,24.1,2.32,Low
road-001,2026-09-03T23:00:00+00:00,16,41.7,0.38,Low
road-002,2026-09-03T23:00:00+00:00,34,26.8,1.27,Low
road-003,2026-09-03T23:00:00+00:00,50,18.4,2.72,Low
road-004,2026-09-03T23:00:00+00:00,23,33.2,0.69,Low
R001,2026-09-04T00:00:00+00:00,23,61.2,0.38,Low
R002,2026-09-04T00:00:00+00:00,29,44.2,0.66,Low
R003,2026-09-04T00:00:00+00:00,23,45.5,0.51,Low
R004,2026-09-04T00:00:00+00:00,11,65.6,0.17,Low
R005,2026-09-04T00:00:00+00:00,31,37.4,0.83,Low
R006,2026-09-04T00:00:00+00:00,43,33.6,1.28,Low
R007,2026-09-04T00:00:00+00:00,51,23.2,2.2,Low
road-001,2026-09-04T00:00:00+00:00,17,41.5,0.41,Low
road-002,2026-09-04T00:00:00+00:00,32,28.0,1.14,Low
road-003,2026-09-04T00:00:00+00:00,49,19.2,2.55,Low
road-004,2026-09-04T00:00:00+00:00,24,31.5,0.76,Low
R001,2026-09-04T01:00:00+00:00,23,60.0,0.38,Low
R002,2026-09-04T01:00:00+00:00,25,42.6,0.59,Low
R003,2026-09-04T01:00:00+00:00,24,46.1,0.52,Low
R004,2026-09-04T01:00:00+00:00,11,62.6,0.18,Low
R005,2026-09-04T01:00:00+00:00,27,40.5,0.67,Low
R006,2026-09-04T01:00:00+00:00,39,33.2,1.17,Low
R007,2026-09-04T01:00:00+00:00,54,23.9,2.26,Low
road-001,2026-09-04T01:00:00+00:00,18,46.3,0.39,Low
road-002,2026-09-04T01:00:00+00:00,30,30.8,0.97,Low
road-003,2026-09-04T01:00:00+00:00,43,17.9,2.4,Low
road-004,2026-09-04T01:00:00+00:00,26,35.8,0.73,Low
R001,2026-09-04T02:00:00+00:00,24,59.7,0.4,Low
R002,2026-09-04T02:00:00+00:00,29,43.2,0.67,Low
R003,2026-09-04T02:00:00+00:00,23,45.3,0.51,Low
R004,2026-09-04T02:00:00+00:00,11,67.5,0.16,Low
R005,2026-09-04T02:00:00+00:00,30,40.9,0.73,Low
R006,2026-09-04T02:00:00+00:00,45,31.4,1.43,Low
R007,2026-09-04T02:00:00+00:00,55,22.9,2.4,Low
road-001,2026-09-04T02:00:00+00:00,17,44.4,0.38,Low
road-002,2026-09-04T02:00:00+00:00,32,28.2,1.13,Low
road-003,2026-09-04T02:00:00+00:00,46,18.8,2.45,Low
road-004,2026-09-04T02:00:00+00:00,22,34.2,0.64,Low
R001,2026-09-04T03:00:00+00:00,22,59.3,0.37,Low
R002,2026-09-04T03:00:00+00:00,30,42.6,0.7,Low
R003,2026-09-04T03:00:00+00:00,27,51.2,0.53,Low
R004,2026-09-04T03:00:00+00:00,12,61.6,0.19,Low
R005,2026-09-04T03:00:00+00:00,27,37.1,0.73,Low
R006,2026-09-04T03:00:00+00:00,42,35.1,1.2,Low
R007,2026-09-04T03:00:00+00:00,53,22.7,2.33,Low
road-001,2026-09-04T03:00:00+00:00,17,44.2,0.38,Low
road-002,2026-09-04T03:00:00+00:00,34,30.2,1.13,Low
road-003,2026-09-04T03:00:00+00:00,47,20.6,2.28,Low
road-004,2026-09-04T03:00:00+00:00,24,34.7,0.69,Low
R001,2026-09-04T04:00:00+00:00,24,62.5,0.38,Low
R002,2026-09-04T04:00:00+00:00,28,41.4,0.68,Low
R003,2026-09-04T04:00:00+00:00,23,48.6,0.47,Low
R004,2026-09-04T04:00:00+00:00,11,62.1,0.18,Low
R005,2026-09-04T04:00:00+00:00,27,39.1,0.69,Low
R006,2026-09-04T04:00:00+00:00,40,33.5,1.19,Low
R007,2026-09-04T04:00:00+00:00,47,25.4,1.85,Low
road-001,2026-09-04T04:00:00+00:00,15,46.9,0.32,Low
road-002,2026-09-04T04:00:00+00:00,35,29.4,1.19,Low
road-003,2026-09-04T04:00:00+00:00,48,19.2,2.5,Low
road-004,2026-09-04T04:00:00+00:00,24,35.6,0.67,Low
R001,2026-09-04T05:00:00+00:00,27,58.4,0.46,Low
R002,2026-09-04T05:00:00+00:00,31,44.7,0.69,Low
R003,2026-09-04T05:00:00+00:00,26,48.6,0.53,Low
R004,2026-09-04T05:00:00+00:00,11,59.9,0.18,Low
R005,2026-09-04T05:00:00+00:00,29,41.4,0.7,Low
R006,2026-09-04T05:00:00+00:00,43,34.8,1.24,Low
R007,2026-09-04T05:00:00+00:00,55,22.7,2.42,Low
road-001,2026-09-04T05:00:00+00:00,17,43.8,0.39,Low
road-002,2026-09-04T05:00:00+00:00,34,29.1,1.17,Low
road-003,2026-09-04T05:00:00+00:00,47,18.9,2.49,Low
road-004,2026-09-04T05:00:00+00:00,24,33.5,0.72,Low
R001,2026-09-04T06:00:00+00:00,35,59.2,0.59,Low
R002,2026-09-04T06:00:00+00:00,45,43.6,1.03,Low
R003,2026-09-04T06:00:00+00:00,36,45.0,0.8,Low
R004,2026-09-04T06:00:00+00:00,19,61.5,0.31,Low
R005,2026-09-04T06:00:00+00:00,47,38.7,1.21,Low
R006,2026-09-04T06:00:00+00:00,69,34.2,2.02,Low
R007,2026-09-04T06:00:00+00:00,76,23.5,3.23,Low
road-001,2026-09-04T06:00:00+00:00,24,42.6,0.56,Low
road-002,2026-09-04T06:00:00+00:00,55,28.7,1.92,Low
road-003,2026-09-04T06:00:00+00:00,71,19.0,3.74,Low
road-004,2026-09-04T06:00:00+00:00,39,31.9,1.22,Low
R001,2026-09-04T07:00:00+00:00,70,57.8,1.21,Low
R002,2026-09-04T07:00:00+00:00,89,39.4,2.26,Low
R003,2026-09-04T07:00:00+00:00,83,45.0,1.84,Low
R004,2026-09-04T07:00:00+00:00,37,61.6,0.6,Low
R005,2026-09-04T07:00:00+00:00,92,33.3,2.76,Low
R006,2026-09-04T07:00:00+00:00,122,28.0,4.36,Low
R007,2026-09-04T07:00:00+00:00,146,19.4,7.53,Low
road-001,2026-09-04T07:00:00+00:00,55,40.4,1.36,Low
road-002,2026-09-04T07:00:00+00:00,93,23.8,3.91,Low
road-003,2026-09-04T07:00:00+00:00,132,17.7,7.46,Low
road-004,2026-09-04T07:00:00+00:00,66,31.7,2.08,Low
R001,2026-09-04T08:00:00+00:00,125,51.7,2.42,Low
R002,2026-09-04T08:00:00+00:00,124,33.1,3.75,Low
R003,2026-09-04T08:00:00+00:00,134,34.1,3.93,Low
R004,2026-09-04T08:00:00+00:00,57,54.9,1.04,Low
R005,2026-09-04T08:00:00+00:00,157,27.2,5.77,Low
R006,2026-09-04T08:00:00+00:00,218,18.8,11.6,Medium
R007,2026-09-04T08:00:00+00:00,252,14.1,17.87,Medium
road-001,2026-09-04T08:00:00+00:00,86,34.6,2.49,Low
road-002,2026-09-04T08:00:00+00:00,160,18.6,8.6,Low
road-003,2026-09-04T08:00:00+00:00,247,11.6,21.29,High
road-004,2026-09-04T08:00:00+00:00,118,23.2,5.09,Low
R001,2026-09-04T09:00:00+00:00,125,48.5,2.58,Low
R002,2026-09-04T09:00:00+00:00,146,30.3,4.82,Low
R003,2026-09-04T09:00:00+00:00,139,38.2,3.64,Low
R004,2026-09-04T09:00:00+00:00,58,55.9,1.04,Low
R005,2026-09-04T09:00:00+00:00,143,28.0,5.11,Low
R006,2026-09-04T09:00:00+00:00,225,20.1,11.19,Medium
R007,2026-09-04T09:00:00+00:00,270,12.4,21.77,High
road-001,2026-09-04T09:00:00+00:00,79,38.0,2.08,Low
road-002,2026-09-04T09:00:00+00:00,174,18.0,9.67,Low
road-003,2026-09-04T09:00:00+00:00,216,13.9,15.54,Medium
road-004,2026-09-04T09:00:00+00:00,126,22.0,5.73,Low
R001,2026-09-04T10:00:00+00:00,107,49.2,2.17,Low
R002,2026-09-04T10:00:00+00:00,128,31.6,4.05,Low
R003,2026-09-04T10:00:00+00:00,109,42.8,2.55,Low
R004,2026-09-04T10:00:00+00:00,48,59.2,0.81,Low
R005,2026-09-04T10:00:00+00:00,123,28.0,4.39,Low
R006,2026-09-04T10:00:00+00:00,162,25.3,6.4,Low
R007,2026-09-04T10:00:00+00:00,209,18.3,11.42,Medium
road-001,2026-09-04T10:00:00+00:00,70,35.6,1.97,Low
road-002,2026-09-04T10:00:00+00:00,152,21.1,7.2,Low
road-003,2026-09-04T10:00:00+00:00,210,14.1,14.89,Medium
road-004,2026-09-04T10:00:00+00:00,94,26.2,3.59,Low
R001,2026-09-04T11:00:00+00:00,71,56.9,1.25,Low
R002,2026-09-04T11:00:00+00:00,72,41.5,1.73,Low
R003,2026-09-04T11:00:00+00:00,71,41.2,1.72,Low
R004,2026-09-04T11:00:00+00:00,30,59.9,0.5,Low
R005,2026-09-04T11:00:00+00:00,88,34.4,2.56,Low
R006,2026-09-04T11:00:00+00:00,122,28.8,4.24,Low
R007,2026-09-04T11:00:00+00:00,133,20.2,6.58,Low
road-001,2026-09-04T11:00:00+00:00,45,38.6,1.17,Low
road-002,2026-09-04T11:00:00+00:00,90,26.7,3.37,Low
road-003,2026-09-04T11:00:00+00:00,132,15.7,8.41,Low
road-004,2026-09-04T11:00:00+00:00,72,30.2,2.38,Low
R001,2026-09-04T12:00:00+00:00,50,57.3,0.87,Low
R002,2026-09-04T12:00:00+00:00,61,38.9,1.57,Low
R003,2026-09-04T12:00:00+00:00,59,46.8,1.26,Low
R004,2026-09-04T12:00:00+00:00,26,62.0,0.42,Low
R005,2026-09-04T12:00:00+00:00,71,33.4,2.13,Low
R006,2026-09-04T12:00:00+00:00,106,27.8,3.81,Low
R007,2026-09-04T12:00:00+00:00,121,21.5,5.63,Low
road-001,2026-09-04T12:00:00+00:00,43,42.2,1.02,Low
road-002,2026-09-04T12:00:00+00:00,74,26.5,2.79,Low
road-003,2026-09-04T12:00:00+00:00,114,18.7,6.1,Low
road-004,2026-09-04T12:00:00+00:00,52,29.3,1.77,Low
R001,2026-09-04T13:00:00+00:00,57,55.1,1.03,Low
R002,2026-09-04T13:00:00+00:00,66,41.6,1.59,Low
R003,2026-09-04T13:00:00+00:00,62,47.4,1.31,Low
R004,2026-09-04T13:00:00+00:00,26,58.3,0.45,Low
R005,2026-09-04T13:00:00+00:00,68,37.8,1.8,Low
R006,2026-09-04T13:00:00+00:00,88,32.5,2.71,Low
R007,2026-09-04T13:00:00+00:00,116,22.3,5.2,Low
road-001,2026-09-04T13:00:00+00:00,39,44.4,0.88,Low
road-002,2026-09-04T13:00:00+00:00,68,28.2,2.41,Low
road-003,2026-09-04T13:00:00+00:00,107,17.1,6.26,Low
road-004,2026-09-04T13:00:00+00:00,49,30.5,1.61,Low
R001,2026-09-04T14:00:00+00:00,50,61.1,0.82,Low
R002,2026-09-04T14:00:00+00:00,65,44.0,1.48,Low
R003,2026-09-04T14:00:00+00:00,61,44.0,1.39,Low
R004,2026-09-04T14:00:00+00:00,29,59.4,0.49,Low
R005,2026-09-04T14:00:00+00:00,68,37.6,1.81,Low
R006,2026-09-04T14:00:00+00:00,105,29.1,3.61,Low
R007,2026-09-04T14:00:00+00:00,112,21.4,5.23,Low
road-001,2026-09-04T14:00:00+00:00,42,43.6,0.96,Low
road-002,2026-09-04T14:00:00+00:00,83,25.5,3.25,Low
road-003,2026-09-04T14:00:00+00:00,122,17.1,7.13,Low
road-004,2026-09-04T14:00:00+00:00,56,33.5,1.67,Low
R001,2026-09-04T15:00:00+00:00,66,58.3,1.13,Low
R002,2026-09-04T15:00:00+00:00,80,36.7,2.18,Low
R003,2026-09-04T15:00:00+00:00,72,46.9,1.54,Low
R004,2026-09-04T15:00:00+00:00,33,60.2,0.55,Low
R005,2026-09-04T15:00:00+00:00,75,36.3,2.07,Low
R006,2026-09-04T15:00:00+00:00,111,30.0,3.7,Low
R007,2026-09-04T15:00:00+00:00,140,21.2,6.6,Low
road-001,2026-09-04T15:00:00+00:00,45,38.6,1.17,Low
road-002,2026-09-04T15:00:00+00:00,97,24.3,3.99,Low
road-003,2026-09-04T15:00:00+00:00,145,15.7,9.24,Low
road-004,2026-09-04T15:00:00+00:00,72,31.8,2.26,Low
R001,2026-09-04T16:00:00+00:00,60,57.5,1.04,Low
R002,2026-09-04T16:00:00+00:00,74,41.9,1.77,Low
R003,2026-09-04T16:00:00+00:00,73,47.7,1.53,Low
R004,2026-09-04T16:00:00+00:00,30,63.4,0.47,Low
R005,2026-09-04T16:00:00+00:00,87,31.7,2.74,Low
R006,2026-09-04T16:00:00+00:00,105,31.3,3.35,Low
R007,2026-09-04T16:00:00+00:00,139,20.2,6.88,Low
road-001,2026-09-04T16:00:00+00:00,47,42.1,1.12,Low
road-002,2026-09-04T16:00:00+00:00,93,27.0,3.44,Low
road-003,2026-09-04T16:00:00+00:00,128,17.6,7.27,Low
road-004,2026-09-04T16:00:00+00:00,66,30.5,2.16,Low
R001,2026-09-04T17:00:00+00:00,110,51.9,2.12,Low
R002,2026-09-04T17:00:00+00:00,124,31.9,3.89,Low
R003,2026-09-04T17:00:00+00:00,127,37.3,3.4,Low
R004,2026-09-04T17:00:00+00:00,55,59.0,0.93,Low
R005,2026-09-04T17:00:00+00:00,134,27.9,4.8,Low
R006,2026-09-04T17:00:00+00:00,195,23.9,8.16,Low
R007,2026-09-04T17:00:00+00:00,233,16.5,14.12,Medium
road-001,2026-09-04T17:00:00+00:00,79,34.9,2.26,Low
road-002,2026-09-04T17:00:00+00:00,166,18.5,8.97,Low
road-003,2026-09-04T17:00:00+00:00,243,11.8,20.59,High
road-004,2026-09-04T17:00:00+00:00,103,26.7,3.86,Low
R001,2026-09-04T18:00:00+00:00,147,44.3,3.32,Low
R002,2026-09-04T18:00:00+00:00,156,27.4,5.69,Low
R003,2026-09-04T18:00:00+00:00,150,35.8,4.19,Low
R004,2026-09-04T18:00:00+00:00,73,56.8,1.29,Low
R005,2026-09-04T18:00:00+00:00,187,22.4,8.35,Low
R006,2026-09-04T18:00:00+00:00,255,15.8,16.14,Medium
R007,2026-09-04T18:00:00+00:00,276,12.1,22.81,High
road-001,2026-09-04T18:00:00+00:00,90,37.1,2.43,Low
road-002,2026-09-04T18:00:00+00:00,171,18.3,9.34,Low
road-003,2026-09-04T18:00:00+00:00,268,11.1,24.14,High
road-004,2026-09-04T18:00:00+00:00,139,21.2,6.56,Low
R001,2026-09-04T19:00:00+00:00,103,50.0,2.06,Low
R002,2026-09-04T19:00:00+00:00,144,32.3,4.46,Low
R003,2026-09-04T19:00:00+00:00,122,39.7,3.07,Low
R004,2026-09-04T19:00:00+00:00,60,53.6,1.12,Low
R005,2026-09-04T19:00:00+00:00,154,27.1,5.68,Low
R006,2026-09-04T19:00:00+00:00,195,22.8,8.55,Low
R007,2026-09-04T19:00:00+00:00,236,16.2,14.57,Medium
road-001,2026-09-04T19:00:00+00:00,84,37.2,2.26,Low
road-002,2026-09-04T19:00:00+00:00,145,22.3,6.5,Low
road-003,2026-09-04T19:00:00+00:00,222,13.8,16.09,Medium
road-004,2026-09-04T19:00:00+00:00,102,24.5,4.16,Low
R001,2026-09-04T20:00:00+00:00,61,53.1,1.15,Low
R002,2026-09-04T20:00:00+00:00,74,41.3,1.79,Low
R003,2026-09-04T20:00:00+00:00,69,48.1,1.43,Low
R004,2026-09-04T20:00:00+00:00,35,65.1,0.54,Low
R005,2026-09-04T20:00:00+00:00,78,35.9,2.17,Low
R006,2026-09-04T20:00:00+00:00,116,27.4,4.23,Low
R007,2026-09-04T20:00:00+00:00,137,20.8,6.59,Low
road-001,2026-09-04T20:00:00+00:00,46,39.3,1.17,Low
road-002,2026-09-04T20:00:00+00:00,98,23.5,4.17,Low
road-003,2026-09-04T20:00:00+00:00,136,17.2,7.91,Low
road-004,2026-09-04T20:00:00+00:00,67,31.9,2.1,Low
R001,2026-09-04T21:00:00+00:00,36,61.3,0.59,Low
R002,2026-09-04T21:00:00+00:00,38,40.0,0.95,Low
R003,2026-09-04T21:00:00+00:00,40,48.3,0.83,Low
R004,2026-09-04T21:00:00+00:00,18,66.5,0.27,Low
R005,2026-09-04T21:00:00+00:00,44,38.8,1.13,Low
R006,2026-09-04T21:00:00+00:00,63,33.3,1.89,Low
R007,2026-09-04T21:00:00+00:00,74,25.0,2.96,Low
road-001,2026-09-04T21:00:00+00:00,25,45.7,0.55,Low
road-002,2026-09-04T21:00:00+00:00,51,27.2,1.88,Low
road-003,2026-09-04T21:00:00+00:00,65,17.6,3.69,Low
road-004,2026-09-04T21:00:00+00:00,35,33.1,1.06,Low
R001,2026-09-04T22:00:00+00:00,24,60.1,0.4,Low
R002,2026-09-04T22:00:00+00:00,29,45.3,0.64,Low
R003,2026-09-04T22:00:00+00:00,29,51.4,0.56,Low
R004,2026-09-04T22:00:00+00:00,14,60.4,0.23,Low
R005,2026-09-04T22:00:00+00:00,31,39.2,0.79,Low
R006,2026-09-04T22:00:00+00:00,44,33.4,1.32,Low
R007,2026-09-04T22:00:00+00:00,53,23.0,2.3,Low
road-001,2026-09-04T22:00:00+00:00,16,42.8,0.37,Low
road-002,2026-09-04T22:00:00+00:00,35,29.4,1.19,Low
road-003,2026-09-04T22:00:00+00:00,49,20.4,2.4,Low
road-004,2026-09-04T22:00:00+00:00,24,33.0,0.73,Low
R001,2026-09-04T23:00:00+00:00,24,57.3,0.42,Low
R002,2026-09-04T23:00:00+00:00,29,43.7,0.66,Low
R003,2026-09-04T23:00:00+00:00,26,48.8,0.53,Low
R004,2026-09-04T23:00:00+00:00,11,59.5,0.18,Low
R005,2026-09-04T23:00:00+00:00,32,38.8,0.82,Low
R006,2026-09-04T23:00:00+00:00,46,32.0,1.44,Low
R007,2026-09-04T23:00:00+00:00,50,22.3,2.24,Low
road-001,2026-09-04T23:00:00+00:00,17,46.9,0.36,Low
road-002,2026-09-04T23:00:00+00:00,34,28.8,1.18,Low
road-003,2026-09-04T23:00:00+00:00,48,20.4,2.35,Low
road-004,2026-09-04T23:00:00+00:00,23,36.1,0.64,Low
R001,2026-09-05T00:00:00+00:00,43,60.2,0.71,Low
R002,2026-09-05T00:00:00+00:00,47,41.8,1.12,Low
R003,2026-09-05T00:00:00+00:00,46,44.9,1.02,Low
R004,2026-09-05T00:00:00+00:00,21,59.1,0.36,Low
R005,2026-09-05T00:00:00+00:00,52,38.9,1.34,Low
R006,2026-09-05T00:00:00+00:00,70,34.8,2.01,Low
R007,2026-09-05T00:00:00+00:00,94,21.2,4.43,Low
road-001,2026-09-05T00:00:00+00:00,32,42.3,0.76,Low
road-002,2026-09-05T00:00:00+00:00,61,26.8,2.28,Low
road-003,2026-09-05T00:00:00+00:00,91,18.9,4.81,Low
road-004,2026-09-05T00:00:00+00:00,39,32.9,1.19,Low
R001,2026-09-05T01:00:00+00:00,42,53.6,0.78,Low
R002,2026-09-05T01:00:00+00:00,45,41.5,1.08,Low
R003,2026-09-05T01:00:00+00:00,45,47.0,0.96,Low
R004,2026-09-05T01:00:00+00:00,21,63.6,0.33,Low
R005,2026-09-05T01:00:00+00:00,50,38.2,1.31,Low
R006,2026-09-05T01:00:00+00:00,68,34.9,1.95,Low
R007,2026-09-05T01:00:00+00:00,95,21.8,4.36,Low
road-001,2026-09-05T01:00:00+00:00,28,45.6,0.61,Low
road-002,2026-09-05T01:00:00+00:00,58,28.6,2.03,Low
road-003,2026-09-05T01:00:00+00:00,80,19.4,4.12,Low
road-004,2026-09-05T01:00:00+00:00,40,33.7,1.19,Low
R001,2026-09-05T02:00:00+00:00,46,58.2,0.79,Low
R002,2026-09-05T02:00:00+00:00,51,43.6,1.17,Low
R003,2026-09-05T02:00:00+00:00,47,43.6,1.08,Low
R004,2026-09-05T02:00:00+00:00,20,68.3,0.29,Low
R005,2026-09-05T02:00:00+00:00,55,38.8,1.42,Low
R006,2026-09-05T02:00:00+00:00,74,33.1,2.24,Low
R007,2026-09-05T02:00:00+00:00,92,21.4,4.3,Low
road-001,2026-09-05T02:00:00+00:00,30,44.0,0.68,Low
road-002,2026-09-05T02:00:00+00:00,61,25.9,2.36,Low
road-003,2026-09-05T02:00:00+00:00,87,16.9,5.15,Low
road-004,2026-09-05T02:00:00+00:00,45,30.4,1.48,Low
R001,2026-09-05T03:00:00+00:00,38,56.4,0.67,Low
R002,2026-09-05T03:00:00+00:00,45,43.9,1.03,Low
R003,2026-09-05T03:00:00+00:00,44,49.5,0.89,Low
R004,2026-09-05T03:00:00+00:00,22,67.1,0.33,Low
R005,2026-09-05T03:00:00+00:00,55,34.5,1.59,Low
R006,2026-09-05T03:00:00+00:00,68,30.8,2.21,Low
R007,2026-09-05T03:00:00+00:00,88,23.4,3.76,Low
road-001,2026-09-05T03:00:00+00:00,29,42.0,0.69,Low
road-002,2026-09-05T03:00:00+00:00,54,29.7,1.82,Low
road-003,2026-09-05T03:00:00+00:00,81,18.0,4.5,Low
road-004,2026-09-05T03:00:00+00:00,44,33.6,1.31,Low
R001,2026-09-05T04:00:00+00:00,43,59.5,0.72,Low
R002,2026-09-05T04:00:00+00:00,50,40.1,1.25,Low
R003,2026-09-05T04:00:00+00:00,43,47.9,0.9,Low
R004,2026-09-05T04:00:00+00:00,19,68.5,0.28,Low
R005,2026-09-05T04:00:00+00:00,50,36.2,1.38,Low
R006,2026-09-05T04:00:00+00:00,69,33.4,2.07,Low
R007,2026-09-05T04:00:00+00:00,88,22.2,3.96,Low
road-001,2026-09-05T04:00:00+00:00,32,45.0,0.71,Low
road-002,2026-09-05T04:00:00+00:00,55,26.1,2.11,Low
road-003,2026-09-05T04:00:00+00:00,87,17.9,4.86,Low
road-004,2026-09-05T04:00:00+00:00,46,33.9,1.36,Low
R001,2026-09-05T05:00:00+00:00,46,60.3,0.76,Low
R002,2026-09-05T05:00:00+00:00,47,41.0,1.15,Low
R003,2026-09-05T05:00:00+00:00,48,45.9,1.05,Low
R004,2026-09-05T05:00:00+00:00,21,61.0,0.34,Low
R005,2026-09-05T05:00:00+00:00,53,35.5,1.49,Low
R006,2026-09-05T05:00:00+00:00,75,34.2,2.19,Low
R007,2026-09-05T05:00:00+00:00,96,21.2,4.53,Low
road-001,2026-09-05T05:00:00+00:00,31,43.7,0.71,Low
road-002,2026-09-05T05:00:00+00:00,55,28.6,1.92,Low
road-003,2026-09-05T05:00:00+00:00,86,18.7,4.6,Low
road-004,2026-09-05T05:00:00+00:00,39,32.4,1.2,Low
R001,2026-09-05T06:00:00+00:00,46,53.8,0.86,Low
R002,2026-09-05T06:00:00+00:00,54,38.5,1.4,Low
R003,2026-09-05T06:00:00+00:00,48,50.3,0.95,Low
R004,2026-09-05T06:00:00+00:00,21,67.9,0.31,Low
R005,2026-09-05T06:00:00+00:00,59,36.7,1.61,Low
R006,2026-09-05T06:00:00+00:00,72,34.5,2.09,Low
R007,2026-09-05T06:00:00+00:00,92,23.2,3.97,Low
road-001,2026-09-05T06:00:00+00:00,33,40.1,0.82,Low
road-002,2026-09-05T06:00:00+00:00,61,27.6,2.21,Low
road-003,2026-09-05T06:00:00+00:00,92,19.4,4.74,Low
road-004,2026-09-05T06:00:00+00:00,47,30.5,1.54,Low
R001,2026-09-05T07:00:00+00:00,50,54.2,0.92,Low
R002,2026-09-05T07:00:00+00:00,59,44.7,1.32,Low
R003,2026-09-05T07:00:00+00:00,50,46.8,1.07,Low
R004,2026-09-05T07:00:00+00:00,25,67.6,0.37,Low
R005,2026-09-05T07:00:00+00:00,63,38.7,1.63,Low
R006,2026-09-05T07:00:00+00:00,74,32.3,2.29,Low
R007,2026-09-05T07:00:00+00:00,94,24.3,3.87,Low
road-001,2026-09-05T07:00:00+00:00,31,46.4,0.67,Low
road-002,2026-09-05T07:00:00+00:00,65,27.2,2.39,Low
road-003,2026-09-05T07:00:00+00:00,102,18.8,5.43,Low
road-004,2026-09-05T07:00:00+00:00,46,30.7,1.5,Low
R001,2026-09-05T08:00:00+00:00,48,54.2,0.89,Low
R002,2026-09-05T08:00:00+00:00,60,39.7,1.51,Low
R003,2026-09-05T08:00:00+00:00,53,48.3,1.1,Low
R004,2026-09-05T08:00:00+00:00,27,63.4,0.43,Low
R005,2026-09-05T08:00:00+00:00,69,34.1,2.02,Low
R006,2026-09-05T08:00:00+00:00,98,32.4,3.02,Low
R007,2026-09-05T08:00:00+00:00,121,21.5,5.63,Low
road-001,2026-09-05T08:00:00+00:00,34,44.0,0.77,Low
road-002,2026-09-05T08:00:00+00:00,67,25.5,2.63,Low
road-003,2026-09-05T08:00:00+00:00,101,17.1,5.91,Low
road-004,2026-09-05T08:00:00+00:00,50,30.6,1.63,Low
R001,2026-09-05T09:00:00+00:00,64,59.9,1.07,Low
R002,2026-09-05T09:00:00+00:00,68,42.0,1.62,Low
R003,2026-09-05T09:00:00+00:00,60,47.0,1.28,Low
R004,2026-09-05T09:00:00+00:00,31,57.9,0.54,Low
R005,2026-09-05T09:00:00+00:00,70,34.7,2.02,Low
R006,2026-09-05T09:00:00+00:00,105,29.9,3.51,Low
R007,2026-09-05T09:00:00+00:00,143,21.1,6.78,Low
road-001,2026-09-05T09:00:00+00:00,41,39.5,1.04,Low
road-002,2026-09-05T09:00:00+00:00,91,24.6,3.7,Low
road-003,2026-09-05T09:00:00+00:00,125,16.2,7.72,Low
road-004,2026-09-05T09:00:00+00:00,56,29.6,1.89,Low
R001,2026-09-05T10:00:00+00:00,77,55.5,1.39,Low
R002,2026-09-05T10:00:00+00:00,84,39.2,2.14,Low
R003,2026-09-05T10:00:00+00:00,79,44.0,1.8,Low
R004,2026-09-05T10:00:00+00:00,38,58.5,0.65,Low
R005,2026-09-05T10:00:00+00:00,87,35.6,2.44,Low
R006,2026-09-05T10:00:00+00:00,139,25.4,5.47,Low
R007,2026-09-05T10:00:00+00:00,158,20.3,7.78,Low
road-001,2026-09-05T10:00:00+00:00,48,41.7,1.15,Low
road-002,2026-09-05T10:00:00+00:00,92,25.5,3.61,Low
road-003,2026-09-05T10:00:00+00:00,148,16.3,9.08,Low
road-004,2026-09-05T10:00:00+00:00,68,29.3,2.32,Low
R001,2026-09-05T11:00:00+00:00,89,49.9,1.78,Low
R002,2026-09-05T11:00:00+00:00,98,37.8,2.59,Low
R003,2026-09-05T11:00:00+00:00,88,42.8,2.06,Low
R004,2026-09-05T11:00:00+00:00,47,59.4,0.79,Low
R005,2026-09-05T11:00:00+00:00,111,31.5,3.52,Low
R006,2026-09-05T11:00:00+00:00,142,26.9,5.28,Low
R007,2026-09-05T11:00:00+00:00,205,17.8,11.52,Medium
road-001,2026-09-05T11:00:00+00:00,61,41.7,1.46,Low
road-002,2026-09-05T11:00:00+00:00,128,22.6,5.66,Low
road-003,2026-09-05T11:00:00+00:00,162,15.2,10.66,Medium
road-004,2026-09-05T11:00:00+00:00,81,31.0,2.61,Low
R001,2026-09-05T12:00:00+00:00,113,46.8,2.41,Low
R002,2026-09-05T12:00:00+00:00,132,30.4,4.34,Low
R003,2026-09-05T12:00:00+00:00,111,41.4,2.68,Low
R004,2026-09-05T12:00:00+00:00,55,62.9,0.87,Low
R005,2026-09-05T12:00:00+00:00,134,28.6,4.69,Low
R006,2026-09-05T12:00:00+00:00,200,21.3,9.39,Low
R007,2026-09-05T12:00:00+00:00,243,15.8,15.38,Medium
road-001,2026-09-05T12:00:00+00:00,72,39.3,1.83,Low
road-002,2026-09-05T12:00:00+00:00,148,20.6,7.18,Low
road-003,2026-09-05T12:00:00+00:00,215,12.9,16.67,Medium
road-004,2026-09-05T12:00:00+00:00,97,26.9,3.61,Low
R001,2026-09-05T13:00:00+00:00,116,51.7,2.24,Low
R002,2026-09-05T13:00:00+00:00,127,30.9,4.11,Low
R003,2026-09-05T13:00:00+00:00,113,38.1,2.97,Low
R004,2026-09-05T13:00:00+00:00,59,58.1,1.02,Low
R005,2026-09-05T13:00:00+00:00,145,29.1,4.98,Low
R006,2026-09-05T13:00:00+00:00,192,21.9,8.77,Low
R007,2026-09-05T13:00:00+00:00,239,16.2,14.75,Medium
road-001,2026-09-05T13:00:00+00:00,85,34.0,2.5,Low
road-002,2026-09-05T13:00:00+00:00,169,18.1,9.34,Low
road-003,2026-09-05T13:00:00+00:00,243,12.6,19.29,Medium
road-004,2026-09-05T13:00:00+00:00,104,24.6,4.23,Low
R001,2026-09-05T14:00:00+00:00,110,46.9,2.35,Low
R002,2026-09-05T14:00:00+00:00,142,32.5,4.37,Low
R003,2026-09-05T14:00:00+00:00,118,40.1,2.94,Low
R004,2026-09-05T14:00:00+00:00,58,55.4,1.05,Low
R005,2026-09-05T14:00:00+00:00,141,29.8,4.73,Low
R006,2026-09-05T14:00:00+00:00,191,22.6,8.45,Low
R007,2026-09-05T14:00:00+00:00,249,15.2,16.38,Medium
road-001,2026-09-05T14:00:00+00:00,88,34.8,2.53,Low
road-002,2026-09-05T14:00:00+00:00,168,18.9,8.89,Low
road-003,2026-09-05T14:00:00+00:00,231,12.1,19.09,Medium
road-004,2026-09-05T14:00:00+00:00,111,25.5,4.35,Low
R001,2026-09-05T15:00:00+00:00,109,49.2,2.22,Low
R002,2026-09-05T15:00:00+00:00,123,36.6,3.36,Low
R003,2026-09-05T15:00:00+00:00,134,38.7,3.46,Low
R004,2026-09-05T15:00:00+00:00,59,57.0,1.04,Low
R005,2026-09-05T15:00:00+00:00,144,29.9,4.82,Low
R006,2026-09-05T15:00:00+00:00,220,20.2,10.89,Medium
R007,2026-09-05T15:00:00+00:00,265,13.1,20.23,High
road-001,2026-09-05T15:00:00+00:00,80,35.0,2.29,Low
road-002,2026-09-05T15:00:00+00:00,155,20.6,7.52,Low
road-003,2026-09-05T15:00:00+00:00,230,13.2,17.42,Medium
road-004,2026-09-05T15:00:00+00:00,111,25.7,4.32,Low
R001,2026-09-05T16:00:00+00:00,110,54.0,2.04,Low
R002,2026-09-05T16:00:00+00:00,123,36.7,3.35,Low
R003,2026-09-05T16:00:00+00:00,114,36.9,3.09,Low
R004,2026-09-05T16:00:00+00:00,49,56.7,0.86,Low
R005,2026-09-05T16:00:00+00:00,134,31.0,4.32,Low
R006,2026-09-05T16:00:00+00:00,195,20.7,9.42,Low
R007,2026-09-05T16:00:00+00:00,236,14.6,16.16,Medium
road-001,2026-09-05T16:00:00+00:00,70,39.5,1.77,Low
road-002,2026-09-05T16:00:00+00:00,146,21.9,6.67,Low
road-003,2026-09-05T16:00:00+00:00,195,14.8,13.18,Medium
road-004,2026-09-05T16:00:00+00:00,109,25.4,4.29,Low
R001,2026-09-05T17:00:00+00:00,88,56.5,1.56,Low
R002,2026-09-05T17:00:00+00:00,100,39.7,2.52,Low
R003,2026-09-05T17:00:00+00:00,87,45.8,1.9,Low
R004,2026-09-05T17:00:00+00:00,48,56.0,0.86,Low
R005,2026-09-05T17:00:00+00:00,122,30.4,4.01,Low
R006,2026-09-05T17:00:00+00:00,148,27.0,5.48,Low
R007,2026-09-05T17:00:00+00:00,182,19.7,9.24,Low
road-001,2026-09-05T17:00:00+00:00,63,41.2,1.53,Low
road-002,2026-09-05T17:00:00+00:00,119,23.2,5.13,Low
road-003,2026-09-05T17:00:00+00:00,173,14.6,11.85,Medium
road-004,2026-09-05T17:00:00+00:00,89,27.7,3.21,Low
R001,2026-09-05T18:00:00+00:00,68,59.7,1.14,Low
R002,2026-09-05T18:00:00+00:00,85,40.9,2.08,Low
R003,2026-09-05T18:00:00+00:00,86,42.1,2.04,Low
R004,2026-09-05T18:00:00+00:00,36,62.1,0.58,Low
R005,2026-09-05T18:00:00+00:00,87,32.3,2.69,Low
R006,2026-09-05T18:00:00+00:00,123,30.6,4.02,Low
R007,2026-09-05T18:00:00+00:00,163,19.2,8.49,Low
road-001,2026-09-05T18:00:00+00:00,48,40.2,1.19,Low
road-002,2026-09-05T18:00:00+00:00,99,26.1,3.79,Low
road-003,2026-09-05T18:00:00+00:00,148,16.5,8.97,Low
road-004,2026-09-05T18:00:00+00:00,76,28.1,2.7,Low
R001,2026-09-05T19:00:00+00:00,65,59.9,1.09,Low
R002,2026-09-05T19:00:00+00:00,73,40.0,1.82,Low
R003,2026-09-05T19:00:00+00:00,62,47.8,1.3,Low
R004,2026-09-05T19:00:00+00:00,28,64.8,0.43,Low
R005,2026-09-05T19:00:00+00:00,76,37.7,2.02,Low
R006,2026-09-05T19:00:00+00:00,108,30.4,3.55,Low
R007,2026-09-05T19:00:00+00:00,121,19.8,6.11,Low
road-001,2026-09-05T19:00:00+00:00,46,44.5,1.03,Low
road-002,2026-09-05T19:00:00+00:00,87,26.8,3.25,Low
road-003,2026-09-05T19:00:00+00:00,120,18.1,6.63,Low
road-004,2026-09-05T19:00:00+00:00,58,32.2,1.8,Low
R001,2026-09-05T20:00:00+00:00,47,57.4,0.82,Low
R002,2026-09-05T20:00:00+00:00,59,42.2,1.4,Low
R003,2026-09-05T20:00:00+00:00,58,46.9,1.24,Low
R004,2026-09-05T20:00:00+00:00,26,62.7,0.41,Low
R005,2026-09-05T20:00:00+00:00,59,37.1,1.59,Low
R006,2026-09-05T20:00:00+00:00,82,31.6,2.59,Low
R007,2026-09-05T20:00:00+00:00,108,23.7,4.56,Low
road-001,2026-09-05T20:00:00+00:00,33,45.0,0.73,Low
road-002,2026-09-05T20:00:00+00:00,74,27.9,2.65,Low
road-003,2026-09-05T20:00:00+00:00,113,16.3,6.93,Low
road-004,2026-09-05T20:00:00+00:00,48,30.3,1.58,Low
R001,2026-09-05T21:00:00+00:00,44,57.9,0.76,Low
R002,2026-09-05T21:00:00+00:00,58,39.9,1.45,Low
R003,2026-09-05T21:00:00+00:00,50,45.9,1.09,Low
R004,2026-09-05T21:00:00+00:00,23,63.9,0.36,Low
R005,2026-09-05T21:00:00+00:00,64,34.8,1.84,Low
R006,2026-09-05T21:00:00+00:00,85,33.0,2.58,Low
R007,2026-09-05T21:00:00+00:00,105,23.4,4.49,Low
road-001,2026-09-05T21:00:00+00:00,35,39.9,0.88,Low
road-002,2026-09-05T21:00:00+00:00,63,27.6,2.28,Low
road-003,2026-09-05T21:00:00+00:00,85,16.9,5.03,Low
road-004,2026-09-05T21:00:00+00:00,44,32.5,1.35,Low
R001,2026-09-05T22:00:00+00:00,43,60.3,0.71,Low
R002,2026-09-05T22:00:00+00:00,52,44.4,1.17,Low
R003,2026-09-05T22:00:00+00:00,44,47.6,0.92,Low
R004,2026-09-05T22:00:00+00:00,20,60.6,0.33,Low
R005,2026-09-05T22:00:00+00:00,59,39.1,1.51,Low
R006,2026-09-05T22:00:00+00:00,77,29.5,2.61,Low
R007,2026-09-05T22:00:00+00:00,87,24.4,3.57,Low
road-001,2026-09-05T22:00:00+00:00,33,43.3,0.76,Low
road-002,2026-09-05T22:00:00+00:00,55,29.7,1.85,Low
road-003,2026-09-05T22:00:00+00:00,85,19.7,4.31,Low
road-004,2026-09-05T22:00:00+00:00,44,33.8,1.3,Low
R001,2026-09-05T23:00:00+00:00,44,56.7,0.78,Low
R002,2026-09-05T23:00:00+00:00,45,40.3,1.12,Low
R003,2026-09-05T23:00:00+00:00,44,50.0,0.88,Low
R004,2026-09-05T23:00:00+00:00,20,67.6,0.3,Low
R005,2026-09-05T23:00:00+00:00,51,39.0,1.31,Low
R006,2026-09-05T23:00:00+00:00,69,34.8,1.98,Low
R007,2026-09-05T23:00:00+00:00,97,22.4,4.33,Low
road-001,2026-09-05T23:00:00+00:00,33,39.8,0.83,Low
road-002,2026-09-05T23:00:00+00:00,58,29.2,1.99,Low
road-003,2026-09-05T23:00:00+00:00,82,19.2,4.27,Low
road-004,2026-09-05T23:00:00+00:00,46,31.8,1.45,Low
R001,2026-09-06T00:00:00+00:00,44,53.3,0.83,Low
R002,2026-09-06T00:00:00+00:00,46,45.9,1.0,Low
R003,2026-09-06T00:00:00+00:00,45,46.2,0.97,Low
R004,2026-09-06T00:00:00+00:00,22,62.6,0.35,Low
R005,2026-09-06T00:00:00+00:00,54,38.1,1.42,Low
R006,2026-09-06T00:00:00+00:00,67,33.0,2.03,Low
R007,2026-09-06T00:00:00+00:00,96,23.3,4.12,Low
road-001,2026-09-06T00:00:00+00:00,27,41.0,0.66,Low
road-002,2026-09-06T00:00:00+00:00,60,28.1,2.14,Low
road-003,2026-09-06T00:00:00+00:00,88,17.7,4.97,Low
road-004,2026-09-06T00:00:00+00:00,38,30.4,1.25,Low
R001,2026-09-06T01:00:00+00:00,40,56.7,0.71,Low
R002,2026-09-06T01:00:00+00:00,46,40.0,1.15,Low
R003,2026-09-06T01:00:00+00:00,42,47.2,0.89,Low
R004,2026-09-06T01:00:00+00:00,21,62.5,0.34,Low
R005,2026-09-06T01:00:00+00:00,47,36.8,1.28,Low
R006,2026-09-06T01:00:00+00:00,67,32.9,2.04,Low
R007,2026-09-06T01:00:00+00:00,87,22.4,3.88,Low
road-001,2026-09-06T01:00:00+00:00,28,42.6,0.66,Low
road-002,2026-09-06T01:00:00+00:00,52,29.8,1.74,Low
road-003,2026-09-06T01:00:00+00:00,90,19.6,4.59,Low
road-004,2026-09-06T01:00:00+00:00,42,30.9,1.36,Low
R001,2026-09-06T02:00:00+00:00,41,54.5,0.75,Low
R002,2026-09-06T02:00:00+00:00,47,42.4,1.11,Low
R003,2026-09-06T02:00:00+00:00,41,47.2,0.87,Low
R004,2026-09-06T02:00:00+00:00,20,63.4,0.32,Low
R005,2026-09-06T02:00:00+00:00,48,36.1,1.33,Low
R006,2026-09-06T02:00:00+00:00,69,32.9,2.1,Low
R007,2026-09-06T02:00:00+00:00,92,21.5,4.28,Low
road-001,2026-09-06T02:00:00+00:00,27,42.1,0.64,Low
road-002,2026-09-06T02:00:00+00:00,62,26.7,2.32,Low
road-003,2026-09-06T02:00:00+00:00,86,19.2,4.48,Low
road-004,2026-09-06T02:00:00+00:00,40,31.9,1.25,Low
R001,2026-09-06T03:00:00+00:00,44,61.0,0.72,Low
R002,2026-09-06T03:00:00+00:00,53,39.5,1.34,Low
R003,2026-09-06T03:00:00+00:00,43,50.9,0.84,Low
R004,2026-09-06T03:00:00+00:00,19,61.8,0.31,Low
R005,2026-09-06T03:00:00+00:00,57,39.7,1.44,Low
R006,2026-09-06T03:00:00+00:00,70,33.2,2.11,Low
R007,2026-09-06T03:00:00+00:00,91,23.0,3.96,Low
road-001,2026-09-06T03:00:00+00:00,28,42.5,0.66,Low
road-002,2026-09-06T03:00:00+00:00,61,27.0,2.26,Low
road-003,2026-09-06T03:00:00+00:00,77,18.7,4.12,Low
road-004,2026-09-06T03:00:00+00:00,42,32.9,1.28,Low
R001,2026-09-06T04:00:00+00:00,43,58.2,0.74,Low
R002,2026-09-06T04:00:00+00:00,53,41.7,1.27,Low
R003,2026-09-06T04:00:00+00:00,47,46.7,1.01,Low
R004,2026-09-06T04:00:00+00:00,20,65.5,0.31,Low
R005,2026-09-06T04:00:00+00:00,56,38.8,1.44,Low
R006,2026-09-06T04:00:00+00:00,72,32.1,2.24,Low
R007,2026-09-06T04:00:00+00:00,94,21.6,4.35,Low
road-001,2026-09-06T04:00:00+00:00,30,44.7,0.67,Low
road-002,2026-09-06T04:00:00+00:00,61,25.6,2.38,Low
road-003,2026-09-06T04:00:00+00:00,92,18.1,5.08,Low
road-004,2026-09-06T04:00:00+00:00,41,32.8,1.25,Low
R001,2026-09-06T05:00:00+00:00,46,59.2,0.78,Low
R002,2026-09-06T05:00:00+00:00,50,44.1,1.13,Low
R003,2026-09-06T05:00:00+00:00,45,50.3,0.89,Low
R004,2026-09-06T05:00:00+00:00,21,64.9,0.32,Low
R005,2026-09-06T05:00:00+00:00,49,39.2,1.25,Low
R006,2026-09-06T05:00:00+00:00,77,31.1,2.48,Low
R007,2026-09-06T05:00:00+00:00,95,20.9,4.55,Low
road-001,2026-09-06T05:00:00+00:00,33,44.1,0.75,Low
road-002,2026-09-06T05:00:00+00:00,57,28.8,1.98,Low
road-003,2026-09-06T05:00:00+00:00,93,17.9,5.2,Low
road-004,2026-09-06T05:00:00+00:00,38,31.7,1.2,Low
R001,2026-09-06T06:00:00+00:00,44,57.8,0.76,Low
R002,2026-09-06T06:00:00+00:00,52,42.5,1.22,Low
R003,2026-09-06T06:00:00+00:00,47,46.3,1.02,Low
R004,2026-09-06T06:00:00+00:00,23,64.1,0.36,Low
R005,2026-09-06T06:00:00+00:00,55,36.2,1.52,Low
R006,2026-09-06T06:00:00+00:00,70,30.2,2.32,Low
R007,2026-09-06T06:00:00+00:00,94,24.2,3.88,Low
road-001,2026-09-06T06:00:00+00:00,28,46.4,0.6,Low
road-002,2026-09-06T06:00:00+00:00,56,26.9,2.08,Low
road-003,2026-09-06T06:00:00+00:00,87,17.4,5.0,Low
road-004,2026-09-06T06:00:00+00:00,44,32.3,1.36,Low
R001,2026-09-06T07:00:00+00:00,46,59.3,0.78,Low
R002,2026-09-06T07:00:00+00:00,52,40.7,1.28,Low
R003,2026-09-06T07:00:00+00:00,54,43.6,1.24,Low
R004,2026-09-06T07:00:00+00:00,25,64.5,0.39,Low
R005,2026-09-06T07:00:00+00:00,60,34.7,1.73,Low
R006,2026-09-06T07:00:00+00:00,90,29.7,3.03,Low
R007,2026-09-06T07:00:00+00:00,95,21.3,4.46,Low
road-001,2026-09-06T07:00:00+00:00,33,46.0,0.72,Low
road-002,2026-09-06T07:00:00+00:00,61,27.1,2.25,Low
road-003,2026-09-06T07:00:00+00:00,88,18.6,4.73,Low
road-004,2026-09-06T07:00:00+00:00,46,29.9,1.54,Low
R001,2026-09-06T08:00:00+00:00,53,54.1,0.98,Low
R002,2026-09-06T08:00:00+00:00,62,40.4,1.53,Low
R003,2026-09-06T08:00:00+00:00,59,43.8,1.35,Low
R004,2026-09-06T08:00:00+00:00,27,65.8,0.41,Low
R005,2026-09-06T08:00:00+00:00,59,34.4,1.72,Low
R006,2026-09-06T08:00:00+00:00,98,28.9,3.39,Low
R007,2026-09-06T08:00:00+00:00,109,21.8,5.0,Low
road-001,2026-09-06T08:00:00+00:00,35,45.2,0.77,Low
road-002,2026-09-06T08:00:00+00:00,72,27.3,2.64,Low
road-003,2026-09-06T08:00:00+00:00,107,17.9,5.98,Low
road-004,2026-09-06T08:00:00+00:00,53,30.9,1.72,Low
R001,2026-09-06T09:00:00+00:00,65,56.8,1.14,Low
R002,2026-09-06T09:00:00+00:00,76,41.0,1.85,Low
R003,2026-09-06T09:00:00+00:00,63,46.4,1.36,Low
R004,2026-09-06T09:00:00+00:00,28,58.9,0.48,Low
R005,2026-09-06T09:00:00+00:00,70,34.7,2.02,Low
R006,2026-09-06T09:00:00+00:00,100,31.2,3.21,Low
R007,2026-09-06T09:00:00+00:00,133,20.6,6.46,Low
road-001,2026-09-06T09:00:00+00:00,40,41.4,0.97,Low
road-002,2026-09-06T09:00:00+00:00,79,26.8,2.95,Low
road-003,2026-09-06T09:00:00+00:00,127,17.3,7.34,Low
road-004,2026-09-06T09:00:00+00:00,67,30.5,2.2,Low
R001,2026-09-06T10:00:00+00:00,73,51.8,1.41,Low
R002,2026-09-06T10:00:00+00:00,83,38.7,2.14,Low
R003,2026-09-06T10:00:00+00:00,73,43.5,1.68,Low
R004,2026-09-06T10:00:00+00:00,33,58.3,0.57,Low
R005,2026-09-06T10:00:00+00:00,98,35.6,2.75,Low
R006,2026-09-06T10:00:00+00:00,129,28.1,4.59,Low
R007,2026-09-06T10:00:00+00:00,166,19.0,8.74,Low
road-001,2026-09-06T10:00:00+00:00,56,40.3,1.39,Low
road-002,2026-09-06T10:00:00+00:00,93,23.3,3.99,Low
road-003,2026-09-06T10:00:00+00:00,155,15.3,10.13,Medium
road-004,2026-09-06T10:00:00+00:00,70,30.1,2.33,Low
R001,2026-09-06T11:00:00+00:00,83,53.5,1.55,Low
R002,2026-09-06T11:00:00+00:00,109,37.5,2.91,Low
R003,2026-09-06T11:00:00+00:00,97,39.0,2.49,Low
R004,2026-09-06T11:00:00+00:00,41,63.5,0.65,Low
R005,2026-09-06T11:00:00+00:00,118,30.3,3.89,Low
R006,2026-09-06T11:00:00+00:00,166,23.1,7.19,Low
R007,2026-09-06T11:00:00+00:00,201,17.5,11.49,Medium
road-001,2026-09-06T11:00:00+00:00,69,36.2,1.91,Low
road-002,2026-09-06T11:00:00+00:00,130,23.0,5.65,Low
road-003,2026-09-06T11:00:00+00:00,171,16.4,10.43,Medium
road-004,2026-09-06T11:00:00+00:00,88,27.2,3.24,Low
R001,2026-09-06T12:00:00+00:00,111,50.1,2.22,Low
R002,2026-09-06T12:00:00+00:00,133,34.2,3.89,Low
R003,2026-09-06T12:00:00+00:00,107,42.2,2.54,Low
R004,2026-09-06T12:00:00+00:00,53,57.4,0.92,Low
R005,2026-09-06T12:00:00+00:00,136,29.4,4.63,Low
R006,2026-09-06T12:00:00+00:00,170,23.1,7.36,Low
R007,2026-09-06T12:00:00+00:00,213,15.9,13.4,Medium
road-001,2026-09-06T12:00:00+00:00,67,38.0,1.76,Low
road-002,2026-09-06T12:00:00+00:00,137,21.6,6.34,Low
road-003,2026-09-06T12:00:00+00:00,201,14.4,13.96,Medium
road-004,2026-09-06T12:00:00+00:00,100,25.4,3.94,Low
R001,2026-09-06T13:00:00+00:00,124,52.6,2.36,Low
R002,2026-09-06T13:00:00+00:00,139,29.9,4.65,Low
R003,2026-09-06T13:00:00+00:00,137,37.4,3.66,Low
R004,2026-09-06T13:00:00+00:00,62,61.6,1.01,Low
R005,2026-09-06T13:00:00+00:00,155,24.8,6.25,Low
R006,2026-09-06T13:00:00+00:00,217,19.1,11.36,Medium
R007,2026-09-06T13:00:00+00:00,261,14.5,18.0,Medium
road-001,2026-09-06T13:00:00+00:00,86,37.1,2.32,Low
road-002,2026-09-06T13:00:00+00:00,158,19.7,8.02,Low
road-003,2026-09-06T13:00:00+00:00,220,12.8,17.19,Medium
road-004,2026-09-06T13:00:00+00:00,114,25.0,4.56,Low
R001,2026-09-06T14:00:00+00:00,129,45.0,2.87,Low
R002,2026-09-06T14:00:00+00:00,140,30.7,4.56,Low
R003,2026-09-06T14:00:00+00:00,141,34.4,4.1,Low
R004,2026-09-06T14:00:00+00:00,65,55.0,1.18,Low
R005,2026-09-06T14:00:00+00:00,135,30.2,4.47,Low
R006,2026-09-06T14:00:00+00:00,219,20.4,10.74,Medium
R007,2026-09-06T14:00:00+00:00,257,14.4,17.85,Medium
road-001,2026-09-06T14:00:00+00:00,82,34.2,2.4,Low
road-002,2026-09-06T14:00:00+00:00,166,17.8,9.33,Low
road-003,2026-09-06T14:00:00+00:00,236,11.7,20.17,High
road-004,2026-09-06T14:00:00+00:00,114,25.7,4.44,Low
R001,2026-09-06T15:00:00+00:00,112,51.0,2.2,Low
R002,2026-09-06T15:00:00+00:00,136,32.3,4.21,Low
R003,2026-09-06T15:00:00+00:00,121,39.3,3.08,Low
R004,2026-09-06T15:00:00+00:00,52,55.2,0.94,Low
R005,2026-09-06T15:00:00+00:00,152,26.6,5.71,Low
R006,2026-09-06T15:00:00+00:00,187,24.3,7.7,Low
R007,2026-09-06T15:00:00+00:00,247,13.5,18.3,Medium
road-001,2026-09-06T15:00:00+00:00,89,34.0,2.62,Low
road-002,2026-09-06T15:00:00+00:00,165,17.6,9.38,Low
road-003,2026-09-06T15:00:00+00:00,238,11.5,20.7,High
road-004,2026-09-06T15:00:00+00:00,125,22.1,5.66,Low
R001,2026-09-06T16:00:00+00:00,107,49.0,2.18,Low
R002,2026-09-06T16:00:00+00:00,118,37.0,3.19,Low
R003,2026-09-06T16:00:00+00:00,105,39.8,2.64,Low
R004,2026-09-06T16:00:00+00:00,50,61.2,0.82,Low
R005,2026-09-06T16:00:00+00:00,123,31.1,3.95,Low
R006,2026-09-06T16:00:00+00:00,190,20.8,9.13,Low
R007,2026-09-06T16:00:00+00:00,225,15.0,15.0,Medium
road-001,2026-09-06T16:00:00+00:00,69,39.7,1.74,Low
road-002,2026-09-06T16:00:00+00:00,129,22.9,5.63,Low
road-003,2026-09-06T16:00:00+00:00,222,13.9,15.97,Medium
road-004,2026-09-06T16:00:00+00:00,102,24.5,4.16,Low
R001,2026-09-06T17:00:00+00:00,81,53.1,1.53,Low
R002,2026-09-06T17:00:00+00:00,109,33.6,3.24,Low
R003,2026-09-06T17:00:00+00:00,93,44.6,2.09,Low
R004,2026-09-06T17:00:00+00:00,41,63.4,0.65,Low
R005,2026-09-06T17:00:00+00:00,117,29.2,4.01,Low
R006,2026-09-06T17:00:00+00:00,171,23.1,7.4,Low
R007,2026-09-06T17:00:00+00:00,194,16.4,11.83,Medium
road-001,2026-09-06T17:00:00+00:00,65,38.8,1.68,Low
road-002,2026-09-06T17:00:00+00:00,128,22.8,5.61,Low
road-003,2026-09-06T17:00:00+00:00,166,15.2,10.92,Medium
road-004,2026-09-06T17:00:00+00:00,92,28.9,3.18,Low
R001,2026-09-06T18:00:00+00:00,67,52.0,1.29,Low
R002,2026-09-06T18:00:00+00:00,90,38.7,2.33,Low
R003,2026-09-06T18:00:00+00:00,78,47.2,1.65,Low
R004,2026-09-06T18:00:00+00:00,35,58.1,0.6,Low
R005,2026-09-06T18:00:00+00:00,88,31.9,2.76,Low
R006,2026-09-06T18:00:00+00:00,131,28.4,4.61,Low
R007,2026-09-06T18:00:00+00:00,163,20.3,8.03,Low
road-001,2026-09-06T18:00:00+00:00,54,42.8,1.26,Low
road-002,2026-09-06T18:00:00+00:00,105,23.5,4.47,Low
road-003,2026-09-06T18:00:00+00:00,148,16.2,9.14,Low
road-004,2026-09-06T18:00:00+00:00,77,28.2,2.73,Low
R001,2026-09-06T19:00:00+00:00,55,60.3,0.91,Low
R002,2026-09-06T19:00:00+00:00,78,39.5,1.97,Low
R003,2026-09-06T19:00:00+00:00,61,45.8,1.33,Low
R004,2026-09-06T19:00:00+00:00,31,62.5,0.5,Low
R005,2026-09-06T19:00:00+00:00,84,37.2,2.26,Low
R006,2026-09-06T19:00:00+00:00,116,27.4,4.23,Low
R007,2026-09-06T19:00:00+00:00,142,20.7,6.86,Low
road-001,2026-09-06T19:00:00+00:00,42,43.2,0.97,Low
road-002,2026-09-06T19:00:00+00:00,88,27.5,3.2,Low
road-003,2026-09-06T19:00:00+00:00,129,15.6,8.27,Low
road-004,2026-09-06T19:00:00+00:00,56,30.2,1.85,Low
R001,2026-09-06T20:00:00+00:00,47,53.4,0.88,Low
R002,2026-09-06T20:00:00+00:00,64,41.0,1.56,Low
R003,2026-09-06T20:00:00+00:00,58,46.1,1.26,Low
R004,2026-09-06T20:00:00+00:00,25,65.0,0.38,Low
R005,2026-09-06T20:00:00+00:00,60,36.9,1.63,Low
R006,2026-09-06T20:00:00+00:00,94,29.6,3.18,Low
R007,2026-09-06T20:00:00+00:00,109,22.0,4.95,Low
road-001,2026-09-06T20:00:00+00:00,35,44.8,0.78,Low
road-002,2026-09-06T20:00:00+00:00,72,26.3,2.74,Low
road-003,2026-09-06T20:00:00+00:00,107,18.6,5.75,Low
road-004,2026-09-06T20:00:00+00:00,54,29.4,1.84,Low
R001,2026-09-06T21:00:00+00:00,48,59.4,0.81,Low
R002,2026-09-06T21:00:00+00:00,58,38.5,1.51,Low
R003,2026-09-06T21:00:00+00:00,46,46.7,0.99,Low
R004,2026-09-06T21:00:00+00:00,23,64.3,0.36,Low
R005,2026-09-06T21:00:00+00:00,56,38.5,1.45,Low
R006,2026-09-06T21:00:00+00:00,86,29.3,2.94,Low
R007,2026-09-06T21:00:00+00:00,106,22.8,4.65,Low
road-001,2026-09-06T21:00:00+00:00,31,46.2,0.67,Low
road-002,2026-09-06T21:00:00+00:00,65,28.4,2.29,Low
road-003,2026-09-06T21:00:00+00:00,98,17.0,5.76,Low
road-004,2026-09-06T21:00:00+00:00,43,34.0,1.26,Low
R001,2026-09-06T22:00:00+00:00,42,61.4,0.68,Low
R002,2026-09-06T22:00:00+00:00,54,38.7,1.4,Low
R003,2026-09-06T22:00:00+00:00,50,45.2,1.11,Low
R004,2026-09-06T22:00:00+00:00,20,65.7,0.3,Low
R005,2026-09-06T22:00:00+00:00,56,34.5,1.62,Low
R006,2026-09-06T22:00:00+00:00,76,31.2,2.44,Low
R007,2026-09-06T22:00:00+00:00,95,22.8,4.17,Low
road-001,2026-09-06T22:00:00+00:00,30,41.5,0.72,Low
road-002,2026-09-06T22:00:00+00:00,55,28.2,1.95,Low
road-003,2026-09-06T22:00:00+00:00,92,17.3,5.32,Low
road-004,2026-09-06T22:00:00+00:00,44,30.1,1.46,Low
R001,2026-09-06T23:00:00+00:00,45,55.2,0.82,Low
R002,2026-09-06T23:00:00+00:00,49,41.5,1.18,Low
R003,2026-09-06T23:00:00+00:00,43,50.8,0.85,Low
R004,2026-09-06T23:00:00+00:00,22,63.9,0.34,Low
R005,2026-09-06T23:00:00+00:00,58,38.3,1.51,Low
R006,2026-09-06T23:00:00+00:00,73,31.1,2.35,Low
R007,2026-09-06T23:00:00+00:00,91,23.5,3.87,Low
road-001,2026-09-06T23:00:00+00:00,28,40.4,0.69,Low
road-002,2026-09-06T23:00:00+00:00,57,27.7,2.06,Low
road-003,2026-09-06T23:00:00+00:00,92,17.2,5.35,Low
road-004,2026-09-06T23:00:00+00:00,45,34.9,1.29,Low
R001,2026-09-07T00:00:00+00:00,26,54.9,0.47,Low
R002,2026-09-07T00:00:00+00:00,27,42.4,0.64,Low
R003,2026-09-07T00:00:00+00:00,27,47.4,0.57,Low
R004,2026-09-07T00:00:00+00:00,12,59.3,0.2,Low
R005,2026-09-07T00:00:00+00:00,28,39.3,0.71,Low
R006,2026-09-07T00:00:00+00:00,40,34.5,1.16,Low
R007,2026-09-07T00:00:00+00:00,51,24.4,2.09,Low
road-001,2026-09-07T00:00:00+00:00,16,46.2,0.35,Low
road-002,2026-09-07T00:00:00+00:00,30,31.0,0.97,Low
road-003,2026-09-07T00:00:00+00:00,50,18.5,2.7,Low
road-004,2026-09-07T00:00:00+00:00,21,33.7,0.62,Low
R001,2026-09-07T01:00:00+00:00,22,57.7,0.38,Low
R002,2026-09-07T01:00:00+00:00,29,46.4,0.62,Low
R003,2026-09-07T01:00:00+00:00,28,44.8,0.62,Low
R004,2026-09-07T01:00:00+00:00,12,67.9,0.18,Low
R005,2026-09-07T01:00:00+00:00,31,36.3,0.85,Low
R006,2026-09-07T01:00:00+00:00,42,32.3,1.3,Low
R007,2026-09-07T01:00:00+00:00,51,22.3,2.29,Low
road-001,2026-09-07T01:00:00+00:00,18,45.6,0.39,Low
road-002,2026-09-07T01:00:00+00:00,30,31.1,0.96,Low
road-003,2026-09-07T01:00:00+00:00,51,19.3,2.64,Low
road-004,2026-09-07T01:00:00+00:00,24,33.3,0.72,Low
R001,2026-09-07T02:00:00+00:00,26,55.0,0.47,Low
R002,2026-09-07T02:00:00+00:00,25,41.4,0.6,Low
R003,2026-09-07T02:00:00+00:00,27,45.4,0.59,Low
R004,2026-09-07T02:00:00+00:00,12,63.7,0.19,Low
R005,2026-09-07T02:00:00+00:00,32,37.1,0.86,Low
R006,2026-09-07T02:00:00+00:00,39,32.8,1.19,Low
R007,2026-09-07T02:00:00+00:00,55,24.7,2.23,Low
road-001,2026-09-07T02:00:00+00:00,17,42.9,0.4,Low
road-002,2026-09-07T02:00:00+00:00,31,27.1,1.14,Low
road-003,2026-09-07T02:00:00+00:00,45,20.2,2.23,Low
road-004,2026-09-07T02:00:00+00:00,24,32.1,0.75,Low
R001,2026-09-07T03:00:00+00:00,22,58.8,0.37,Low
R002,2026-09-07T03:00:00+00:00,27,44.1,0.61,Low
R003,2026-09-07T03:00:00+00:00,28,46.4,0.6,Low
R004,2026-09-07T03:00:00+00:00,11,62.0,0.18,Low
R005,2026-09-07T03:00:00+00:00,27,36.9,0.73,Low
R006,2026-09-07T03:00:00+00:00,43,35.4,1.21,Low
R007,2026-09-07T03:00:00+00:00,54,22.2,2.43,Low
road-001,2026-09-07T03:00:00+00:00,18,42.9,0.42,Low
road-002,2026-09-07T03:00:00+00:00,30,28.0,1.07,Low
road-003,2026-09-07T03:00:00+00:00,46,19.4,2.37,Low
road-004,2026-09-07T03:00:00+00:00,24,32.7,0.73,Low
R001,2026-09-07T04:00:00+00:00,26,54.5,0.48,Low
R002,2026-09-07T04:00:00+00:00,27,43.5,0.62,Low
R003,2026-09-07T04:00:00+00:00,27,46.8,0.58,Low
R004,2026-09-07T04:00:00+00:00,11,67.5,0.16,Low
R005,2026-09-07T04:00:00+00:00,27,36.0,0.75,Low
R006,2026-09-07T04:00:00+00:00,44,36.2,1.22,Low
R007,2026-09-07T04:00:00+00:00,48,25.4,1.89,Low
road-001,2026-09-07T04:00:00+00:00,16,45.2,0.35,Low
road-002,2026-09-07T04:00:00+00:00,34,29.3,1.16,Low
road-003,2026-09-07T04:00:00+00:00,45,20.3,2.22,Low
road-004,2026-09-07T04:00:00+00:00,21,31.8,0.66,Low
R001,2026-09-07T05:00:00+00:00,27,58.3,0.46,Low
R002,2026-09-07T05:00:00+00:00,27,46.7,0.58,Low
R003,2026-09-07T05:00:00+00:00,29,47.3,0.61,Low
R004,2026-09-07T05:00:00+00:00,11,64.0,0.17,Low
R005,2026-09-07T05:00:00+00:00,30,39.3,0.76,Low
R006,2026-09-07T05:00:00+00:00,47,32.9,1.43,Low
R007,2026-09-07T05:00:00+00:00,50,24.8,2.02,Low
road-001,2026-09-07T05:00:00+00:00,17,42.2,0.4,Low
road-002,2026-09-07T05:00:00+00:00,33,28.0,1.18,Low
road-003,2026-09-07T05:00:00+00:00,55,17.7,3.11,Low
road-004,2026-09-07T05:00:00+00:00,26,32.5,0.8,Low
R001,2026-09-07T06:00:00+00:00,35,57.5,0.61,Low
R002,2026-09-07T06:00:00+00:00,43,39.7,1.08,Low
R003,2026-09-07T06:00:00+00:00,38,45.1,0.84,Low
R004,2026-09-07T06:00:00+00:00,17,67.8,0.25,Low
R005,2026-09-07T06:00:00+00:00,46,38.6,1.19,Low
R006,2026-09-07T06:00:00+00:00,68,33.9,2.01,Low
R007,2026-09-07T06:00:00+00:00,87,23.9,3.64,Low
road-001,2026-09-07T06:00:00+00:00,25,43.9,0.57,Low
road-002,2026-09-07T06:00:00+00:00,50,30.0,1.67,Low
road-003,2026-09-07T06:00:00+00:00,73,18.3,3.99,Low
road-004,2026-09-07T06:00:00+00:00,34,32.3,1.05,Low
R001,2026-09-07T07:00:00+00:00,68,59.0,1.15,Low
R002,2026-09-07T07:00:00+00:00,88,35.7,2.46,Low
R003,2026-09-07T07:00:00+00:00,85,43.3,1.96,Low
R004,2026-09-07T07:00:00+00:00,38,66.1,0.57,Low
R005,2026-09-07T07:00:00+00:00,98,31.0,3.16,Low
R006,2026-09-07T07:00:00+00:00,130,27.0,4.81,Low
R007,2026-09-07T07:00:00+00:00,166,20.6,8.06,Low
road-001,2026-09-07T07:00:00+00:00,46,44.8,1.03,Low
road-002,2026-09-07T07:00:00+00:00,93,26.6,3.5,Low
road-003,2026-09-07T07:00:00+00:00,152,15.6,9.74,Low
road-004,2026-09-07T07:00:00+00:00,77,30.8,2.5,Low
R001,2026-09-07T08:00:00+00:00,110,51.4,2.14,Low
R002,2026-09-07T08:00:00+00:00,145,32.1,4.52,Low
R003,2026-09-07T08:00:00+00:00,138,33.0,4.18,Low
R004,2026-09-07T08:00:00+00:00,61,61.4,0.99,Low
R005,2026-09-07T08:00:00+00:00,149,27.4,5.44,Low
R006,2026-09-07T08:00:00+00:00,193,24.1,8.01,Low
R007,2026-09-07T08:00:00+00:00,274,12.9,21.24,High
road-001,2026-09-07T08:00:00+00:00,80,37.0,2.16,Low
road-002,2026-09-07T08:00:00+00:00,148,19.6,7.55,Low
road-003,2026-09-07T08:00:00+00:00,222,13.0,17.08,Medium
road-004,2026-09-07T08:00:00+00:00,106,27.3,3.88,Low
R001,2026-09-07T09:00:00+00:00,110,47.7,2.31,Low
R002,2026-09-07T09:00:00+00:00,143,33.5,4.27,Low
R003,2026-09-07T09:00:00+00:00,136,34.9,3.9,Low
R004,2026-09-07T09:00:00+00:00,53,59.6,0.89,Low
R005,2026-09-07T09:00:00+00:00,159,26.9,5.91,Low
R006,2026-09-07T09:00:00+00:00,220,20.7,10.63,Medium
R007,2026-09-07T09:00:00+00:00,278,12.4,22.42,High
road-001,2026-09-07T09:00:00+00:00,90,34.9,2.58,Low
road-002,2026-09-07T09:00:00+00:00,149,19.7,7.56,Low
road-003,2026-09-07T09:00:00+00:00,218,12.4,17.58,Medium
road-004,2026-09-07T09:00:00+00:00,128,23.5,5.45,Low
R001,2026-09-07T10:00:00+00:00,111,51.8,2.14,Low
R002,2026-09-07T10:00:00+00:00,111,38.4,2.89,Low
R003,2026-09-07T10:00:00+00:00,114,41.9,2.72,Low
R004,2026-09-07T10:00:00+00:00,54,56.0,0.96,Low
R005,2026-09-07T10:00:00+00:00,129,28.1,4.59,Low
R006,2026-09-07T10:00:00+00:00,171,25.2,6.79,Low
R007,2026-09-07T10:00:00+00:00,204,17.8,11.46,Medium
road-001,2026-09-07T10:00:00+00:00,78,40.0,1.95,Low
road-002,2026-09-07T10:00:00+00:00,137,23.2,5.91,Low
road-003,2026-09-07T10:00:00+00:00,223,11.9,18.74,Medium
road-004,2026-09-07T10:00:00+00:00,104,27.6,3.77,Low
R001,2026-09-07T11:00:00+00:00,72,52.6,1.37,Low
R002,2026-09-07T11:00:00+00:00,78,42.3,1.84,Low
R003,2026-09-07T11:00:00+00:00,67,46.9,1.43,Low
R004,2026-09-07T11:00:00+00:00,31,67.0,0.46,Low
R005,2026-09-07T11:00:00+00:00,77,37.4,2.06,Low
R006,2026-09-07T11:00:00+00:00,107,30.8,3.47,Low
R007,2026-09-07T11:00:00+00:00,148,21.4,6.92,Low
road-001,2026-09-07T11:00:00+00:00,46,40.0,1.15,Low
road-002,2026-09-07T11:00:00+00:00,87,23.9,3.64,Low
road-003,2026-09-07T11:00:00+00:00,126,15.9,7.92,Low
road-004,2026-09-07T11:00:00+00:00,60,30.4,1.97,Low
R001,2026-09-07T12:00:00+00:00,58,60.7,0.96,Low
R002,2026-09-07T12:00:00+00:00,70,40.3,1.74,Low
R003,2026-09-07T12:00:00+00:00,58,46.4,1.25,Low
R004,2026-09-07T12:00:00+00:00,25,62.8,0.4,Low
R005,2026-09-07T12:00:00+00:00,74,36.3,2.04,Low
R006,2026-09-07T12:00:00+00:00,101,28.6,3.53,Low
R007,2026-09-07T12:00:00+00:00,110,23.1,4.76,Low
road-001,2026-09-07T12:00:00+00:00,37,41.3,0.9,Low
road-002,2026-09-07T12:00:00+00:00,83,24.2,3.43,Low
road-003,2026-09-07T12:00:00+00:00,104,17.4,5.98,Low
road-004,2026-09-07T12:00:00+00:00,58,31.4,1.85,Low
R001,2026-09-07T13:00:00+00:00,58,52.8,1.1,Low
R002,2026-09-07T13:00:00+00:00,64,41.7,1.53,Low
R003,2026-09-07T13:00:00+00:00,58,42.6,1.36,Low
R004,2026-09-07T13:00:00+00:00,29,59.1,0.49,Low
R005,2026-09-07T13:00:00+00:00,73,33.6,2.17,Low
R006,2026-09-07T13:00:00+00:00,87,29.7,2.93,Low
R007,2026-09-07T13:00:00+00:00,110,22.6,4.87,Low
road-001,2026-09-07T13:00:00+00:00,40,43.7,0.92,Low
road-002,2026-09-07T13:00:00+00:00,71,25.9,2.74,Low
road-003,2026-09-07T13:00:00+00:00,102,16.5,6.18,Low
road-004,2026-09-07T13:00:00+00:00,55,33.2,1.66,Low
R001,2026-09-07T14:00:00+00:00,52,55.7,0.93,Low
R002,2026-09-07T14:00:00+00:00,64,39.6,1.62,Low
R003,2026-09-07T14:00:00+00:00,62,46.4,1.34,Low
R004,2026-09-07T14:00:00+00:00,26,58.1,0.45,Low
R005,2026-09-07T14:00:00+00:00,65,35.1,1.85,Low
R006,2026-09-07T14:00:00+00:00,89,32.7,2.72,Low
R007,2026-09-07T14:00:00+00:00,116,21.3,5.45,Low
road-001,2026-09-07T14:00:00+00:00,39,43.4,0.9,Low
road-002,2026-09-07T14:00:00+00:00,70,27.1,2.58,Low
road-003,2026-09-07T14:00:00+00:00,105,18.8,5.59,Low
road-004,2026-09-07T14:00:00+00:00,54,31.3,1.73,Low
R001,2026-09-07T15:00:00+00:00,62,55.7,1.11,Low
R002,2026-09-07T15:00:00+00:00,72,38.6,1.87,Low
R003,2026-09-07T15:00:00+00:00,65,47.2,1.38,Low
R004,2026-09-07T15:00:00+00:00,34,57.7,0.59,Low
R005,2026-09-07T15:00:00+00:00,79,35.3,2.24,Low
R006,2026-09-07T15:00:00+00:00,126,28.7,4.39,Low
R007,2026-09-07T15:00:00+00:00,144,21.5,6.7,Low
road-001,2026-09-07T15:00:00+00:00,49,40.6,1.21,Low
road-002,2026-09-07T15:00:00+00:00,91,26.9,3.38,Low
road-003,2026-09-07T15:00:00+00:00,131,17.8,7.36,Low
road-004,2026-09-07T15:00:00+00:00,65,28.4,2.29,Low
R001,2026-09-07T16:00:00+00:00,71,57.1,1.24,Low
R002,2026-09-07T16:00:00+00:00,76,42.3,1.8,Low
R003,2026-09-07T16:00:00+00:00,75,45.5,1.65,Low
R004,2026-09-07T16:00:00+00:00,33,58.2,0.57,Low
R005,2026-09-07T16:00:00+00:00,86,32.6,2.64,Low
R006,2026-09-07T16:00:00+00:00,126,30.5,4.13,Low
R007,2026-09-07T16:00:00+00:00,151,18.8,8.03,Low
road-001,2026-09-07T16:00:00+00:00,45,44.9,1.0,Low
road-002,2026-09-07T16:00:00+00:00,89,27.6,3.22,Low
road-003,2026-09-07T16:00:00+00:00,135,17.5,7.71,Low
road-004,2026-09-07T16:00:00+00:00,62,32.8,1.89,Low
R001,2026-09-07T17:00:00+00:00,122,45.7,2.67,Low
R002,2026-09-07T17:00:00+00:00,128,32.9,3.89,Low
R003,2026-09-07T17:00:00+00:00,117,37.4,3.13,Low
R004,2026-09-07T17:00:00+00:00,55,61.9,0.89,Low
R005,2026-09-07T17:00:00+00:00,149,27.7,5.38,Low
R006,2026-09-07T17:00:00+00:00,198,21.6,9.17,Low
R007,2026-09-07T17:00:00+00:00,240,14.2,16.9,Medium
road-001,2026-09-07T17:00:00+00:00,81,38.4,2.11,Low
road-002,2026-09-07T17:00:00+00:00,168,19.7,8.53,Low
road-003,2026-09-07T17:00:00+00:00,228,11.8,19.32,Medium
road-004,2026-09-07T17:00:00+00:00,107,25.6,4.18,Low
R001,2026-09-07T18:00:00+00:00,133,46.9,2.84,Low
R002,2026-09-07T18:00:00+00:00,157,29.3,5.36,Low
R003,2026-09-07T18:00:00+00:00,152,30.9,4.92,Low
R004,2026-09-07T18:00:00+00:00,65,53.3,1.22,Low
R005,2026-09-07T18:00:00+00:00,176,24.2,7.27,Low
R006,2026-09-07T18:00:00+00:00,219,20.9,10.48,Medium
R007,2026-09-07T18:00:00+00:00,288,11.4,25.26,High
road-001,2026-09-07T18:00:00+00:00,102,35.8,2.85,Low
road-002,2026-09-07T18:00:00+00:00,204,13.4,15.22,Medium
road-003,2026-09-07T18:00:00+00:00,293,9.0,32.56,Severe
road-004,2026-09-07T18:00:00+00:00,131,22.0,5.95,Low
R001,2026-09-07T19:00:00+00:00,117,46.6,2.51,Low
R002,2026-09-07T19:00:00+00:00,141,29.8,4.73,Low
R003,2026-09-07T19:00:00+00:00,133,36.1,3.68,Low
R004,2026-09-07T19:00:00+00:00,60,55.4,1.08,Low
R005,2026-09-07T19:00:00+00:00,138,29.2,4.73,Low
R006,2026-09-07T19:00:00+00:00,185,22.1,8.37,Low
R007,2026-09-07T19:00:00+00:00,260,14.3,18.18,Medium
road-001,2026-09-07T19:00:00+00:00,84,38.6,2.18,Low
road-002,2026-09-07T19:00:00+00:00,165,18.8,8.78,Low
road-003,2026-09-07T19:00:00+00:00,210,13.1,16.03,Medium
road-004,2026-09-07T19:00:00+00:00,112,23.3,4.81,Low
R001,2026-09-07T20:00:00+00:00,70,58.6,1.19,Low
R002,2026-09-07T20:00:00+00:00,69,38.4,1.8,Low
R003,2026-09-07T20:00:00+00:00,76,46.5,1.63,Low
R004,2026-09-07T20:00:00+00:00,31,61.8,0.5,Low
R005,2026-09-07T20:00:00+00:00,89,35.2,2.53,Low
R006,2026-09-07T20:00:00+00:00,110,31.1,3.54,Low
R007,2026-09-07T20:00:00+00:00,143,20.9,6.84,Low
road-001,2026-09-07T20:00:00+00:00,43,38.7,1.11,Low
road-002,2026-09-07T20:00:00+00:00,88,26.0,3.38,Low
road-003,2026-09-07T20:00:00+00:00,123,18.1,6.8,Low
road-004,2026-09-07T20:00:00+00:00,67,29.5,2.27,Low
R001,2026-09-07T21:00:00+00:00,33,62.2,0.53,Low
R002,2026-09-07T21:00:00+00:00,44,44.0,1.0,Low
R003,2026-09-07T21:00:00+00:00,37,47.1,0.79,Low
R004,2026-09-07T21:00:00+00:00,16,64.7,0.25,Low
R005,2026-09-07T21:00:00+00:00,49,39.7,1.23,Low
R006,2026-09-07T21:00:00+00:00,64,33.5,1.91,Low
R007,2026-09-07T21:00:00+00:00,74,23.0,3.22,Low
road-001,2026-09-07T21:00:00+00:00,23,45.7,0.5,Low
road-002,2026-09-07T21:00:00+00:00,52,25.8,2.02,Low
road-003,2026-09-07T21:00:00+00:00,77,19.0,4.05,Low
road-004,2026-09-07T21:00:00+00:00,36,30.5,1.18,Low
R001,2026-09-07T22:00:00+00:00,24,61.9,0.39,Low
R002,2026-09-07T22:00:00+00:00,29,47.0,0.62,Low
R003,2026-09-07T22:00:00+00:00,29,48.0,0.6,Low
R004,2026-09-07T22:00:00+00:00,12,62.8,0.19,Low
R005,2026-09-07T22:00:00+00:00,30,38.6,0.78,Low
R006,2026-09-07T22:00:00+00:00,47,35.2,1.34,Low
R007,2026-09-07T22:00:00+00:00,55,22.4,2.46,Low
road-001,2026-09-07T22:00:00+00:00,18,45.3,0.4,Low
road-002,2026-09-07T22:00:00+00:00,38,28.2,1.35,Low
road-003,2026-09-07T22:00:00+00:00,53,19.5,2.72,Low
road-004,2026-09-07T22:00:00+00:00,25,31.8,0.79,Low
R001,2026-09-07T23:00:00+00:00,22,63.8,0.34,Low
R002,2026-09-07T23:00:00+00:00,29,46.3,0.63,Low
R003,2026-09-07T23:00:00+00:00,24,50.6,0.47,Low
R004,2026-09-07T23:00:00+00:00,13,62.2,0.21,Low
R005,2026-09-07T23:00:00+00:00,28,40.6,0.69,Low
R006,2026-09-07T23:00:00+00:00,45,35.2,1.28,Low
R007,2026-09-07T23:00:00+00:00,55,24.3,2.26,Low
road-001,2026-09-07T23:00:00+00:00,17,45.5,0.37,Low
road-002,2026-09-07T23:00:00+00:00,34,29.7,1.14,Low
road-003,2026-09-07T23:00:00+00:00,53,18.4,2.88,Low
road-004,2026-09-07T23:00:00+00:00,23,33.4,0.69,Low
R001,2026-09-08T00:00:00+00:00,21,61.2,0.34,Low
R002,2026-09-08T00:00:00+00:00,28,41.6,0.67,Low
R003,2026-09-08T00:00:00+00:00,27,46.6,0.58,Low
R004,2026-09-08T00:00:00+00:00,12,67.3,0.18,Low
R005,2026-09-08T00:00:00+00:00,32,39.8,0.8,Low
R006,2026-09-08T00:00:00+00:00,42,35.6,1.18,Low
R007,2026-09-08T00:00:00+00:00,55,25.4,2.17,Low
road-001,2026-09-08T00:00:00+00:00,15,41.5,0.36,Low
road-002,2026-09-08T00:00:00+00:00,30,28.0,1.07,Low
road-003,2026-09-08T00:00:00+00:00,50,20.1,2.49,Low
road-004,2026-09-08T00:00:00+00:00,22,35.1,0.63,Low
R001,2026-09-08T01:00:00+00:00,23,55.2,0.42,Low
R002,2026-09-08T01:00:00+00:00,27,45.6,0.59,Low
R003,2026-09-08T01:00:00+00:00,24,51.2,0.47,Low
R004,2026-09-08T01:00:00+00:00,11,61.9,0.18,Low
R005,2026-09-08T01:00:00+00:00,28,41.1,0.68,Low
R006,2026-09-08T01:00:00+00:00,41,35.7,1.15,Low
R007,2026-09-08T01:00:00+00:00,52,25.7,2.02,Low
road-001,2026-09-08T01:00:00+00:00,15,47.1,0.32,Low
road-002,2026-09-08T01:00:00+00:00,33,30.7,1.07,Low
road-003,2026-09-08T01:00:00+00:00,46,18.7,2.46,Low
road-004,2026-09-08T01:00:00+00:00,21,36.1,0.58,Low
R001,2026-09-08T02:00:00+00:00,22,56.3,0.39,Low
R002,2026-09-08T02:00:00+00:00,27,44.4,0.61,Low
R003,2026-09-08T02:00:00+00:00,28,48.4,0.58,Low
R004,2026-09-08T02:00:00+00:00,11,66.6,0.17,Low
R005,2026-09-08T02:00:00+00:00,31,38.7,0.8,Low
R006,2026-09-08T02:00:00+00:00,43,31.9,1.35,Low
R007,2026-09-08T02:00:00+00:00,53,22.1,2.4,Low
road-001,2026-09-08T02:00:00+00:00,16,46.1,0.35,Low
road-002,2026-09-08T02:00:00+00:00,30,30.4,0.99,Low
road-003,2026-09-08T02:00:00+00:00,47,20.1,2.34,Low
road-004,2026-09-08T02:00:00+00:00,22,34.7,0.63,Low
R001,2026-09-08T03:00:00+00:00,24,58.1,0.41,Low
R002,2026-09-08T03:00:00+00:00,30,42.9,0.7,Low
R003,2026-09-08T03:00:00+00:00,23,46.7,0.49,Low
R004,2026-09-08T03:00:00+00:00,11,59.4,0.19,Low
R005,2026-09-08T03:00:00+00:00,28,41.0,0.68,Low
R006,2026-09-08T03:00:00+00:00,39,34.8,1.12,Low
R007,2026-09-08T03:00:00+00:00,53,23.0,2.3,Low
road-001,2026-09-08T03:00:00+00:00,17,43.1,0.39,Low
road-002,2026-09-08T03:00:00+00:00,30,28.6,1.05,Low
road-003,2026-09-08T03:00:00+00:00,48,18.3,2.62,Low
road-004,2026-09-08T03:00:00+00:00,25,32.8,0.76,Low
R001,2026-09-08T04:00:00+00:00,23,61.3,0.38,Low
R002,2026-09-08T04:00:00+00:00,28,42.7,0.66,Low
R003,2026-09-08T04:00:00+00:00,28,52.5,0.53,Low
R004,2026-09-08T04:00:00+00:00,11,68.5,0.16,Low
R005,2026-09-08T04:00:00+00:00,29,37.0,0.78,Low
R006,2026-09-08T04:00:00+00:00,45,35.8,1.26,Low
R007,2026-09-08T04:00:00+00:00,51,23.0,2.22,Low
road-001,2026-09-08T04:00:00+00:00,17,41.6,0.41,Low
road-002,2026-09-08T04:00:00+00:00,34,29.4,1.16,Low
road-003,2026-09-08T04:00:00+00:00,45,18.9,2.38,Low
road-004,2026-09-08T04:00:00+00:00,24,31.5,0.76,Low
R001,2026-09-08T05:00:00+00:00,27,56.6,0.48,Low
R002,2026-09-08T05:00:00+00:00,30,40.5,0.74,Low
R003,2026-09-08T05:00:00+00:00,30,49.8,0.6,Low
R004,2026-09-08T05:00:00+00:00,13,59.3,0.22,Low
R005,2026-09-08T05:00:00+00:00,33,38.1,0.87,Low
R006,2026-09-08T05:00:00+00:00,43,33.9,1.27,Low
R007,2026-09-08T05:00:00+00:00,55,22.6,2.43,Low
road-001,2026-09-08T05:00:00+00:00,18,45.1,0.4,Low
road-002,2026-09-08T05:00:00+00:00,33,29.7,1.11,Low
road-003,2026-09-08T05:00:00+00:00,53,18.5,2.86,Low
road-004,2026-09-08T05:00:00+00:00,26,31.9,0.82,Low
R001,2026-09-08T06:00:00+00:00,39,54.4,0.72,Low
R002,2026-09-08T06:00:00+00:00,44,40.1,1.1,Low
R003,2026-09-08T06:00:00+00:00,36,45.1,0.8,Low
R004,2026-09-08T06:00:00+00:00,17,60.8,0.28,Low
R005,2026-09-08T06:00:00+00:00,43,38.1,1.13,Low
R006,2026-09-08T06:00:00+00:00,60,33.9,1.77,Low
R007,2026-09-08T06:00:00+00:00,76,21.5,3.53,Low
road-001,2026-09-08T06:00:00+00:00,25,41.6,0.6,Low
road-002,2026-09-08T06:00:00+00:00,54,27.1,1.99,Low
road-003,2026-09-08T06:00:00+00:00,66,19.4,3.4,Low
road-004,2026-09-08T06:00:00+00:00,39,34.7,1.12,Low
R001,2026-09-08T07:00:00+00:00,74,51.8,1.43,Low
R002,2026-09-08T07:00:00+00:00,77,39.7,1.94,Low
R003,2026-09-08T07:00:00+00:00,81,40.8,1.99,Low
R004,2026-09-08T07:00:00+00:00,34,59.2,0.57,Low
R005,2026-09-08T07:00:00+00:00,99,31.9,3.1,Low
R006,2026-09-08T07:00:00+00:00,125,26.6,4.7,Low
R007,2026-09-08T07:00:00+00:00,146,18.8,7.77,Low
road-001,2026-09-08T07:00:00+00:00,48,43.3,1.11,Low
road-002,2026-09-08T07:00:00+00:00,95,26.0,3.65,Low
road-003,2026-09-08T07:00:00+00:00,132,17.4,7.59,Low
road-004,2026-09-08T07:00:00+00:00,65,32.2,2.02,Low
R001,2026-09-08T08:00:00+00:00,121,46.6,2.6,Low
R002,2026-09-08T08:00:00+00:00,133,32.5,4.09,Low
R003,2026-09-08T08:00:00+00:00,130,39.1,3.32,Low
R004,2026-09-08T08:00:00+00:00,54,61.6,0.88,Low
R005,2026-09-08T08:00:00+00:00,137,28.2,4.86,Low
R006,2026-09-08T08:00:00+00:00,225,18.4,12.23,Medium
R007,2026-09-08T08:00:00+00:00,249,15.3,16.27,Medium
road-001,2026-09-08T08:00:00+00:00,88,36.7,2.4,Low
road-002,2026-09-08T08:00:00+00:00,171,17.0,10.06,Medium
road-003,2026-09-08T08:00:00+00:00,244,11.0,22.18,High
road-004,2026-09-08T08:00:00+00:00,128,21.2,6.04,Low
R001,2026-09-08T09:00:00+00:00,115,50.8,2.26,Low
R002,2026-09-08T09:00:00+00:00,145,32.0,4.53,Low
R003,2026-09-08T09:00:00+00:00,119,37.8,3.15,Low
R004,2026-09-08T09:00:00+00:00,57,53.7,1.06,Low
R005,2026-09-08T09:00:00+00:00,152,28.2,5.39,Low
R006,2026-09-08T09:00:00+00:00,225,18.0,12.5,Medium
R007,2026-09-08T09:00:00+00:00,276,12.0,23.0,High
road-001,2026-09-08T09:00:00+00:00,81,34.2,2.37,Low
road-002,2026-09-08T09:00:00+00:00,154,19.3,7.98,Low
road-003,2026-09-08T09:00:00+00:00,245,12.1,20.25,High
road-004,2026-09-08T09:00:00+00:00,124,23.3,5.32,Low
R001,2026-09-08T10:00:00+00:00,103,55.5,1.86,Low
R002,2026-09-08T10:00:00+00:00,123,33.2,3.7,Low
R003,2026-09-08T10:00:00+00:00,111,40.9,2.71,Low
R004,2026-09-08T10:00:00+00:00,46,61.5,0.75,Low
R005,2026-09-08T10:00:00+00:00,121,29.8,4.06,Low
R006,2026-09-08T10:00:00+00:00,185,22.7,8.15,Low
R007,2026-09-08T10:00:00+00:00,236,15.5,15.23,Medium
road-001,2026-09-08T10:00:00+00:00,79,34.5,2.29,Low
road-002,2026-09-08T10:00:00+00:00,144,19.7,7.31,Low
road-003,2026-09-08T10:00:00+00:00,218,13.9,15.68,Medium
road-004,2026-09-08T10:00:00+00:00,109,23.4,4.66,Low
R001,2026-09-08T11:00:00+00:00,66,53.4,1.24,Low
R002,2026-09-08T11:00:00+00:00,85,36.0,2.36,Low
R003,2026-09-08T11:00:00+00:00,68,46.1,1.48,Low
R004,2026-09-08T11:00:00+00:00,32,59.5,0.54,Low
R005,2026-09-08T11:00:00+00:00,82,36.4,2.25,Low
R006,2026-09-08T11:00:00+00:00,115,30.9,3.72,Low
R007,2026-09-08T11:00:00+00:00,142,19.2,7.4,Low
road-001,2026-09-08T11:00:00+00:00,47,42.4,1.11,Low
road-002,2026-09-08T11:00:00+00:00,84,25.5,3.29,Low
road-003,2026-09-08T11:00:00+00:00,134,15.3,8.76,Low
road-004,2026-09-08T11:00:00+00:00,61,31.4,1.94,Low
R001,2026-09-08T12:00:00+00:00,57,54.8,1.04,Low
R002,2026-09-08T12:00:00+00:00,65,38.9,1.67,Low
R003,2026-09-08T12:00:00+00:00,62,49.0,1.27,Low
R004,2026-09-08T12:00:00+00:00,27,58.3,0.46,Low
R005,2026-09-08T12:00:00+00:00,65,36.0,1.81,Low
R006,2026-09-08T12:00:00+00:00,98,31.0,3.16,Low
R007,2026-09-08T12:00:00+00:00,120,22.0,5.45,Low
road-001,2026-09-08T12:00:00+00:00,41,39.5,1.04,Low
road-002,2026-09-08T12:00:00+00:00,80,25.0,3.2,Low
road-003,2026-09-08T12:00:00+00:00,107,18.6,5.75,Low
road-004,2026-09-08T12:00:00+00:00,60,29.9,2.01,Low
R001,2026-09-08T13:00:00+00:00,54,58.6,0.92,Low
R002,2026-09-08T13:00:00+00:00,57,39.3,1.45,Low
R003,2026-09-08T13:00:00+00:00,54,48.1,1.12,Low
R004,2026-09-08T13:00:00+00:00,28,58.7,0.48,Low
R005,2026-09-08T13:00:00+00:00,69,34.1,2.02,Low
R006,2026-09-08T13:00:00+00:00,103,29.6,3.48,Low
R007,2026-09-08T13:00:00+00:00,116,22.6,5.13,Low
road-001,2026-09-08T13:00:00+00:00,40,39.5,1.01,Low
road-002,2026-09-08T13:00:00+00:00,73,28.5,2.56,Low
road-003,2026-09-08T13:00:00+00:00,116,17.6,6.59,Low
road-004,2026-09-08T13:00:00+00:00,57,31.0,1.84,Low
R001,2026-09-08T14:00:00+00:00,57,60.6,0.94,Low
R002,2026-09-08T14:00:00+00:00,60,41.3,1.45,Low
R003,2026-09-08T14:00:00+00:00,61,42.5,1.44,Low
R004,2026-09-08T14:00:00+00:00,30,65.7,0.46,Low
R005,2026-09-08T14:00:00+00:00,69,36.0,1.92,Low
R006,2026-09-08T14:00:00+00:00,106,28.3,3.75,Low
R007,2026-09-08T14:00:00+00:00,123,22.1,5.57,Low
road-001,2026-09-08T14:00:00+00:00,36,41.8,0.86,Low
road-002,2026-09-08T14:00:00+00:00,78,28.0,2.79,Low
road-003,2026-09-08T14:00:00+00:00,112,17.1,6.55,Low
road-004,2026-09-08T14:00:00+00:00,61,32.9,1.85,Low
R001,2026-09-08T15:00:00+00:00,69,53.4,1.29,Low
R002,2026-09-08T15:00:00+00:00,84,41.8,2.01,Low
R003,2026-09-08T15:00:00+00:00,70,42.2,1.66,Low
R004,2026-09-08T15:00:00+00:00,32,64.1,0.5,Low
R005,2026-09-08T15:00:00+00:00,86,33.2,2.59,Low
R006,2026-09-08T15:00:00+00:00,120,30.5,3.93,Low
R007,2026-09-08T15:00:00+00:00,149,21.5,6.93,Low
road-001,2026-09-08T15:00:00+00:00,48,39.3,1.22,Low
road-002,2026-09-08T15:00:00+00:00,93,24.4,3.81,Low
road-003,2026-09-08T15:00:00+00:00,127,17.4,7.3,Low
road-004,2026-09-08T15:00:00+00:00,72,30.4,2.37,Low
R001,2026-09-08T16:00:00+00:00,71,55.2,1.29,Low
R002,2026-09-08T16:00:00+00:00,79,38.3,2.06,Low
R003,2026-09-08T16:00:00+00:00,65,44.3,1.47,Low
R004,2026-09-08T16:00:00+00:00,32,62.8,0.51,Low
R005,2026-09-08T16:00:00+00:00,85,34.0,2.5,Low
R006,2026-09-08T16:00:00+00:00,121,30.3,3.99,Low
R007,2026-09-08T16:00:00+00:00,136,21.9,6.21,Low
road-001,2026-09-08T16:00:00+00:00,49,41.3,1.19,Low
road-002,2026-09-08T16:00:00+00:00,82,24.6,3.33,Low
road-003,2026-09-08T16:00:00+00:00,136,15.8,8.61,Low
road-004,2026-09-08T16:00:00+00:00,69,28.4,2.43,Low
R001,2026-09-08T17:00:00+00:00,107,49.0,2.18,Low
R002,2026-09-08T17:00:00+00:00,140,32.8,4.27,Low
R003,2026-09-08T17:00:00+00:00,117,40.4,2.9,Low
R004,2026-09-08T17:00:00+00:00,51,62.1,0.82,Low
R005,2026-09-08T17:00:00+00:00,129,31.4,4.11,Low
R006,2026-09-08T17:00:00+00:00,206,22.3,9.24,Low
R007,2026-09-08T17:00:00+00:00,256,14.2,18.03,Medium
road-001,2026-09-08T17:00:00+00:00,75,39.5,1.9,Low
road-002,2026-09-08T17:00:00+00:00,164,18.2,9.01,Low
road-003,2026-09-08T17:00:00+00:00,232,13.3,17.44,Medium
road-004,2026-09-08T17:00:00+00:00,110,26.8,4.1,Low
R001,2026-09-08T18:00:00+00:00,151,43.7,3.46,Low
R002,2026-09-08T18:00:00+00:00,162,26.3,6.16,Low
R003,2026-09-08T18:00:00+00:00,142,35.7,3.98,Low
R004,2026-09-08T18:00:00+00:00,72,58.4,1.23,Low
R005,2026-09-08T18:00:00+00:00,183,23.9,7.66,Low
R006,2026-09-08T18:00:00+00:00,251,16.6,15.12,Medium
R007,2026-09-08T18:00:00+00:00,314,10.2,30.78,Severe
road-001,2026-09-08T18:00:00+00:00,99,35.5,2.79,Low
road-002,2026-09-08T18:00:00+00:00,207,13.7,15.11,Medium
road-003,2026-09-08T18:00:00+00:00,258,11.5,22.43,High
road-004,2026-09-08T18:00:00+00:00,129,21.1,6.11,Low
R001,2026-09-08T19:00:00+00:00,113,49.3,2.29,Low
R002,2026-09-08T19:00:00+00:00,129,33.6,3.84,Low
R003,2026-09-08T19:00:00+00:00,113,39.9,2.83,Low
R004,2026-09-08T19:00:00+00:00,53,57.2,0.93,Low
R005,2026-09-08T19:00:00+00:00,146,26.0,5.62,Low
R006,2026-09-08T19:00:00+00:00,183,22.7,8.06,Low
R007,2026-09-08T19:00:00+00:00,222,17.3,12.83,Medium
road-001,2026-09-08T19:00:00+00:00,81,37.8,2.14,Low
road-002,2026-09-08T19:00:00+00:00,154,20.1,7.66,Low
road-003,2026-09-08T19:00:00+00:00,219,13.7,15.99,Medium
road-004,2026-09-08T19:00:00+00:00,108,24.1,4.48,Low
R001,2026-09-08T20:00:00+00:00,61,52.3,1.17,Low
R002,2026-09-08T20:00:00+00:00,77,39.1,1.97,Low
R003,2026-09-08T20:00:00+00:00,71,41.8,1.7,Low
R004,2026-09-08T20:00:00+00:00,31,59.4,0.52,Low
R005,2026-09-08T20:00:00+00:00,79,34.2,2.31,Low
R006,2026-09-08T20:00:00+00:00,108,30.9,3.5,Low
R007,2026-09-08T20:00:00+00:00,143,22.1,6.47,Low
road-001,2026-09-08T20:00:00+00:00,49,44.4,1.1,Low
road-002,2026-09-08T20:00:00+00:00,81,26.8,3.02,Low
road-003,2026-09-08T20:00:00+00:00,130,17.9,7.26,Low
road-004,2026-09-08T20:00:00+00:00,67,30.8,2.18,Low
R001,2026-09-08T21:00:00+00:00,39,59.7,0.65,Low
R002,2026-09-08T21:00:00+00:00,40,45.8,0.87,Low
R003,2026-09-08T21:00:00+00:00,42,46.7,0.9,Low
R004,2026-09-08T21:00:00+00:00,18,61.6,0.29,Low
R005,2026-09-08T21:00:00+00:00,48,39.6,1.21,Low
R006,2026-09-08T21:00:00+00:00,61,34.3,1.78,Low
R007,2026-09-08T21:00:00+00:00,77,21.5,3.58,Low
road-001,2026-09-08T21:00:00+00:00,27,41.3,0.65,Low
road-002,2026-09-08T21:00:00+00:00,49,30.2,1.62,Low
road-003,2026-09-08T21:00:00+00:00,67,20.2,3.32,Low
road-004,2026-09-08T21:00:00+00:00,36,30.5,1.18,Low
R001,2026-09-08T22:00:00+00:00,23,60.7,0.38,Low
R002,2026-09-08T22:00:00+00:00,32,46.1,0.69,Low
R003,2026-09-08T22:00:00+00:00,27,45.7,0.59,Low
R004,2026-09-08T22:00:00+00:00,13,66.3,0.2,Low
R005,2026-09-08T22:00:00+00:00,35,40.2,0.87,Low
R006,2026-09-08T22:00:00+00:00,46,35.9,1.28,Low
R007,2026-09-08T22:00:00+00:00,59,22.5,2.62,Low
road-001,2026-09-08T22:00:00+00:00,18,43.0,0.42,Low
road-002,2026-09-08T22:00:00+00:00,32,27.0,1.19,Low
road-003,2026-09-08T22:00:00+00:00,55,19.3,2.85,Low
road-004,2026-09-08T22:00:00+00:00,26,32.4,0.8,Low
R001,2026-09-08T23:00:00+00:00,23,58.0,0.4,Low
R002,2026-09-08T23:00:00+00:00,28,43.3,0.65,Low
R003,2026-09-08T23:00:00+00:00,23,50.4,0.46,Low
R004,2026-09-08T23:00:00+00:00,12,65.8,0.18,Low
R005,2026-09-08T23:00:00+00:00,30,40.4,0.74,Low
R006,2026-09-08T23:00:00+00:00,43,34.8,1.24,Low
R007,2026-09-08T23:00:00+00:00,47,25.8,1.82,Low
road-001,2026-09-08T23:00:00+00:00,15,46.4,0.32,Low
road-002,2026-09-08T23:00:00+00:00,31,27.2,1.14,Low
road-003,2026-09-08T23:00:00+00:00,51,19.0,2.68,Low
road-004,2026-09-08T23:00:00+00:00,23,34.9,0.66,Low
R001,2026-09-09T00:00:00+00:00,23,59.4,0.39,Low
R002,2026-09-09T00:00:00+00:00,25,43.2,0.58,Low
R003,2026-09-09T00:00:00+00:00,27,49.1,0.55,Low
R004,2026-09-09T00:00:00+00:00,13,60.6,0.21,Low
R005,2026-09-09T00:00:00+00:00,31,41.3,0.75,Low
R006,2026-09-09T00:00:00+00:00,44,34.9,1.26,Low
R007,2026-09-09T00:00:00+00:00,50,25.8,1.94,Low
road-001,2026-09-09T00:00:00+00:00,17,44.6,0.38,Low
road-002,2026-09-09T00:00:00+00:00,30,26.8,1.12,Low
road-003,2026-09-09T00:00:00+00:00,48,19.4,2.47,Low
road-004,2026-09-09T00:00:00+00:00,26,32.8,0.79,Low
R001,2026-09-09T01:00:00+00:00,25,62.8,0.4,Low
R002,2026-09-09T01:00:00+00:00,27,43.3,0.62,Low
R003,2026-09-09T01:00:00+00:00,26,48.9,0.53,Low
R004,2026-09-09T01:00:00+00:00,11,61.5,0.18,Low
R005,2026-09-09T01:00:00+00:00,32,36.8,0.87,Low
R006,2026-09-09T01:00:00+00:00,39,35.5,1.1,Low
R007,2026-09-09T01:00:00+00:00,55,25.3,2.17,Low
road-001,2026-09-09T01:00:00+00:00,18,47.6,0.38,Low
road-002,2026-09-09T01:00:00+00:00,32,29.3,1.09,Low
road-003,2026-09-09T01:00:00+00:00,45,18.0,2.5,Low
road-004,2026-09-09T01:00:00+00:00,22,35.3,0.62,Low
R001,2026-09-09T02:00:00+00:00,23,57.5,0.4,Low
R002,2026-09-09T02:00:00+00:00,25,45.1,0.55,Low
R003,2026-09-09T02:00:00+00:00,23,50.0,0.46,Low
R004,2026-09-09T02:00:00+00:00,12,62.5,0.19,Low
R005,2026-09-09T02:00:00+00:00,29,39.6,0.73,Low
R006,2026-09-09T02:00:00+00:00,40,34.3,1.17,Low
R007,2026-09-09T02:00:00+00:00,52,23.5,2.21,Low
road-001,2026-09-09T02:00:00+00:00,16,43.8,0.37,Low
road-002,2026-09-09T02:00:00+00:00,29,28.0,1.04,Low
road-003,2026-09-09T02:00:00+00:00,45,20.1,2.24,Low
road-004,2026-09-09T02:00:00+00:00,23,35.9,0.64,Low
R001,2026-09-09T03:00:00+00:00,22,61.4,0.36,Low
R002,2026-09-09T03:00:00+00:00,30,43.4,0.69,Low
R003,2026-09-09T03:00:00+00:00,25,47.4,0.53,Low
R004,2026-09-09T03:00:00+00:00,12,61.0,0.2,Low
R005,2026-09-09T03:00:00+00:00,30,41.0,0.73,Low
R006,2026-09-09T03:00:00+00:00,45,31.6,1.42,Low
R007,2026-09-09T03:00:00+00:00,52,23.1,2.25,Low
road-001,2026-09-09T03:00:00+00:00,18,41.2,0.44,Low
road-002,2026-09-09T03:00:00+00:00,30,26.9,1.12,Low
road-003,2026-09-09T03:00:00+00:00,48,17.8,2.7,Low
road-004,2026-09-09T03:00:00+00:00,24,33.5,0.72,Low
R001,2026-09-09T04:00:00+00:00,24,62.9,0.38,Low
R002,2026-09-09T04:00:00+00:00,28,44.1,0.63,Low
R003,2026-09-09T04:00:00+00:00,28,48.5,0.58,Low
R004,2026-09-09T04:00:00+00:00,12,63.0,0.19,Low
R005,2026-09-09T04:00:00+00:00,28,40.6,0.69,Low
R006,2026-09-09T04:00:00+00:00,44,32.5,1.35,Low
R007,2026-09-09T04:00:00+00:00,51,24.1,2.12,Low
road-001,2026-09-09T04:00:00+00:00,16,44.3,0.36,Low
road-002,2026-09-09T04:00:00+00:00,34,30.6,1.11,Low
road-003,2026-09-09T04:00:00+00:00,51,19.6,2.6,Low
road-004,2026-09-09T04:00:00+00:00,22,34.2,0.64,Low
R001,2026-09-09T05:00:00+00:00,25,56.0,0.45,Low
R002,2026-09-09T05:00:00+00:00,32,44.7,0.72,Low
R003,2026-09-09T05:00:00+00:00,30,50.4,0.6,Low
R004,2026-09-09T05:00:00+00:00,12,62.9,0.19,Low
R005,2026-09-09T05:00:00+00:00,30,38.8,0.77,Low
R006,2026-09-09T05:00:00+00:00,41,33.1,1.24,Low
R007,2026-09-09T05:00:00+00:00,50,22.9,2.18,Low
road-001,2026-09-09T05:00:00+00:00,19,43.1,0.44,Low
road-002,2026-09-09T05:00:00+00:00,35,28.7,1.22,Low
road-003,2026-09-09T05:00:00+00:00,46,20.8,2.21,Low
road-004,2026-09-09T05:00:00+00:00,24,35.1,0.68,Low
R001,2026-09-09T06:00:00+00:00,36,61.3,0.59,Low
R002,2026-09-09T06:00:00+00:00,45,41.0,1.1,Low
R003,2026-09-09T06:00:00+00:00,40,45.3,0.88,Low
R004,2026-09-09T06:00:00+00:00,18,62.4,0.29,Low
R005,2026-09-09T06:00:00+00:00,47,39.7,1.18,Low
R006,2026-09-09T06:00:00+00:00,64,31.9,2.01,Low
R007,2026-09-09T06:00:00+00:00,85,23.0,3.7,Low
road-001,2026-09-09T06:00:00+00:00,25,46.2,0.54,Low
road-002,2026-09-09T06:00:00+00:00,50,28.0,1.79,Low
road-003,2026-09-09T06:00:00+00:00,74,18.6,3.98,Low
road-004,2026-09-09T06:00:00+00:00,34,31.5,1.08,Low
R001,2026-09-09T07:00:00+00:00,66,56.9,1.16,Low
R002,2026-09-09T07:00:00+00:00,79,37.4,2.11,Low
R003,2026-09-09T07:00:00+00:00,76,45.7,1.66,Low
R004,2026-09-09T07:00:00+00:00,33,59.3,0.56,Low
R005,2026-09-09T07:00:00+00:00,95,34.6,2.75,Low
R006,2026-09-09T07:00:00+00:00,125,28.3,4.42,Low
R007,2026-09-09T07:00:00+00:00,147,19.1,7.7,Low
road-001,2026-09-09T07:00:00+00:00,54,37.5,1.44,Low
road-002,2026-09-09T07:00:00+00:00,90,25.8,3.49,Low
road-003,2026-09-09T07:00:00+00:00,134,17.0,7.88,Low
road-004,2026-09-09T07:00:00+00:00,65,30.8,2.11,Low
R001,2026-09-09T08:00:00+00:00,107,49.1,2.18,Low
R002,2026-09-09T08:00:00+00:00,128,35.9,3.57,Low
R003,2026-09-09T08:00:00+00:00,130,37.3,3.49,Low
R004,2026-09-09T08:00:00+00:00,53,60.9,0.87,Low
R005,2026-09-09T08:00:00+00:00,152,25.8,5.89,Low
R006,2026-09-09T08:00:00+00:00,189,22.6,8.36,Low
R007,2026-09-09T08:00:00+00:00,280,13.2,21.21,High
road-001,2026-09-09T08:00:00+00:00,77,39.5,1.95,Low
road-002,2026-09-09T08:00:00+00:00,165,19.6,8.42,Low
road-003,2026-09-09T08:00:00+00:00,250,11.0,22.73,High
road-004,2026-09-09T08:00:00+00:00,121,22.6,5.35,Low
R001,2026-09-09T09:00:00+00:00,123,47.7,2.58,Low
R002,2026-09-09T09:00:00+00:00,136,32.8,4.15,Low
R003,2026-09-09T09:00:00+00:00,120,37.7,3.18,Low
R004,2026-09-09T09:00:00+00:00,54,55.8,0.97,Low
R005,2026-09-09T09:00:00+00:00,157,26.1,6.02,Low
R006,2026-09-09T09:00:00+00:00,202,20.3,9.95,Low
R007,2026-09-09T09:00:00+00:00,234,15.4,15.19,Medium
road-001,2026-09-09T09:00:00+00:00,85,33.6,2.53,Low
road-002,2026-09-09T09:00:00+00:00,171,18.1,9.45,Low
road-003,2026-09-09T09:00:00+00:00,217,13.1,16.56,Medium
road-004,2026-09-09T09:00:00+00:00,109,25.6,4.26,Low
R001,2026-09-09T10:00:00+00:00,108,54.2,1.99,Low
R002,2026-09-09T10:00:00+00:00,125,34.7,3.6,Low
R003,2026-09-09T10:00:00+00:00,111,38.8,2.86,Low
R004,2026-09-09T10:00:00+00:00,46,60.3,0.76,Low
R005,2026-09-09T10:00:00+00:00,120,32.2,3.73,Low
R006,2026-09-09T10:00:00+00:00,189,22.3,8.48,Low
R007,2026-09-09T10:00:00+00:00,225,16.6,13.55,Medium
road-001,2026-09-09T10:00:00+00:00,76,38.8,1.96,Low
road-002,2026-09-09T10:00:00+00:00,129,20.9,6.17,Low
road-003,2026-09-09T10:00:00+00:00,203,13.2,15.38,Medium
road-004,2026-09-09T10:00:00+00:00,109,24.3,4.49,Low
R001,2026-09-09T11:00:00+00:00,71,54.4,1.31,Low
R002,2026-09-09T11:00:00+00:00,72,41.5,1.73,Low
R003,2026-09-09T11:00:00+00:00,76,44.7,1.7,Low
R004,2026-09-09T11:00:00+00:00,30,57.4,0.52,Low
R005,2026-09-09T11:00:00+00:00,85,35.5,2.39,Low
R006,2026-09-09T11:00:00+00:00,112,28.8,3.89,Low
R007,2026-09-09T11:00:00+00:00,134,21.4,6.26,Low
road-001,2026-09-09T11:00:00+00:00,44,44.1,1.0,Low
road-002,2026-09-09T11:00:00+00:00,90,24.9,3.61,Low
road-003,2026-09-09T11:00:00+00:00,127,17.4,7.3,Low
road-004,2026-09-09T11:00:00+00:00,70,29.5,2.37,Low
R001,2026-09-09T12:00:00+00:00,58,56.3,1.03,Low
R002,2026-09-09T12:00:00+00:00,63,41.4,1.52,Low
R003,2026-09-09T12:00:00+00:00,57,44.8,1.27,Low
R004,2026-09-09T12:00:00+00:00,26,64.9,0.4,Low
R005,2026-09-09T12:00:00+00:00,72,37.7,1.91,Low
R006,2026-09-09T12:00:00+00:00,100,31.5,3.17,Low
R007,2026-09-09T12:00:00+00:00,119,22.2,5.36,Low
road-001,2026-09-09T12:00:00+00:00,36,40.6,0.89,Low
road-002,2026-09-09T12:00:00+00:00,75,25.9,2.9,Low
road-003,2026-09-09T12:00:00+00:00,112,18.0,6.22,Low
road-004,2026-09-09T12:00:00+00:00,58,29.5,1.97,Low
R001,2026-09-09T13:00:00+00:00,59,51.9,1.14,Low
R002,2026-09-09T13:00:00+00:00,58,39.1,1.48,Low
R003,2026-09-09T13:00:00+00:00,63,45.1,1.4,Low
R004,2026-09-09T13:00:00+00:00,24,60.3,0.4,Low
R005,2026-09-09T13:00:00+00:00,62,33.8,1.83,Low
R006,2026-09-09T13:00:00+00:00,92,33.2,2.77,Low
R007,2026-09-09T13:00:00+00:00,120,21.6,5.56,Low
road-001,2026-09-09T13:00:00+00:00,40,42.8,0.93,Low
road-002,2026-09-09T13:00:00+00:00,81,27.5,2.95,Low
road-003,2026-09-09T13:00:00+00:00,111,17.3,6.42,Low
road-004,2026-09-09T13:00:00+00:00,51,32.6,1.56,Low
R001,2026-09-09T14:00:00+00:00,59,54.4,1.08,Low
R002,2026-09-09T14:00:00+00:00,59,42.0,1.4,Low
R003,2026-09-09T14:00:00+00:00,60,43.9,1.37,Low
R004,2026-09-09T14:00:00+00:00,26,58.2,0.45,Low
R005,2026-09-09T14:00:00+00:00,66,33.3,1.98,Low
R006,2026-09-09T14:00:00+00:00,91,33.4,2.72,Low
R007,2026-09-09T14:00:00+00:00,128,20.6,6.21,Low
road-001,2026-09-09T14:00:00+00:00,38,43.0,0.88,Low
road-002,2026-09-09T14:00:00+00:00,77,27.4,2.81,Low
road-003,2026-09-09T14:00:00+00:00,102,16.6,6.14,Low
road-004,2026-09-09T14:00:00+00:00,53,33.3,1.59,Low
R001,2026-09-09T15:00:00+00:00,71,53.8,1.32,Low
R002,2026-09-09T15:00:00+00:00,84,37.5,2.24,Low
R003,2026-09-09T15:00:00+00:00,73,42.3,1.73,Low
R004,2026-09-09T15:00:00+00:00,35,62.4,0.56,Low
R005,2026-09-09T15:00:00+00:00,78,34.6,2.25,Low
R006,2026-09-09T15:00:00+00:00,106,27.8,3.81,Low
R007,2026-09-09T15:00:00+00:00,137,22.2,6.17,Low
road-001,2026-09-09T15:00:00+00:00,49,44.2,1.11,Low
road-002,2026-09-09T15:00:00+00:00,97,26.2,3.7,Low
road-003,2026-09-09T15:00:00+00:00,134,17.2,7.79,Low
road-004,2026-09-09T15:00:00+00:00,72,30.0,2.4,Low
R001,2026-09-09T16:00:00+00:00,69,57.6,1.2,Low
R002,2026-09-09T16:00:00+00:00,84,38.6,2.18,Low
R003,2026-09-09T16:00:00+00:00,70,45.4,1.54,Low
R004,2026-09-09T16:00:00+00:00,29,58.7,0.49,Low
R005,2026-09-09T16:00:00+00:00,75,36.2,2.07,Low
R006,2026-09-09T16:00:00+00:00,126,29.1,4.33,Low
R007,2026-09-09T16:00:00+00:00,135,20.2,6.68,Low
road-001,2026-09-09T16:00:00+00:00,50,41.2,1.21,Low
road-002,2026-09-09T16:00:00+00:00,81,27.5,2.95,Low
road-003,2026-09-09T16:00:00+00:00,125,15.9,7.86,Low
road-004,2026-09-09T16:00:00+00:00,68,31.7,2.15,Low
R001,2026-09-09T17:00:00+00:00,103,55.1,1.87,Low
R002,2026-09-09T17:00:00+00:00,130,32.4,4.01,Low
R003,2026-09-09T17:00:00+00:00,131,35.4,3.7,Low
R004,2026-09-09T17:00:00+00:00,61,59.0,1.03,Low
R005,2026-09-09T17:00:00+00:00,152,26.7,5.69,Low
R006,2026-09-09T17:00:00+00:00,185,24.0,7.71,Low
R007,2026-09-09T17:00:00+00:00,262,13.0,20.15,High
road-001,2026-09-09T17:00:00+00:00,75,36.3,2.07,Low
road-002,2026-09-09T17:00:00+00:00,158,18.4,8.59,Low
road-003,2026-09-09T17:00:00+00:00,207,14.5,14.28,Medium
road-004,2026-09-09T17:00:00+00:00,116,24.8,4.68,Low
R001,2026-09-09T18:00:00+00:00,141,48.4,2.91,Low
R002,2026-09-09T18:00:00+00:00,162,26.5,6.11,Low
R003,2026-09-09T18:00:00+00:00,148,34.7,4.27,Low
R004,2026-09-09T18:00:00+00:00,68,60.3,1.13,Low
R005,2026-09-09T18:00:00+00:00,186,23.3,7.98,Low
R006,2026-09-09T18:00:00+00:00,241,18.7,12.89,Medium
R007,2026-09-09T18:00:00+00:00,323,9.2,35.11,Severe
road-001,2026-09-09T18:00:00+00:00,92,35.6,2.58,Low
road-002,2026-09-09T18:00:00+00:00,172,18.9,9.1,Low
road-003,2026-09-09T18:00:00+00:00,274,10.4,26.35,High
road-004,2026-09-09T18:00:00+00:00,138,20.6,6.7,Low
R001,2026-09-09T19:00:00+00:00,116,47.3,2.45,Low
R002,2026-09-09T19:00:00+00:00,144,32.2,4.47,Low
R003,2026-09-09T19:00:00+00:00,121,39.4,3.07,Low
R004,2026-09-09T19:00:00+00:00,50,56.6,0.88,Low
R005,2026-09-09T19:00:00+00:00,143,27.1,5.28,Low
R006,2026-09-09T19:00:00+00:00,201,20.7,9.71,Low
R007,2026-09-09T19:00:00+00:00,246,14.1,17.45,Medium
road-001,2026-09-09T19:00:00+00:00,79,37.9,2.08,Low
road-002,2026-09-09T19:00:00+00:00,150,20.2,7.43,Low
road-003,2026-09-09T19:00:00+00:00,212,13.8,15.36,Medium
road-004,2026-09-09T19:00:00+00:00,109,26.6,4.1,Low
R001,2026-09-09T20:00:00+00:00,63,53.1,1.19,Low
R002,2026-09-09T20:00:00+00:00,71,40.7,1.74,Low
R003,2026-09-09T20:00:00+00:00,67,42.3,1.58,Low
R004,2026-09-09T20:00:00+00:00,31,59.6,0.52,Low
R005,2026-09-09T20:00:00+00:00,81,34.2,2.37,Low
R006,2026-09-09T20:00:00+00:00,107,32.0,3.34,Low
R007,2026-09-09T20:00:00+00:00,132,22.0,6.0,Low
road-001,2026-09-09T20:00:00+00:00,43,41.9,1.03,Low
road-002,2026-09-09T20:00:00+00:00,99,26.2,3.78,Low
road-003,2026-09-09T20:00:00+00:00,132,17.3,7.63,Low
road-004,2026-09-09T20:00:00+00:00,69,29.1,2.37,Low
R001,2026-09-09T21:00:00+00:00,36,58.9,0.61,Low
R002,2026-09-09T21:00:00+00:00,41,44.2,0.93,Low
R003,2026-09-09T21:00:00+00:00,35,50.6,0.69,Low
R004,2026-09-09T21:00:00+00:00,17,65.2,0.26,Low
R005,2026-09-09T21:00:00+00:00,44,36.9,1.19,Low
R006,2026-09-09T21:00:00+00:00,61,33.1,1.84,Low
R007,2026-09-09T21:00:00+00:00,84,22.1,3.8,Low
road-001,2026-09-09T21:00:00+00:00,23,41.1,0.56,Low
road-002,2026-09-09T21:00:00+00:00,53,30.0,1.77,Low
road-003,2026-09-09T21:00:00+00:00,67,19.1,3.51,Low
road-004,2026-09-09T21:00:00+00:00,37,31.3,1.18,Low
R001,2026-09-09T22:00:00+00:00,27,57.5,0.47,Low
R002,2026-09-09T22:00:00+00:00,31,43.5,0.71,Low
R003,2026-09-09T22:00:00+00:00,29,51.6,0.56,Low
R004,2026-09-09T22:00:00+00:00,12,62.1,0.19,Low
R005,2026-09-09T22:00:00+00:00,33,36.5,0.9,Low
R006,2026-09-09T22:00:00+00:00,42,35.4,1.19,Low
R007,2026-09-09T22:00:00+00:00,54,24.4,2.21,Low
road-001,2026-09-09T22:00:00+00:00,18,46.6,0.39,Low
road-002,2026-09-09T22:00:00+00:00,32,27.5,1.16,Low
road-003,2026-09-09T22:00:00+00:00,49,18.7,2.62,Low
road-004,2026-09-09T22:00:00+00:00,24,32.7,0.73,Low
R001,2026-09-09T23:00:00+00:00,24,56.9,0.42,Low
R002,2026-09-09T23:00:00+00:00,27,46.4,0.58,Low
R003,2026-09-09T23:00:00+00:00,25,49.6,0.5,Low
R004,2026-09-09T23:00:00+00:00,13,63.4,0.21,Low
R005,2026-09-09T23:00:00+00:00,28,36.0,0.78,Low
R006,2026-09-09T23:00:00+00:00,44,34.5,1.28,Low
R007,2026-09-09T23:00:00+00:00,57,24.6,2.32,Low
road-001,2026-09-09T23:00:00+00:00,15,42.0,0.36,Low
road-002,2026-09-09T23:00:00+00:00,30,27.1,1.11,Low
road-003,2026-09-09T23:00:00+00:00,52,19.3,2.69,Low
road-004,2026-09-09T23:00:00+00:00,21,33.6,0.62,Low
R001,2026-09-10T00:00:00+00:00,25,55.1,0.45,Low
R002,2026-09-10T00:00:00+00:00,26,41.5,0.63,Low
R003,2026-09-10T00:00:00+00:00,26,51.8,0.5,Low
R004,2026-09-10T00:00:00+00:00,11,61.8,0.18,Low
R005,2026-09-10T00:00:00+00:00,28,39.7,0.71,Low
R006,2026-09-10T00:00:00+00:00,38,35.7,1.06,Low
R007,2026-09-10T00:00:00+00:00,47,24.8,1.9,Low
road-001,2026-09-10T00:00:00+00:00,18,42.9,0.42,Low
road-002,2026-09-10T00:00:00+00:00,32,31.2,1.03,Low
road-003,2026-09-10T00:00:00+00:00,48,18.6,2.58,Low
road-004,2026-09-10T00:00:00+00:00,23,36.6,0.63,Low
R001,2026-09-10T01:00:00+00:00,24,56.0,0.43,Low
R002,2026-09-10T01:00:00+00:00,28,44.7,0.63,Low
R003,2026-09-10T01:00:00+00:00,26,49.3,0.53,Low
R004,2026-09-10T01:00:00+00:00,12,65.8,0.18,Low
R005,2026-09-10T01:00:00+00:00,28,38.0,0.74,Low
R006,2026-09-10T01:00:00+00:00,42,35.4,1.19,Low
R007,2026-09-10T01:00:00+00:00,51,23.5,2.17,Low
road-001,2026-09-10T01:00:00+00:00,16,42.9,0.37,Low
road-002,2026-09-10T01:00:00+00:00,29,30.6,0.95,Low
road-003,2026-09-10T01:00:00+00:00,51,18.7,2.73,Low
road-004,2026-09-10T01:00:00+00:00,23,31.4,0.73,Low
R001,2026-09-10T02:00:00+00:00,26,63.1,0.41,Low
R002,2026-09-10T02:00:00+00:00,27,40.4,0.67,Low
R003,2026-09-10T02:00:00+00:00,25,47.3,0.53,Low
R004,2026-09-10T02:00:00+00:00,11,59.3,0.19,Low
R005,2026-09-10T02:00:00+00:00,29,38.3,0.76,Low
R006,2026-09-10T02:00:00+00:00,42,33.1,1.27,Low
R007,2026-09-10T02:00:00+00:00,48,25.0,1.92,Low
road-001,2026-09-10T02:00:00+00:00,16,43.4,0.37,Low
road-002,2026-09-10T02:00:00+00:00,31,28.7,1.08,Low
road-003,2026-09-10T02:00:00+00:00,45,20.2,2.23,Low
road-004,2026-09-10T02:00:00+00:00,25,35.6,0.7,Low
R001,2026-09-10T03:00:00+00:00,24,57.0,0.42,Low
R002,2026-09-10T03:00:00+00:00,29,45.9,0.63,Low
R003,2026-09-10T03:00:00+00:00,25,51.7,0.48,Low
R004,2026-09-10T03:00:00+00:00,11,62.2,0.18,Low
R005,2026-09-10T03:00:00+00:00,30,39.6,0.76,Low
R006,2026-09-10T03:00:00+00:00,40,34.5,1.16,Low
R007,2026-09-10T03:00:00+00:00,48,22.3,2.15,Low
road-001,2026-09-10T03:00:00+00:00,15,44.6,0.34,Low
road-002,2026-09-10T03:00:00+00:00,30,27.3,1.1,Low
road-003,2026-09-10T03:00:00+00:00,45,20.0,2.25,Low
road-004,2026-09-10T03:00:00+00:00,25,32.5,0.77,Low
R001,2026-09-10T04:00:00+00:00,22,59.1,0.37,Low
R002,2026-09-10T04:00:00+00:00,27,42.6,0.63,Low
R003,2026-09-10T04:00:00+00:00,27,52.6,0.51,Low
R004,2026-09-10T04:00:00+00:00,11,67.4,0.16,Low
R005,2026-09-10T04:00:00+00:00,29,41.0,0.71,Low
R006,2026-09-10T04:00:00+00:00,46,31.1,1.48,Low
R007,2026-09-10T04:00:00+00:00,55,22.3,2.47,Low
road-001,2026-09-10T04:00:00+00:00,16,42.1,0.38,Low
road-002,2026-09-10T04:00:00+00:00,35,30.4,1.15,Low
road-003,2026-09-10T04:00:00+00:00,51,18.1,2.82,Low
road-004,2026-09-10T04:00:00+00:00,25,32.6,0.77,Low
R001,2026-09-10T05:00:00+00:00,27,58.3,0.46,Low
R002,2026-09-10T05:00:00+00:00,31,40.4,0.77,Low
R003,2026-09-10T05:00:00+00:00,27,50.9,0.53,Low
R004,2026-09-10T05:00:00+00:00,12,69.3,0.17,Low
R005,2026-09-10T05:00:00+00:00,31,39.9,0.78,Low
R006,2026-09-10T05:00:00+00:00,43,32.7,1.31,Low
R007,2026-09-10T05:00:00+00:00,57,22.1,2.58,Low
road-001,2026-09-10T05:00:00+00:00,19,44.2,0.43,Low
road-002,2026-09-10T05:00:00+00:00,33,29.6,1.11,Low
road-003,2026-09-10T05:00:00+00:00,48,20.5,2.34,Low
road-004,2026-09-10T05:00:00+00:00,27,32.3,0.84,Low
R001,2026-09-10T06:00:00+00:00,33,59.7,0.55,Low
R002,2026-09-10T06:00:00+00:00,41,40.6,1.01,Low
R003,2026-09-10T06:00:00+00:00,37,45.1,0.82,Low
R004,2026-09-10T06:00:00+00:00,19,58.7,0.32,Low
R005,2026-09-10T06:00:00+00:00,41,39.9,1.03,Low
R006,2026-09-10T06:00:00+00:00,63,33.1,1.9,Low
R007,2026-09-10T06:00:00+00:00,77,21.7,3.55,Low
road-001,2026-09-10T06:00:00+00:00,24,40.8,0.59,Low
road-002,2026-09-10T06:00:00+00:00,51,30.0,1.7,Low
road-003,2026-09-10T06:00:00+00:00,80,18.8,4.26,Low
road-004,2026-09-10T06:00:00+00:00,33,34.1,0.97,Low
R001,2026-09-10T07:00:00+00:00,75,57.3,1.31,Low
R002,2026-09-10T07:00:00+00:00,77,37.9,2.03,Low
R003,2026-09-10T07:00:00+00:00,85,45.0,1.89,Low
R004,2026-09-10T07:00:00+00:00,37,64.4,0.57,Low
R005,2026-09-10T07:00:00+00:00,89,32.4,2.75,Low
R006,2026-09-10T07:00:00+00:00,131,27.3,4.8,Low
R007,2026-09-10T07:00:00+00:00,144,21.7,6.64,Low
road-001,2026-09-10T07:00:00+00:00,50,40.7,1.23,Low
road-002,2026-09-10T07:00:00+00:00,95,25.9,3.67,Low
road-003,2026-09-10T07:00:00+00:00,135,15.8,8.54,Low
road-004,2026-09-10T07:00:00+00:00,69,31.2,2.21,Low
R001,2026-09-10T08:00:00+00:00,112,53.1,2.11,Low
R002,2026-09-10T08:00:00+00:00,148,30.9,4.79,Low
R003,2026-09-10T08:00:00+00:00,116,36.8,3.15,Low
R004,2026-09-10T08:00:00+00:00,56,56.1,1.0,Low
R005,2026-09-10T08:00:00+00:00,143,25.7,5.56,Low
R006,2026-09-10T08:00:00+00:00,211,20.2,10.45,Medium
R007,2026-09-10T08:00:00+00:00,239,14.0,17.07,Medium
road-001,2026-09-10T08:00:00+00:00,89,37.2,2.39,Low
road-002,2026-09-10T08:00:00+00:00,153,20.7,7.39,Low
road-003,2026-09-10T08:00:00+00:00,243,12.0,20.25,High
road-004,2026-09-10T08:00:00+00:00,115,24.4,4.71,Low
R001,2026-09-10T09:00:00+00:00,117,50.2,2.33,Low
R002,2026-09-10T09:00:00+00:00,140,30.9,4.53,Low
R003,2026-09-10T09:00:00+00:00,131,34.4,3.81,Low
R004,2026-09-10T09:00:00+00:00,59,53.7,1.1,Low
R005,2026-09-10T09:00:00+00:00,157,24.5,6.41,Low
R006,2026-09-10T09:00:00+00:00,221,18.6,11.88,Medium
R007,2026-09-10T09:00:00+00:00,254,13.3,19.1,Medium
road-001,2026-09-10T09:00:00+00:00,84,38.4,2.19,Low
road-002,2026-09-10T09:00:00+00:00,167,18.6,8.98,Low
road-003,2026-09-10T09:00:00+00:00,245,11.3,21.68,High
road-004,2026-09-10T09:00:00+00:00,114,24.9,4.58,Low
R001,2026-09-10T10:00:00+00:00,93,56.4,1.65,Low
R002,2026-09-10T10:00:00+00:00,112,35.5,3.15,Low
R003,2026-09-10T10:00:00+00:00,119,35.9,3.31,Low
R004,2026-09-10T10:00:00+00:00,54,54.5,0.99,Low
R005,2026-09-10T10:00:00+00:00,129,31.7,4.07,Low
R006,2026-09-10T10:00:00+00:00,175,23.6,7.42,Low
R007,2026-09-10T10:00:00+00:00,230,16.5,13.94,Medium
road-001,2026-09-10T10:00:00+00:00,68,35.9,1.89,Low
road-002,2026-09-10T10:00:00+00:00,128,21.6,5.93,Low
road-003,2026-09-10T10:00:00+00:00,222,13.9,15.97,Medium
road-004,2026-09-10T10:00:00+00:00,93,28.2,3.3,Low
R001,2026-09-10T11:00:00+00:00,67,52.8,1.27,Low
R002,2026-09-10T11:00:00+00:00,78,37.9,2.06,Low
R003,2026-09-10T11:00:00+00:00,74,42.1,1.76,Low
R004,2026-09-10T11:00:00+00:00,35,60.8,0.58,Low
R005,2026-09-10T11:00:00+00:00,76,36.1,2.11,Low
R006,2026-09-10T11:00:00+00:00,113,29.1,3.88,Low
R007,2026-09-10T11:00:00+00:00,149,21.4,6.96,Low
road-001,2026-09-10T11:00:00+00:00,44,39.6,1.11,Low
road-002,2026-09-10T11:00:00+00:00,89,24.9,3.57,Low
road-003,2026-09-10T11:00:00+00:00,124,18.4,6.74,Low
road-004,2026-09-10T11:00:00+00:00,65,29.7,2.19,Low
R001,2026-09-10T12:00:00+00:00,53,61.4,0.86,Low
R002,2026-09-10T12:00:00+00:00,62,40.3,1.54,Low
R003,2026-09-10T12:00:00+00:00,63,45.1,1.4,Low
R004,2026-09-10T12:00:00+00:00,29,63.6,0.46,Low
R005,2026-09-10T12:00:00+00:00,70,34.2,2.05,Low
R006,2026-09-10T12:00:00+00:00,102,32.2,3.17,Low
R007,2026-09-10T12:00:00+00:00,114,23.4,4.87,Low
road-001,2026-09-10T12:00:00+00:00,39,41.6,0.94,Low
road-002,2026-09-10T12:00:00+00:00,80,28.2,2.84,Low
road-003,2026-09-10T12:00:00+00:00,113,17.5,6.46,Low
road-004,2026-09-10T12:00:00+00:00,61,29.9,2.04,Low
R001,2026-09-10T13:00:00+00:00,52,54.4,0.96,Low
R002,2026-09-10T13:00:00+00:00,67,37.5,1.79,Low
R003,2026-09-10T13:00:00+00:00,62,47.1,1.32,Low
R004,2026-09-10T13:00:00+00:00,25,63.5,0.39,Low
R005,2026-09-10T13:00:00+00:00,68,38.5,1.77,Low
R006,2026-09-10T13:00:00+00:00,88,28.8,3.06,Low
R007,2026-09-10T13:00:00+00:00,114,20.5,5.56,Low
road-001,2026-09-10T13:00:00+00:00,37,43.1,0.86,Low
road-002,2026-09-10T13:00:00+00:00,70,28.2,2.48,Low
road-003,2026-09-10T13:00:00+00:00,99,17.6,5.62,Low
road-004,2026-09-10T13:00:00+00:00,58,32.3,1.8,Low
R001,2026-09-10T14:00:00+00:00,58,59.1,0.98,Low
R002,2026-09-10T14:00:00+00:00,61,43.4,1.41,Low
R003,2026-09-10T14:00:00+00:00,63,46.1,1.37,Low
R004,2026-09-10T14:00:00+00:00,30,63.3,0.47,Low
R005,2026-09-10T14:00:00+00:00,67,37.4,1.79,Low
R006,2026-09-10T14:00:00+00:00,99,28.3,3.5,Low
R007,2026-09-10T14:00:00+00:00,110,22.9,4.8,Low
road-001,2026-09-10T14:00:00+00:00,38,44.5,0.85,Low
road-002,2026-09-10T14:00:00+00:00,75,28.1,2.67,Low
road-003,2026-09-10T14:00:00+00:00,120,16.4,7.32,Low
road-004,2026-09-10T14:00:00+00:00,57,31.8,1.79,Low
R001,2026-09-10T15:00:00+00:00,59,58.8,1.0,Low
R002,2026-09-10T15:00:00+00:00,75,38.6,1.94,Low
R003,2026-09-10T15:00:00+00:00,64,45.8,1.4,Low
R004,2026-09-10T15:00:00+00:00,30,62.4,0.48,Low
R005,2026-09-10T15:00:00+00:00,77,32.7,2.35,Low
R006,2026-09-10T15:00:00+00:00,120,28.3,4.24,Low
R007,2026-09-10T15:00:00+00:00,141,20.8,6.78,Low
road-001,2026-09-10T15:00:00+00:00,46,39.7,1.16,Low
road-002,2026-09-10T15:00:00+00:00,86,25.3,3.4,Low
road-003,2026-09-10T15:00:00+00:00,122,16.0,7.62,Low
road-004,2026-09-10T15:00:00+00:00,66,28.2,2.34,Low
R001,2026-09-10T16:00:00+00:00,64,52.2,1.23,Low
R002,2026-09-10T16:00:00+00:00,76,41.5,1.83,Low
R003,2026-09-10T16:00:00+00:00,66,42.6,1.55,Low
R004,2026-09-10T16:00:00+00:00,33,61.8,0.53,Low
R005,2026-09-10T16:00:00+00:00,84,32.9,2.55,Low
R006,2026-09-10T16:00:00+00:00,118,30.0,3.93,Low
R007,2026-09-10T16:00:00+00:00,135,19.4,6.96,Low
road-001,2026-09-10T16:00:00+00:00,49,40.0,1.23,Low
road-002,2026-09-10T16:00:00+00:00,98,23.2,4.22,Low
road-003,2026-09-10T16:00:00+00:00,136,16.4,8.29,Low
road-004,2026-09-10T16:00:00+00:00,63,29.8,2.11,Low
R001,2026-09-10T17:00:00+00:00,114,46.3,2.46,Low
R002,2026-09-10T17:00:00+00:00,126,36.4,3.46,Low
R003,2026-09-10T17:00:00+00:00,125,40.6,3.08,Low
R004,2026-09-10T17:00:00+00:00,55,55.1,1.0,Low
R005,2026-09-10T17:00:00+00:00,128,31.3,4.09,Low
R006,2026-09-10T17:00:00+00:00,185,22.7,8.15,Low
R007,2026-09-10T17:00:00+00:00,256,14.8,17.3,Medium
road-001,2026-09-10T17:00:00+00:00,73,35.3,2.07,Low
road-002,2026-09-10T17:00:00+00:00,169,19.6,8.62,Low
road-003,2026-09-10T17:00:00+00:00,242,12.6,19.21,Medium
road-004,2026-09-10T17:00:00+00:00,101,27.0,3.74,Low
R001,2026-09-10T18:00:00+00:00,127,48.0,2.65,Low
R002,2026-09-10T18:00:00+00:00,145,29.6,4.9,Low
R003,2026-09-10T18:00:00+00:00,150,32.1,4.67,Low
R004,2026-09-10T18:00:00+00:00,69,53.6,1.29,Low
R005,2026-09-10T18:00:00+00:00,171,25.0,6.84,Low
R006,2026-09-10T18:00:00+00:00,224,19.8,11.31,Medium
R007,2026-09-10T18:00:00+00:00,270,13.3,20.3,High
road-001,2026-09-10T18:00:00+00:00,100,31.4,3.18,Low
road-002,2026-09-10T18:00:00+00:00,177,16.9,10.47,Medium
road-003,2026-09-10T18:00:00+00:00,291,9.6,30.31,Severe
road-004,2026-09-10T18:00:00+00:00,125,23.5,5.32,Low
R001,2026-09-10T19:00:00+00:00,101,50.9,1.98,Low
R002,2026-09-10T19:00:00+00:00,125,35.8,3.49,Low
R003,2026-09-10T19:00:00+00:00,126,39.7,3.17,Low
R004,2026-09-10T19:00:00+00:00,50,62.8,0.8,Low
R005,2026-09-10T19:00:00+00:00,145,26.4,5.49,Low
R006,2026-09-10T19:00:00+00:00,192,24.2,7.93,Low
R007,2026-09-10T19:00:00+00:00,224,15.6,14.36,Medium
road-001,2026-09-10T19:00:00+00:00,85,36.5,2.33,Low
road-002,2026-09-10T19:00:00+00:00,145,20.7,7.0,Low
road-003,2026-09-10T19:00:00+00:00,223,13.8,16.16,Medium
road-004,2026-09-10T19:00:00+00:00,101,25.1,4.02,Low
R001,2026-09-10T20:00:00+00:00,66,54.2,1.22,Low
R002,2026-09-10T20:00:00+00:00,75,37.6,1.99,Low
R003,2026-09-10T20:00:00+00:00,69,43.9,1.57,Low
R004,2026-09-10T20:00:00+00:00,33,59.3,0.56,Low
R005,2026-09-10T20:00:00+00:00,90,34.0,2.65,Low
R006,2026-09-10T20:00:00+00:00,122,29.2,4.18,Low
R007,2026-09-10T20:00:00+00:00,153,21.2,7.22,Low
road-001,2026-09-10T20:00:00+00:00,49,38.1,1.29,Low
road-002,2026-09-10T20:00:00+00:00,91,24.5,3.71,Low
road-003,2026-09-10T20:00:00+00:00,122,18.2,6.7,Low
road-004,2026-09-10T20:00:00+00:00,68,28.2,2.41,Low
R001,2026-09-10T21:00:00+00:00,35,62.6,0.56,Low
R002,2026-09-10T21:00:00+00:00,42,43.7,0.96,Low
R003,2026-09-10T21:00:00+00:00,36,46.1,0.78,Low
R004,2026-09-10T21:00:00+00:00,16,68.8,0.23,Low
R005,2026-09-10T21:00:00+00:00,48,36.6,1.31,Low
R006,2026-09-10T21:00:00+00:00,63,31.1,2.03,Low
R007,2026-09-10T21:00:00+00:00,72,23.5,3.06,Low
road-001,2026-09-10T21:00:00+00:00,27,46.0,0.59,Low
road-002,2026-09-10T21:00:00+00:00,47,29.2,1.61,Low
road-003,2026-09-10T21:00:00+00:00,72,17.6,4.09,Low
road-004,2026-09-10T21:00:00+00:00,39,35.4,1.1,Low
R001,2026-09-10T22:00:00+00:00,24,63.1,0.38,Low
R002,2026-09-10T22:00:00+00:00,32,42.3,0.76,Low
R003,2026-09-10T22:00:00+00:00,28,52.2,0.54,Low
R004,2026-09-10T22:00:00+00:00,12,62.5,0.19,Low
R005,2026-09-10T22:00:00+00:00,35,39.9,0.88,Low
R006,2026-09-10T22:00:00+00:00,48,35.5,1.35,Low
R007,2026-09-10T22:00:00+00:00,55,23.6,2.33,Low
road-001,2026-09-10T22:00:00+00:00,18,47.2,0.38,Low
road-002,2026-09-10T22:00:00+00:00,38,30.7,1.24,Low
road-003,2026-09-10T22:00:00+00:00,49,20.1,2.44,Low
road-004,2026-09-10T22:00:00+00:00,24,32.3,0.74,Low
R001,2026-09-10T23:00:00+00:00,25,60.0,0.42,Low
R002,2026-09-10T23:00:00+00:00,26,44.4,0.59,Low
R003,2026-09-10T23:00:00+00:00,24,46.9,0.51,Low
R004,2026-09-10T23:00:00+00:00,12,62.9,0.19,Low
R005,2026-09-10T23:00:00+00:00,31,38.6,0.8,Low
R006,2026-09-10T23:00:00+00:00,42,34.3,1.22,Low
R007,2026-09-10T23:00:00+00:00,54,23.5,2.3,Low
road-001,2026-09-10T23:00:00+00:00,18,44.1,0.41,Low
road-002,2026-09-10T23:00:00+00:00,30,27.7,1.08,Low
road-003,2026-09-10T23:00:00+00:00,43,20.2,2.13,Low
road-004,2026-09-10T23:00:00+00:00,21,32.9,0.64,Low
R001,2026-09-11T00:00:00+00:00,23,61.4,0.37,Low
R002,2026-09-11T00:00:00+00:00,30,45.5,0.66,Low
R003,2026-09-11T00:00:00+00:00,23,52.4,0.44,Low
R004,2026-09-11T00:00:00+00:00,13,68.0,0.19,Low
R005,2026-09-11T00:00:00+00:00,29,37.8,0.77,Low
R006,2026-09-11T00:00:00+00:00,41,32.4,1.27,Low
R007,2026-09-11T00:00:00+00:00,51,22.3,2.29,Low
road-001,2026-09-11T00:00:00+00:00,17,43.4,0.39,Low
road-002,2026-09-11T00:00:00+00:00,31,29.6,1.05,Low
road-003,2026-09-11T00:00:00+00:00,50,19.5,2.56,Low
road-004,2026-09-11T00:00:00+00:00,24,36.0,0.67,Low
R001,2026-09-11T01:00:00+00:00,25,59.2,0.42,Low
R002,2026-09-11T01:00:00+00:00,27,46.2,0.58,Low
R003,2026-09-11T01:00:00+00:00,23,52.9,0.43,Low
R004,2026-09-11T01:00:00+00:00,12,63.3,0.19,Low
R005,2026-09-11T01:00:00+00:00,31,39.1,0.79,Low
R006,2026-09-11T01:00:00+00:00,42,34.4,1.22,Low
R007,2026-09-11T01:00:00+00:00,47,23.3,2.02,Low
road-001,2026-09-11T01:00:00+00:00,16,42.9,0.37,Low
road-002,2026-09-11T01:00:00+00:00,35,28.7,1.22,Low
road-003,2026-09-11T01:00:00+00:00,47,19.7,2.39,Low
road-004,2026-09-11T01:00:00+00:00,21,34.3,0.61,Low
R001,2026-09-11T02:00:00+00:00,22,62.3,0.35,Low
R002,2026-09-11T02:00:00+00:00,27,45.4,0.59,Low
R003,2026-09-11T02:00:00+00:00,23,51.2,0.45,Low
R004,2026-09-11T02:00:00+00:00,13,66.3,0.2,Low
R005,2026-09-11T02:00:00+00:00,27,38.5,0.7,Low
R006,2026-09-11T02:00:00+00:00,41,32.0,1.28,Low
R007,2026-09-11T02:00:00+00:00,52,24.8,2.1,Low
road-001,2026-09-11T02:00:00+00:00,15,44.0,0.34,Low
road-002,2026-09-11T02:00:00+00:00,31,30.0,1.03,Low
road-003,2026-09-11T02:00:00+00:00,51,20.1,2.54,Low
road-004,2026-09-11T02:00:00+00:00,25,31.9,0.78,Low
R001,2026-09-11T03:00:00+00:00,22,58.7,0.37,Low
R002,2026-09-11T03:00:00+00:00,27,44.0,0.61,Low
R003,2026-09-11T03:00:00+00:00,25,51.2,0.49,Low
R004,2026-09-11T03:00:00+00:00,12,69.0,0.17,Low
R005,2026-09-11T03:00:00+00:00,29,38.2,0.76,Low
R006,2026-09-11T03:00:00+00:00,44,35.8,1.23,Low
R007,2026-09-11T03:00:00+00:00,52,24.6,2.11,Low
road-001,2026-09-11T03:00:00+00:00,15,47.0,0.32,Low
road-002,2026-09-11T03:00:00+00:00,30,30.1,1.0,Low
road-003,2026-09-11T03:00:00+00:00,47,18.7,2.51,Low
road-004,2026-09-11T03:00:00+00:00,25,33.6,0.74,Low
R001,2026-09-11T04:00:00+00:00,24,55.4,0.43,Low
R002,2026-09-11T04:00:00+00:00,26,41.9,0.62,Low
R003,2026-09-11T04:00:00+00:00,26,46.9,0.55,Low
R004,2026-09-11T04:00:00+00:00,11,68.1,0.16,Low
R005,2026-09-11T04:00:00+00:00,30,35.8,0.84,Low
R006,2026-09-11T04:00:00+00:00,45,32.2,1.4,Low
R007,2026-09-11T04:00:00+00:00,53,23.9,2.22,Low
road-001,2026-09-11T04:00:00+00:00,16,41.3,0.39,Low
road-002,2026-09-11T04:00:00+00:00,33,27.8,1.19,Low
road-003,2026-09-11T04:00:00+00:00,48,19.7,2.44,Low
road-004,2026-09-11T04:00:00+00:00,24,35.7,0.67,Low
R001,2026-09-11T05:00:00+00:00,23,55.8,0.41,Low
R002,2026-09-11T05:00:00+00:00,30,40.5,0.74,Low
R003,2026-09-11T05:00:00+00:00,29,49.9,0.58,Low
R004,2026-09-11T05:00:00+00:00,13,62.2,0.21,Low
R005,2026-09-11T05:00:00+00:00,34,35.8,0.95,Low
R006,2026-09-11T05:00:00+00:00,44,31.9,1.38,Low
R007,2026-09-11T05:00:00+00:00,57,24.3,2.35,Low
road-001,2026-09-11T05:00:00+00:00,18,44.8,0.4,Low
road-002,2026-09-11T05:00:00+00:00,37,27.3,1.36,Low
road-003,2026-09-11T05:00:00+00:00,50,19.5,2.56,Low
road-004,2026-09-11T05:00:00+00:00,27,31.6,0.85,Low
R001,2026-09-11T06:00:00+00:00,35,57.1,0.61,Low
R002,2026-09-11T06:00:00+00:00,41,39.9,1.03,Low
R003,2026-09-11T06:00:00+00:00,39,48.2,0.81,Low
R004,2026-09-11T06:00:00+00:00,17,60.1,0.28,Low
R005,2026-09-11T06:00:00+00:00,47,36.4,1.29,Low
R006,2026-09-11T06:00:00+00:00,64,32.7,1.96,Low
R007,2026-09-11T06:00:00+00:00,82,23.4,3.5,Low
road-001,2026-09-11T06:00:00+00:00,23,45.4,0.51,Low
road-002,2026-09-11T06:00:00+00:00,51,30.3,1.68,Low
road-003,2026-09-11T06:00:00+00:00,73,19.2,3.8,Low
road-004,2026-09-11T06:00:00+00:00,39,35.4,1.1,Low
R001,2026-09-11T07:00:00+00:00,69,56.3,1.23,Low
R002,2026-09-11T07:00:00+00:00,81,39.3,2.06,Low
R003,2026-09-11T07:00:00+00:00,85,42.1,2.02,Low
R004,2026-09-11T07:00:00+00:00,33,62.6,0.53,Low
R005,2026-09-11T07:00:00+00:00,90,34.7,2.59,Low
R006,2026-09-11T07:00:00+00:00,126,26.9,4.68,Low
R007,2026-09-11T07:00:00+00:00,159,20.3,7.83,Low
road-001,2026-09-11T07:00:00+00:00,56,37.1,1.51,Low
road-002,2026-09-11T07:00:00+00:00,89,26.1,3.41,Low
road-003,2026-09-11T07:00:00+00:00,133,17.7,7.51,Low
road-004,2026-09-11T07:00:00+00:00,76,31.6,2.41,Low
R001,2026-09-11T08:00:00+00:00,115,48.7,2.36,Low
R002,2026-09-11T08:00:00+00:00,139,32.6,4.26,Low
R003,2026-09-11T08:00:00+00:00,115,37.2,3.09,Low
R004,2026-09-11T08:00:00+00:00,56,61.0,0.92,Low
R005,2026-09-11T08:00:00+00:00,141,28.2,5.0,Low
R006,2026-09-11T08:00:00+00:00,198,20.1,9.85,Low
R007,2026-09-11T08:00:00+00:00,264,13.2,20.0,High
road-001,2026-09-11T08:00:00+00:00,87,36.6,2.38,Low
road-002,2026-09-11T08:00:00+00:00,146,19.6,7.45,Low
road-003,2026-09-11T08:00:00+00:00,227,12.4,18.31,Medium
road-004,2026-09-11T08:00:00+00:00,121,25.0,4.84,Low
R001,2026-09-11T09:00:00+00:00,124,50.0,2.48,Low
R002,2026-09-11T09:00:00+00:00,136,33.0,4.12,Low
R003,2026-09-11T09:00:00+00:00,137,36.0,3.81,Low
R004,2026-09-11T09:00:00+00:00,56,60.9,0.92,Low
R005,2026-09-11T09:00:00+00:00,144,28.8,5.0,Low
R006,2026-09-11T09:00:00+00:00,220,19.0,11.58,Medium
R007,2026-09-11T09:00:00+00:00,266,13.0,20.46,High
road-001,2026-09-11T09:00:00+00:00,84,34.7,2.42,Low
road-002,2026-09-11T09:00:00+00:00,168,19.3,8.7,Low
road-003,2026-09-11T09:00:00+00:00,253,11.1,22.79,High
road-004,2026-09-11T09:00:00+00:00,128,21.7,5.9,Low
R001,2026-09-11T10:00:00+00:00,92,57.0,1.61,Low
R002,2026-09-11T10:00:00+00:00,122,36.1,3.38,Low
R003,2026-09-11T10:00:00+00:00,112,38.8,2.89,Low
R004,2026-09-11T10:00:00+00:00,52,62.4,0.83,Low
R005,2026-09-11T10:00:00+00:00,134,30.0,4.47,Low
R006,2026-09-11T10:00:00+00:00,172,22.5,7.64,Low
R007,2026-09-11T10:00:00+00:00,217,16.4,13.23,Medium
road-001,2026-09-11T10:00:00+00:00,68,38.5,1.77,Low
road-002,2026-09-11T10:00:00+00:00,153,19.0,8.05,Low
road-003,2026-09-11T10:00:00+00:00,196,13.3,14.74,Medium
road-004,2026-09-11T10:00:00+00:00,108,26.4,4.09,Low
R001,2026-09-11T11:00:00+00:00,72,54.6,1.32,Low
R002,2026-09-11T11:00:00+00:00,70,40.2,1.74,Low
R003,2026-09-11T11:00:00+00:00,72,42.4,1.7,Low
R004,2026-09-11T11:00:00+00:00,36,63.8,0.56,Low
R005,2026-09-11T11:00:00+00:00,83,36.2,2.29,Low
R006,2026-09-11T11:00:00+00:00,108,31.5,3.43,Low
R007,2026-09-11T11:00:00+00:00,153,21.3,7.18,Low
road-001,2026-09-11T11:00:00+00:00,48,38.9,1.23,Low
road-002,2026-09-11T11:00:00+00:00,95,24.9,3.82,Low
road-003,2026-09-11T11:00:00+00:00,139,16.6,8.37,Low
road-004,2026-09-11T11:00:00+00:00,60,33.1,1.81,Low
R001,2026-09-11T12:00:00+00:00,57,57.4,0.99,Low
R002,2026-09-11T12:00:00+00:00,59,41.2,1.43,Low
R003,2026-09-11T12:00:00+00:00,54,46.6,1.16,Low
R004,2026-09-11T12:00:00+00:00,28,60.7,0.46,Low
R005,2026-09-11T12:00:00+00:00,70,34.8,2.01,Low
R006,2026-09-11T12:00:00+00:00,105,29.1,3.61,Low
R007,2026-09-11T12:00:00+00:00,113,21.0,5.38,Low
road-001,2026-09-11T12:00:00+00:00,38,42.0,0.9,Low
road-002,2026-09-11T12:00:00+00:00,70,25.4,2.76,Low
road-003,2026-09-11T12:00:00+00:00,106,16.3,6.5,Low
road-004,2026-09-11T12:00:00+00:00,57,31.3,1.82,Low
R001,2026-09-11T13:00:00+00:00,51,55.7,0.92,Low
R002,2026-09-11T13:00:00+00:00,61,38.8,1.57,Low
R003,2026-09-11T13:00:00+00:00,61,44.2,1.38,Low
R004,2026-09-11T13:00:00+00:00,25,58.7,0.43,Low
R005,2026-09-11T13:00:00+00:00,69,35.0,1.97,Low
R006,2026-09-11T13:00:00+00:00,94,28.9,3.25,Low
R007,2026-09-11T13:00:00+00:00,117,22.2,5.27,Low
road-001,2026-09-11T13:00:00+00:00,35,39.6,0.88,Low
road-002,2026-09-11T13:00:00+00:00,73,25.3,2.89,Low
road-003,2026-09-11T13:00:00+00:00,110,17.8,6.18,Low
road-004,2026-09-11T13:00:00+00:00,57,32.3,1.76,Low
R001,2026-09-11T14:00:00+00:00,57,54.8,1.04,Low
R002,2026-09-11T14:00:00+00:00,69,41.8,1.65,Low
R003,2026-09-11T14:00:00+00:00,62,45.9,1.35,Low
R004,2026-09-11T14:00:00+00:00,30,64.9,0.46,Low
R005,2026-09-11T14:00:00+00:00,69,33.8,2.04,Low
R006,2026-09-11T14:00:00+00:00,104,32.0,3.25,Low
R007,2026-09-11T14:00:00+00:00,120,21.3,5.63,Low
road-001,2026-09-11T14:00:00+00:00,41,43.5,0.94,Low
road-002,2026-09-11T14:00:00+00:00,76,25.3,3.0,Low
road-003,2026-09-11T14:00:00+00:00,105,18.7,5.61,Low
road-004,2026-09-11T14:00:00+00:00,57,33.3,1.71,Low
R001,2026-09-11T15:00:00+00:00,64,57.6,1.11,Low
R002,2026-09-11T15:00:00+00:00,79,41.2,1.92,Low
R003,2026-09-11T15:00:00+00:00,76,43.8,1.74,Low
R004,2026-09-11T15:00:00+00:00,29,62.2,0.47,Low
R005,2026-09-11T15:00:00+00:00,80,34.7,2.31,Low
R006,2026-09-11T15:00:00+00:00,107,31.1,3.44,Low
R007,2026-09-11T15:00:00+00:00,146,19.1,7.64,Low
road-001,2026-09-11T15:00:00+00:00,43,44.0,0.98,Low
road-002,2026-09-11T15:00:00+00:00,96,24.3,3.95,Low
road-003,2026-09-11T15:00:00+00:00,135,17.4,7.76,Low
road-004,2026-09-11T15:00:00+00:00,66,29.9,2.21,Low
R001,2026-09-11T16:00:00+00:00,64,56.9,1.12,Low
R002,2026-09-11T16:00:00+00:00,77,42.6,1.81,Low
R003,2026-09-11T16:00:00+00:00,69,43.8,1.58,Low
R004,2026-09-11T16:00:00+00:00,35,62.6,0.56,Low
R005,2026-09-11T16:00:00+00:00,87,33.9,2.57,Low
R006,2026-09-11T16:00:00+00:00,122,28.9,4.22,Low
R007,2026-09-11T16:00:00+00:00,135,21.3,6.34,Low
road-001,2026-09-11T16:00:00+00:00,42,44.9,0.94,Low
road-002,2026-09-11T16:00:00+00:00,92,25.3,3.64,Low
road-003,2026-09-11T16:00:00+00:00,134,16.6,8.07,Low
road-004,2026-09-11T16:00:00+00:00,66,31.9,2.07,Low
R001,2026-09-11T17:00:00+00:00,105,55.0,1.91,Low
R002,2026-09-11T17:00:00+00:00,120,32.4,3.7,Low
R003,2026-09-11T17:00:00+00:00,129,38.6,3.34,Low
R004,2026-09-11T17:00:00+00:00,55,58.4,0.94,Low
R005,2026-09-11T17:00:00+00:00,145,25.8,5.62,Low
R006,2026-09-11T17:00:00+00:00,209,22.0,9.5,Low
R007,2026-09-11T17:00:00+00:00,264,13.8,19.13,Medium
road-001,2026-09-11T17:00:00+00:00,71,36.2,1.96,Low
road-002,2026-09-11T17:00:00+00:00,144,20.9,6.89,Low
road-003,2026-09-11T17:00:00+00:00,220,13.2,16.67,Medium
road-004,2026-09-11T17:00:00+00:00,105,26.4,3.98,Low
R001,2026-09-11T18:00:00+00:00,132,48.3,2.73,Low
R002,2026-09-11T18:00:00+00:00,174,25.9,6.72,Low
R003,2026-09-11T18:00:00+00:00,162,31.4,5.16,Low
R004,2026-09-11T18:00:00+00:00,75,53.2,1.41,Low
R005,2026-09-11T18:00:00+00:00,158,23.9,6.61,Low
R006,2026-09-11T18:00:00+00:00,264,14.5,18.21,Medium
R007,2026-09-11T18:00:00+00:00,276,12.3,22.44,High
road-001,2026-09-11T18:00:00+00:00,95,35.0,2.71,Low
road-002,2026-09-11T18:00:00+00:00,172,18.6,9.25,Low
road-003,2026-09-11T18:00:00+00:00,293,9.1,32.2,Severe
road-004,2026-09-11T18:00:00+00:00,147,20.7,7.1,Low
R001,2026-09-11T19:00:00+00:00,106,52.8,2.01,Low
R002,2026-09-11T19:00:00+00:00,128,32.5,3.94,Low
R003,2026-09-11T19:00:00+00:00,119,37.8,3.15,Low
R004,2026-09-11T19:00:00+00:00,56,59.8,0.94,Low
R005,2026-09-11T19:00:00+00:00,140,26.9,5.2,Low
R006,2026-09-11T19:00:00+00:00,192,24.0,8.0,Low
R007,2026-09-11T19:00:00+00:00,260,13.0,20.0,High
road-001,2026-09-11T19:00:00+00:00,87,36.9,2.36,Low
road-002,2026-09-11T19:00:00+00:00,143,19.5,7.33,Low
road-003,2026-09-11T19:00:00+00:00,203,14.3,14.2,Medium
road-004,2026-09-11T19:00:00+00:00,112,24.5,4.57,Low
R001,2026-09-11T20:00:00+00:00,72,51.4,1.4,Low
R002,2026-09-11T20:00:00+00:00,79,38.9,2.03,Low
R003,2026-09-11T20:00:00+00:00,70,46.9,1.49,Low
R004,2026-09-11T20:00:00+00:00,33,61.2,0.54,Low
R005,2026-09-11T20:00:00+00:00,77,35.3,2.18,Low
R006,2026-09-11T20:00:00+00:00,116,28.9,4.01,Low
R007,2026-09-11T20:00:00+00:00,138,19.6,7.04,Low
road-001,2026-09-11T20:00:00+00:00,47,41.9,1.12,Low
road-002,2026-09-11T20:00:00+00:00,96,23.9,4.02,Low
road-003,2026-09-11T20:00:00+00:00,131,16.6,7.89,Low
road-004,2026-09-11T20:00:00+00:00,66,29.7,2.22,Low
R001,2026-09-11T21:00:00+00:00,39,58.7,0.66,Low
R002,2026-09-11T21:00:00+00:00,43,40.1,1.07,Low
R003,2026-09-11T21:00:00+00:00,38,49.4,0.77,Low
R004,2026-09-11T21:00:00+00:00,16,66.3,0.24,Low
R005,2026-09-11T21:00:00+00:00,49,40.5,1.21,Low
R006,2026-09-11T21:00:00+00:00,66,32.3,2.04,Low
R007,2026-09-11T21:00:00+00:00,71,24.9,2.85,Low
road-001,2026-09-11T21:00:00+00:00,23,43.6,0.53,Low
road-002,2026-09-11T21:00:00+00:00,51,30.1,1.69,Low
road-003,2026-09-11T21:00:00+00:00,65,19.3,3.37,Low
road-004,2026-09-11T21:00:00+00:00,38,32.0,1.19,Low
R001,2026-09-11T22:00:00+00:00,23,57.6,0.4,Low
R002,2026-09-11T22:00:00+00:00,32,43.3,0.74,Low
R003,2026-09-11T22:00:00+00:00,28,48.4,0.58,Low
R004,2026-09-11T22:00:00+00:00,13,63.4,0.21,Low
R005,2026-09-11T22:00:00+00:00,35,40.4,0.87,Low
R006,2026-09-11T22:00:00+00:00,43,31.2,1.38,Low
R007,2026-09-11T22:00:00+00:00,61,24.7,2.47,Low
road-001,2026-09-11T22:00:00+00:00,19,44.5,0.43,Low
road-002,2026-09-11T22:00:00+00:00,32,28.9,1.11,Low
road-003,2026-09-11T22:00:00+00:00,48,17.9,2.68,Low
road-004,2026-09-11T22:00:00+00:00,28,35.4,0.79,Low
R001,2026-09-11T23:00:00+00:00,24,57.0,0.42,Low
R002,2026-09-11T23:00:00+00:00,25,44.0,0.57,Low
R003,2026-09-11T23:00:00+00:00,28,47.0,0.6,Low
R004,2026-09-11T23:00:00+00:00,11,62.2,0.18,Low
R005,2026-09-11T23:00:00+00:00,32,35.7,0.9,Low
R006,2026-09-11T23:00:00+00:00,39,32.1,1.21,Low
R007,2026-09-11T23:00:00+00:00,53,22.6,2.35,Low
road-001,2026-09-11T23:00:00+00:00,16,46.5,0.34,Low
road-002,2026-09-11T23:00:00+00:00,31,30.0,1.03,Low
road-003,2026-09-11T23:00:00+00:00,48,20.2,2.38,Low
road-004,2026-09-11T23:00:00+00:00,25,33.1,0.76,Low
R001,2026-09-12T00:00:00+00:00,38,54.8,0.69,Low
R002,2026-09-12T00:00:00+00:00,53,39.6,1.34,Low
R003,2026-09-12T00:00:00+00:00,45,51.1,0.88,Low
R004,2026-09-12T00:00:00+00:00,22,60.7,0.36,Low
R005,2026-09-12T00:00:00+00:00,51,38.2,1.34,Low
R006,2026-09-12T00:00:00+00:00,69,33.5,2.06,Low
R007,2026-09-12T00:00:00+00:00,88,23.3,3.78,Low
road-001,2026-09-12T00:00:00+00:00,31,40.4,0.77,Low
road-002,2026-09-12T00:00:00+00:00,53,27.5,1.93,Low
road-003,2026-09-12T00:00:00+00:00,80,19.2,4.17,Low
road-004,2026-09-12T00:00:00+00:00,44,32.6,1.35,Low
R001,2026-09-12T01:00:00+00:00,40,59.9,0.67,Low
R002,2026-09-12T01:00:00+00:00,48,39.9,1.2,Low
R003,2026-09-12T01:00:00+00:00,48,43.4,1.11,Low
R004,2026-09-12T01:00:00+00:00,22,62.8,0.35,Low
R005,2026-09-12T01:00:00+00:00,54,39.9,1.35,Low
R006,2026-09-12T01:00:00+00:00,76,29.5,2.58,Low
R007,2026-09-12T01:00:00+00:00,98,22.9,4.28,Low
road-001,2026-09-12T01:00:00+00:00,32,42.5,0.75,Low
road-002,2026-09-12T01:00:00+00:00,62,29.0,2.14,Low
road-003,2026-09-12T01:00:00+00:00,81,17.8,4.55,Low
road-004,2026-09-12T01:00:00+00:00,38,33.8,1.12,Low
R001,2026-09-12T02:00:00+00:00,41,60.4,0.68,Low
R002,2026-09-12T02:00:00+00:00,51,43.7,1.17,Low
R003,2026-09-12T02:00:00+00:00,46,44.9,1.02,Low
R004,2026-09-12T02:00:00+00:00,20,65.5,0.31,Low
R005,2026-09-12T02:00:00+00:00,49,37.9,1.29,Low
R006,2026-09-12T02:00:00+00:00,76,33.6,2.26,Low
R007,2026-09-12T02:00:00+00:00,82,21.5,3.81,Low
road-001,2026-09-12T02:00:00+00:00,27,43.1,0.63,Low
road-002,2026-09-12T02:00:00+00:00,54,26.9,2.01,Low
road-003,2026-09-12T02:00:00+00:00,78,17.1,4.56,Low
road-004,2026-09-12T02:00:00+00:00,38,35.3,1.08,Low
R001,2026-09-12T03:00:00+00:00,43,60.8,0.71,Low
R002,2026-09-12T03:00:00+00:00,53,42.9,1.24,Low
R003,2026-09-12T03:00:00+00:00,47,44.3,1.06,Low
R004,2026-09-12T03:00:00+00:00,22,59.6,0.37,Low
R005,2026-09-12T03:00:00+00:00,54,39.6,1.36,Low
R006,2026-09-12T03:00:00+00:00,74,34.4,2.15,Low
R007,2026-09-12T03:00:00+00:00,98,23.1,4.24,Low
road-001,2026-09-12T03:00:00+00:00,28,43.1,0.65,Low
road-002,2026-09-12T03:00:00+00:00,62,28.0,2.21,Low
road-003,2026-09-12T03:00:00+00:00,91,17.5,5.2,Low
road-004,2026-09-12T03:00:00+00:00,41,34.8,1.18,Low
R001,2026-09-12T04:00:00+00:00,44,56.0,0.79,Low
R002,2026-09-12T04:00:00+00:00,46,39.6,1.16,Low
R003,2026-09-12T04:00:00+00:00,48,46.2,1.04,Low
R004,2026-09-12T04:00:00+00:00,20,59.1,0.34,Low
R005,2026-09-12T04:00:00+00:00,57,35.6,1.6,Low
R006,2026-09-12T04:00:00+00:00,73,32.0,2.28,Low
R007,2026-09-12T04:00:00+00:00,99,22.8,4.34,Low
road-001,2026-09-12T04:00:00+00:00,28,43.3,0.65,Low
road-002,2026-09-12T04:00:00+00:00,54,29.1,1.86,Low
road-003,2026-09-12T04:00:00+00:00,79,18.9,4.18,Low
road-004,2026-09-12T04:00:00+00:00,45,33.5,1.34,Low
R001,2026-09-12T05:00:00+00:00,39,54.1,0.72,Low
R002,2026-09-12T05:00:00+00:00,50,40.5,1.23,Low
R003,2026-09-12T05:00:00+00:00,45,50.3,0.89,Low
R004,2026-09-12T05:00:00+00:00,19,65.1,0.29,Low
R005,2026-09-12T05:00:00+00:00,58,37.8,1.53,Low
R006,2026-09-12T05:00:00+00:00,71,33.2,2.14,Low
R007,2026-09-12T05:00:00+00:00,100,22.6,4.42,Low
road-001,2026-09-12T05:00:00+00:00,30,46.2,0.65,Low
road-002,2026-09-12T05:00:00+00:00,58,27.4,2.12,Low
road-003,2026-09-12T05:00:00+00:00,91,19.0,4.79,Low
road-004,2026-09-12T05:00:00+00:00,45,32.6,1.38,Low
R001,2026-09-12T06:00:00+00:00,39,62.2,0.63,Low
R002,2026-09-12T06:00:00+00:00,54,41.7,1.29,Low
R003,2026-09-12T06:00:00+00:00,48,50.3,0.95,Low
R004,2026-09-12T06:00:00+00:00,21,65.3,0.32,Low
R005,2026-09-12T06:00:00+00:00,54,38.0,1.42,Low
R006,2026-09-12T06:00:00+00:00,84,29.3,2.87,Low
R007,2026-09-12T06:00:00+00:00,96,24.1,3.98,Low
road-001,2026-09-12T06:00:00+00:00,28,43.1,0.65,Low
road-002,2026-09-12T06:00:00+00:00,64,27.9,2.29,Low
road-003,2026-09-12T06:00:00+00:00,82,17.1,4.8,Low
road-004,2026-09-12T06:00:00+00:00,43,30.9,1.39,Low
R001,2026-09-12T07:00:00+00:00,48,60.9,0.79,Low
R002,2026-09-12T07:00:00+00:00,56,40.7,1.38,Low
R003,2026-09-12T07:00:00+00:00,46,48.2,0.95,Low
R004,2026-09-12T07:00:00+00:00,24,59.5,0.4,Low
R005,2026-09-12T07:00:00+00:00,55,38.4,1.43,Low
R006,2026-09-12T07:00:00+00:00,84,31.3,2.68,Low
R007,2026-09-12T07:00:00+00:00,93,22.7,4.1,Low
road-001,2026-09-12T07:00:00+00:00,32,43.2,0.74,Low
road-002,2026-09-12T07:00:00+00:00,69,26.7,2.58,Low
road-003,2026-09-12T07:00:00+00:00,103,16.4,6.28,Low
road-004,2026-09-12T07:00:00+00:00,42,34.1,1.23,Low
R001,2026-09-12T08:00:00+00:00,47,53.9,0.87,Low
R002,2026-09-12T08:00:00+00:00,65,41.9,1.55,Low
R003,2026-09-12T08:00:00+00:00,56,47.6,1.18,Low
R004,2026-09-12T08:00:00+00:00,28,59.1,0.47,Low
R005,2026-09-12T08:00:00+00:00,66,38.7,1.71,Low
R006,2026-09-12T08:00:00+00:00,83,29.6,2.8,Low
R007,2026-09-12T08:00:00+00:00,117,21.5,5.44,Low
road-001,2026-09-12T08:00:00+00:00,40,39.1,1.02,Low
road-002,2026-09-12T08:00:00+00:00,75,25.0,3.0,Low
road-003,2026-09-12T08:00:00+00:00,98,16.6,5.9,Low
road-004,2026-09-12T08:00:00+00:00,50,33.4,1.5,Low
R001,2026-09-12T09:00:00+00:00,60,53.3,1.13,Low
R002,2026-09-12T09:00:00+00:00,72,42.2,1.71,Low
R003,2026-09-12T09:00:00+00:00,61,45.8,1.33,Low
R004,2026-09-12T09:00:00+00:00,32,59.3,0.54,Low
R005,2026-09-12T09:00:00+00:00,81,34.4,2.35,Low
R006,2026-09-12T09:00:00+00:00,114,31.5,3.62,Low
R007,2026-09-12T09:00:00+00:00,137,20.1,6.82,Low
road-001,2026-09-12T09:00:00+00:00,47,41.9,1.12,Low
road-002,2026-09-12T09:00:00+00:00,78,27.8,2.81,Low
road-003,2026-09-12T09:00:00+00:00,130,17.5,7.43,Low
road-004,2026-09-12T09:00:00+00:00,62,30.0,2.07,Low
R001,2026-09-12T10:00:00+00:00,68,52.3,1.3,Low
R002,2026-09-12T10:00:00+00:00,84,40.1,2.09,Low
R003,2026-09-12T10:00:00+00:00,81,43.1,1.88,Low
R004,2026-09-12T10:00:00+00:00,40,56.5,0.71,Low
R005,2026-09-12T10:00:00+00:00,85,36.4,2.34,Low
R006,2026-09-12T10:00:00+00:00,132,29.1,4.54,Low
R007,2026-09-12T10:00:00+00:00,144,20.3,7.09,Low
road-001,2026-09-12T10:00:00+00:00,47,39.3,1.2,Low
road-002,2026-09-12T10:00:00+00:00,93,25.8,3.6,Low
road-003,2026-09-12T10:00:00+00:00,159,15.5,10.26,Medium
road-004,2026-09-12T10:00:00+00:00,78,30.3,2.57,Low
R001,2026-09-12T11:00:00+00:00,92,50.4,1.83,Low
R002,2026-09-12T11:00:00+00:00,107,36.3,2.95,Low
R003,2026-09-12T11:00:00+00:00,95,44.7,2.13,Low
R004,2026-09-12T11:00:00+00:00,45,55.7,0.81,Low
R005,2026-09-12T11:00:00+00:00,104,32.5,3.2,Low
R006,2026-09-12T11:00:00+00:00,170,25.0,6.8,Low
R007,2026-09-12T11:00:00+00:00,204,16.8,12.14,Medium
road-001,2026-09-12T11:00:00+00:00,56,38.6,1.45,Low
road-002,2026-09-12T11:00:00+00:00,113,23.7,4.77,Low
road-003,2026-09-12T11:00:00+00:00,164,15.2,10.79,Medium
road-004,2026-09-12T11:00:00+00:00,93,27.4,3.39,Low
R001,2026-09-12T12:00:00+00:00,98,54.4,1.8,Low
R002,2026-09-12T12:00:00+00:00,125,32.7,3.82,Low
R003,2026-09-12T12:00:00+00:00,106,42.3,2.51,Low
R004,2026-09-12T12:00:00+00:00,54,63.0,0.86,Low
R005,2026-09-12T12:00:00+00:00,129,28.1,4.59,Low
R006,2026-09-12T12:00:00+00:00,189,21.1,8.96,Low
R007,2026-09-12T12:00:00+00:00,232,15.0,15.47,Medium
road-001,2026-09-12T12:00:00+00:00,73,37.0,1.97,Low
road-002,2026-09-12T12:00:00+00:00,152,20.9,7.27,Low
road-003,2026-09-12T12:00:00+00:00,189,15.0,12.6,Medium
road-004,2026-09-12T12:00:00+00:00,113,23.3,4.85,Low
R001,2026-09-12T13:00:00+00:00,122,49.0,2.49,Low
R002,2026-09-12T13:00:00+00:00,124,36.1,3.43,Low
R003,2026-09-12T13:00:00+00:00,130,37.4,3.48,Low
R004,2026-09-12T13:00:00+00:00,55,55.6,0.99,Low
R005,2026-09-12T13:00:00+00:00,149,26.4,5.64,Low
R006,2026-09-12T13:00:00+00:00,213,19.8,10.76,Medium
R007,2026-09-12T13:00:00+00:00,230,16.3,14.11,Medium
road-001,2026-09-12T13:00:00+00:00,88,35.1,2.51,Low
road-002,2026-09-12T13:00:00+00:00,150,20.1,7.46,Low
road-003,2026-09-12T13:00:00+00:00,230,13.3,17.29,Medium
road-004,2026-09-12T13:00:00+00:00,107,27.2,3.93,Low
R001,2026-09-12T14:00:00+00:00,118,48.7,2.42,Low
R002,2026-09-12T14:00:00+00:00,129,34.5,3.74,Low
R003,2026-09-12T14:00:00+00:00,133,39.2,3.39,Low
R004,2026-09-12T14:00:00+00:00,56,54.8,1.02,Low
R005,2026-09-12T14:00:00+00:00,155,24.5,6.33,Low
R006,2026-09-12T14:00:00+00:00,194,23.5,8.26,Low
R007,2026-09-12T14:00:00+00:00,257,13.3,19.32,Medium
road-001,2026-09-12T14:00:00+00:00,82,39.0,2.1,Low
road-002,2026-09-12T14:00:00+00:00,168,19.3,8.7,Low
road-003,2026-09-12T14:00:00+00:00,246,12.0,20.5,High
road-004,2026-09-12T14:00:00+00:00,112,26.6,4.21,Low
R001,2026-09-12T15:00:00+00:00,124,45.6,2.72,Low
R002,2026-09-12T15:00:00+00:00,144,31.2,4.62,Low
R003,2026-09-12T15:00:00+00:00,137,36.3,3.77,Low
R004,2026-09-12T15:00:00+00:00,61,55.3,1.1,Low
R005,2026-09-12T15:00:00+00:00,151,27.9,5.41,Low
R006,2026-09-12T15:00:00+00:00,192,21.8,8.81,Low
R007,2026-09-12T15:00:00+00:00,254,15.1,16.82,Medium
road-001,2026-09-12T15:00:00+00:00,83,34.5,2.41,Low
road-002,2026-09-12T15:00:00+00:00,161,17.6,9.15,Low
road-003,2026-09-12T15:00:00+00:00,253,10.6,23.87,High
road-004,2026-09-12T15:00:00+00:00,115,25.4,4.53,Low
R001,2026-09-12T16:00:00+00:00,94,52.9,1.78,Low
R002,2026-09-12T16:00:00+00:00,121,36.0,3.36,Low
R003,2026-09-12T16:00:00+00:00,120,38.1,3.15,Low
R004,2026-09-12T16:00:00+00:00,49,60.0,0.82,Low
R005,2026-09-12T16:00:00+00:00,117,32.2,3.63,Low
R006,2026-09-12T16:00:00+00:00,199,20.5,9.71,Low
R007,2026-09-12T16:00:00+00:00,217,16.8,12.92,Medium
road-001,2026-09-12T16:00:00+00:00,67,38.8,1.73,Low
road-002,2026-09-12T16:00:00+00:00,138,22.1,6.24,Low
road-003,2026-09-12T16:00:00+00:00,223,13.4,16.64,Medium
road-004,2026-09-12T16:00:00+00:00,94,26.9,3.49,Low
R001,2026-09-12T17:00:00+00:00,94,55.8,1.68,Low
R002,2026-09-12T17:00:00+00:00,102,38.5,2.65,Low
R003,2026-09-12T17:00:00+00:00,94,41.7,2.25,Low
R004,2026-09-12T17:00:00+00:00,45,63.6,0.71,Low
R005,2026-09-12T17:00:00+00:00,102,34.8,2.93,Low
R006,2026-09-12T17:00:00+00:00,151,24.3,6.21,Low
R007,2026-09-12T17:00:00+00:00,190,17.3,10.98,Medium
road-001,2026-09-12T17:00:00+00:00,68,39.0,1.74,Low
road-002,2026-09-12T17:00:00+00:00,130,23.1,5.63,Low
road-003,2026-09-12T17:00:00+00:00,163,16.5,9.88,Low
road-004,2026-09-12T17:00:00+00:00,93,25.3,3.68,Low
R001,2026-09-12T18:00:00+00:00,80,55.7,1.44,Low
R002,2026-09-12T18:00:00+00:00,93,35.5,2.62,Low
R003,2026-09-12T18:00:00+00:00,78,44.7,1.74,Low
R004,2026-09-12T18:00:00+00:00,36,58.3,0.62,Low
R005,2026-09-12T18:00:00+00:00,93,31.3,2.97,Low
R006,2026-09-12T18:00:00+00:00,135,26.3,5.13,Low
R007,2026-09-12T18:00:00+00:00,175,18.0,9.72,Low
road-001,2026-09-12T18:00:00+00:00,48,41.2,1.17,Low
road-002,2026-09-12T18:00:00+00:00,110,24.2,4.55,Low
road-003,2026-09-12T18:00:00+00:00,161,14.9,10.81,Medium
road-004,2026-09-12T18:00:00+00:00,77,27.9,2.76,Low
R001,2026-09-12T19:00:00+00:00,59,54.2,1.09,Low
R002,2026-09-12T19:00:00+00:00,74,38.5,1.92,Low
R003,2026-09-12T19:00:00+00:00,60,44.7,1.34,Low
R004,2026-09-12T19:00:00+00:00,30,62.6,0.48,Low
R005,2026-09-12T19:00:00+00:00,71,37.0,1.92,Low
R006,2026-09-12T19:00:00+00:00,111,29.6,3.75,Low
R007,2026-09-12T19:00:00+00:00,127,21.6,5.88,Low
road-001,2026-09-12T19:00:00+00:00,46,44.5,1.03,Low
road-002,2026-09-12T19:00:00+00:00,89,27.3,3.26,Low
road-003,2026-09-12T19:00:00+00:00,112,18.6,6.02,Low
road-004,2026-09-12T19:00:00+00:00,60,28.9,2.08,Low
R001,2026-09-12T20:00:00+00:00,56,54.7,1.02,Low
R002,2026-09-12T20:00:00+00:00,66,38.2,1.73,Low
R003,2026-09-12T20:00:00+00:00,54,48.0,1.12,Low
R004,2026-09-12T20:00:00+00:00,26,66.6,0.39,Low
R005,2026-09-12T20:00:00+00:00,65,37.0,1.76,Low
R006,2026-09-12T20:00:00+00:00,88,33.4,2.63,Low
R007,2026-09-12T20:00:00+00:00,114,20.5,5.56,Low
road-001,2026-09-12T20:00:00+00:00,36,42.2,0.85,Low
road-002,2026-09-12T20:00:00+00:00,74,25.7,2.88,Low
road-003,2026-09-12T20:00:00+00:00,95,19.1,4.97,Low
road-004,2026-09-12T20:00:00+00:00,49,34.3,1.43,Low
R001,2026-09-12T21:00:00+00:00,48,56.5,0.85,Low
R002,2026-09-12T21:00:00+00:00,53,42.9,1.24,Low
R003,2026-09-12T21:00:00+00:00,49,47.7,1.03,Low
R004,2026-09-12T21:00:00+00:00,24,66.6,0.36,Low
R005,2026-09-12T21:00:00+00:00,58,35.7,1.62,Low
R006,2026-09-12T21:00:00+00:00,76,33.4,2.28,Low
R007,2026-09-12T21:00:00+00:00,95,21.7,4.38,Low
road-001,2026-09-12T21:00:00+00:00,33,46.1,0.72,Low
road-002,2026-09-12T21:00:00+00:00,68,25.1,2.71,Low
road-003,2026-09-12T21:00:00+00:00,91,18.0,5.06,Low
road-004,2026-09-12T21:00:00+00:00,43,34.8,1.24,Low
R001,2026-09-12T22:00:00+00:00,46,55.5,0.83,Low
R002,2026-09-12T22:00:00+00:00,56,43.9,1.28,Low
R003,2026-09-12T22:00:00+00:00,49,48.2,1.02,Low
R004,2026-09-12T22:00:00+00:00,20,60.9,0.33,Low
R005,2026-09-12T22:00:00+00:00,50,36.4,1.37,Low
R006,2026-09-12T22:00:00+00:00,71,30.9,2.3,Low
R007,2026-09-12T22:00:00+00:00,89,23.0,3.87,Low
road-001,2026-09-12T22:00:00+00:00,28,42.1,0.67,Low
road-002,2026-09-12T22:00:00+00:00,58,27.1,2.14,Low
road-003,2026-09-12T22:00:00+00:00,89,17.2,5.17,Low
road-004,2026-09-12T22:00:00+00:00,42,34.8,1.21,Low
R001,2026-09-12T23:00:00+00:00,42,57.8,0.73,Low
R002,2026-09-12T23:00:00+00:00,46,42.2,1.09,Low
R003,2026-09-12T23:00:00+00:00,44,43.7,1.01,Low
R004,2026-09-12T23:00:00+00:00,22,68.2,0.32,Low
R005,2026-09-12T23:00:00+00:00,51,38.7,1.32,Low
R006,2026-09-12T23:00:00+00:00,74,30.9,2.39,Low
R007,2026-09-12T23:00:00+00:00,101,24.0,4.21,Low
road-001,2026-09-12T23:00:00+00:00,30,40.7,0.74,Low
road-002,2026-09-12T23:00:00+00:00,59,29.4,2.01,Low
road-003,2026-09-12T23:00:00+00:00,84,18.9,4.44,Low
road-004,2026-09-12T23:00:00+00:00,44,34.6,1.27,Low
R001,2026-09-13T00:00:00+00:00,38,58.6,0.65,Low
R002,2026-09-13T00:00:00+00:00,47,41.8,1.12,Low
R003,2026-09-13T00:00:00+00:00,48,46.6,1.03,Low
R004,2026-09-13T00:00:00+00:00,19,59.1,0.32,Low
R005,2026-09-13T00:00:00+00:00,53,37.8,1.4,Low
R006,2026-09-13T00:00:00+00:00,69,34.5,2.0,Low
R007,2026-09-13T00:00:00+00:00,86,21.1,4.08,Low
road-001,2026-09-13T00:00:00+00:00,29,42.9,0.68,Low
road-002,2026-09-13T00:00:00+00:00,59,25.8,2.29,Low
road-003,2026-09-13T00:00:00+00:00,84,17.5,4.8,Low
road-004,2026-09-13T00:00:00+00:00,40,33.4,1.2,Low
R001,2026-09-13T01:00:00+00:00,45,61.3,0.73,Low
R002,2026-09-13T01:00:00+00:00,47,40.0,1.18,Low
R003,2026-09-13T01:00:00+00:00,48,46.1,1.04,Low
R004,2026-09-13T01:00:00+00:00,20,61.4,0.33,Low
R005,2026-09-13T01:00:00+00:00,50,40.4,1.24,Low
R006,2026-09-13T01:00:00+00:00,79,29.6,2.67,Low
R007,2026-09-13T01:00:00+00:00,95,22.3,4.26,Low
road-001,2026-09-13T01:00:00+00:00,32,45.1,0.71,Low
road-002,2026-09-13T01:00:00+00:00,55,29.2,1.88,Low
road-003,2026-09-13T01:00:00+00:00,91,17.9,5.08,Low
road-004,2026-09-13T01:00:00+00:00,45,30.5,1.48,Low
R001,2026-09-13T02:00:00+00:00,42,54.0,0.78,Low
R002,2026-09-13T02:00:00+00:00,46,42.3,1.09,Low
R003,2026-09-13T02:00:00+00:00,48,50.7,0.95,Low
R004,2026-09-13T02:00:00+00:00,19,68.4,0.28,Low
R005,2026-09-13T02:00:00+00:00,55,34.7,1.59,Low
R006,2026-09-13T02:00:00+00:00,72,34.2,2.11,Low
R007,2026-09-13T02:00:00+00:00,89,23.0,3.87,Low
road-001,2026-09-13T02:00:00+00:00,31,44.8,0.69,Low
road-002,2026-09-13T02:00:00+00:00,53,26.5,2.0,Low
road-003,2026-09-13T02:00:00+00:00,82,18.6,4.41,Low
road-004,2026-09-13T02:00:00+00:00,38,34.7,1.1,Low
R001,2026-09-13T03:00:00+00:00,44,55.8,0.79,Low
R002,2026-09-13T03:00:00+00:00,49,42.0,1.17,Low
R003,2026-09-13T03:00:00+00:00,41,43.9,0.93,Low
R004,2026-09-13T03:00:00+00:00,20,68.2,0.29,Low
R005,2026-09-13T03:00:00+00:00,56,36.9,1.52,Low
R006,2026-09-13T03:00:00+00:00,75,33.9,2.21,Low
R007,2026-09-13T03:00:00+00:00,89,22.7,3.92,Low
road-001,2026-09-13T03:00:00+00:00,30,41.4,0.72,Low
road-002,2026-09-13T03:00:00+00:00,53,27.0,1.96,Low
road-003,2026-09-13T03:00:00+00:00,92,16.9,5.44,Low
road-004,2026-09-13T03:00:00+00:00,44,32.9,1.34,Low
R001,2026-09-13T04:00:00+00:00,42,61.2,0.69,Low
R002,2026-09-13T04:00:00+00:00,50,42.0,1.19,Low
R003,2026-09-13T04:00:00+00:00,47,44.3,1.06,Low
R004,2026-09-13T04:00:00+00:00,21,64.2,0.33,Low
R005,2026-09-13T04:00:00+00:00,56,35.0,1.6,Low
R006,2026-09-13T04:00:00+00:00,67,31.5,2.13,Low
R007,2026-09-13T04:00:00+00:00,98,21.1,4.64,Low
road-001,2026-09-13T04:00:00+00:00,27,41.9,0.64,Low
road-002,2026-09-13T04:00:00+00:00,57,29.5,1.93,Low
road-003,2026-09-13T04:00:00+00:00,82,17.8,4.61,Low
road-004,2026-09-13T04:00:00+00:00,42,34.9,1.2,Low
R001,2026-09-13T05:00:00+00:00,42,60.3,0.7,Low
R002,2026-09-13T05:00:00+00:00,46,39.8,1.16,Low
R003,2026-09-13T05:00:00+00:00,48,47.4,1.01,Low
R004,2026-09-13T05:00:00+00:00,23,66.5,0.35,Low
R005,2026-09-13T05:00:00+00:00,55,35.9,1.53,Low
R006,2026-09-13T05:00:00+00:00,77,32.8,2.35,Low
R007,2026-09-13T05:00:00+00:00,85,23.2,3.66,Low
road-001,2026-09-13T05:00:00+00:00,32,39.6,0.81,Low
road-002,2026-09-13T05:00:00+00:00,59,27.0,2.19,Low
road-003,2026-09-13T05:00:00+00:00,85,17.9,4.75,Low
road-004,2026-09-13T05:00:00+00:00,46,30.2,1.52,Low
R001,2026-09-13T06:00:00+00:00,41,55.3,0.74,Low
R002,2026-09-13T06:00:00+00:00,48,45.0,1.07,Low
R003,2026-09-13T06:00:00+00:00,49,49.5,0.99,Low
R004,2026-09-13T06:00:00+00:00,22,63.7,0.35,Low
R005,2026-09-13T06:00:00+00:00,55,38.6,1.42,Low
R006,2026-09-13T06:00:00+00:00,71,32.0,2.22,Low
R007,2026-09-13T06:00:00+00:00,87,24.0,3.62,Low
road-001,2026-09-13T06:00:00+00:00,33,42.7,0.77,Low
road-002,2026-09-13T06:00:00+00:00,58,27.0,2.15,Low
road-003,2026-09-13T06:00:00+00:00,94,19.2,4.9,Low
road-004,2026-09-13T06:00:00+00:00,45,33.8,1.33,Low
R001,2026-09-13T07:00:00+00:00,45,59.5,0.76,Low
R002,2026-09-13T07:00:00+00:00,49,44.4,1.1,Low
R003,2026-09-13T07:00:00+00:00,48,49.7,0.97,Low
R004,2026-09-13T07:00:00+00:00,21,60.7,0.35,Low
R005,2026-09-13T07:00:00+00:00,54,35.0,1.54,Low
R006,2026-09-13T07:00:00+00:00,75,32.9,2.28,Low
R007,2026-09-13T07:00:00+00:00,107,20.6,5.19,Low
road-001,2026-09-13T07:00:00+00:00,35,44.5,0.79,Low
road-002,2026-09-13T07:00:00+00:00,58,25.9,2.24,Low
road-003,2026-09-13T07:00:00+00:00,99,17.9,5.53,Low
road-004,2026-09-13T07:00:00+00:00,42,30.7,1.37,Low
R001,2026-09-13T08:00:00+00:00,49,53.3,0.92,Low
R002,2026-09-13T08:00:00+00:00,63,42.7,1.48,Low
R003,2026-09-13T08:00:00+00:00,60,49.0,1.22,Low
R004,2026-09-13T08:00:00+00:00,24,67.2,0.36,Low
R005,2026-09-13T08:00:00+00:00,61,35.8,1.7,Low
R006,2026-09-13T08:00:00+00:00,84,33.1,2.54,Low
R007,2026-09-13T08:00:00+00:00,123,22.9,5.37,Low
road-001,2026-09-13T08:00:00+00:00,36,40.3,0.89,Low
road-002,2026-09-13T08:00:00+00:00,72,27.7,2.6,Low
road-003,2026-09-13T08:00:00+00:00,99,18.1,5.47,Low
road-004,2026-09-13T08:00:00+00:00,48,32.5,1.48,Low
R001,2026-09-13T09:00:00+00:00,55,54.1,1.02,Low
R002,2026-09-13T09:00:00+00:00,67,39.2,1.71,Low
R003,2026-09-13T09:00:00+00:00,71,45.0,1.58,Low
R004,2026-09-13T09:00:00+00:00,33,58.0,0.57,Low
R005,2026-09-13T09:00:00+00:00,72,35.7,2.02,Low
R006,2026-09-13T09:00:00+00:00,112,28.8,3.89,Low
R007,2026-09-13T09:00:00+00:00,135,20.6,6.55,Low
road-001,2026-09-13T09:00:00+00:00,47,39.3,1.2,Low
road-002,2026-09-13T09:00:00+00:00,82,25.6,3.2,Low
road-003,2026-09-13T09:00:00+00:00,115,16.6,6.93,Low
road-004,2026-09-13T09:00:00+00:00,56,33.8,1.66,Low
R001,2026-09-13T10:00:00+00:00,68,52.0,1.31,Low
R002,2026-09-13T10:00:00+00:00,80,40.9,1.96,Low
R003,2026-09-13T10:00:00+00:00,83,43.7,1.9,Low
R004,2026-09-13T10:00:00+00:00,33,60.2,0.55,Low
R005,2026-09-13T10:00:00+00:00,85,33.3,2.55,Low
R006,2026-09-13T10:00:00+00:00,132,27.0,4.89,Low
R007,2026-09-13T10:00:00+00:00,175,18.6,9.41,Low
road-001,2026-09-13T10:00:00+00:00,53,39.3,1.35,Low
road-002,2026-09-13T10:00:00+00:00,109,22.8,4.78,Low
road-003,2026-09-13T10:00:00+00:00,135,17.6,7.67,Low
road-004,2026-09-13T10:00:00+00:00,73,30.4,2.4,Low
R001,2026-09-13T11:00:00+00:00,83,58.2,1.43,Low
R002,2026-09-13T11:00:00+00:00,104,34.2,3.04,Low
R003,2026-09-13T11:00:00+00:00,95,42.9,2.21,Low
R004,2026-09-13T11:00:00+00:00,40,57.5,0.7,Low
R005,2026-09-13T11:00:00+00:00,109,32.4,3.36,Low
R006,2026-09-13T11:00:00+00:00,143,28.8,4.97,Low
R007,2026-09-13T11:00:00+00:00,211,15.6,13.53,Medium
road-001,2026-09-13T11:00:00+00:00,69,37.6,1.84,Low
road-002,2026-09-13T11:00:00+00:00,125,24.3,5.14,Low
road-003,2026-09-13T11:00:00+00:00,165,16.3,10.12,Medium
road-004,2026-09-13T11:00:00+00:00,93,26.3,3.54,Low
R001,2026-09-13T12:00:00+00:00,108,51.6,2.09,Low
R002,2026-09-13T12:00:00+00:00,116,36.7,3.16,Low
R003,2026-09-13T12:00:00+00:00,116,38.3,3.03,Low
R004,2026-09-13T12:00:00+00:00,51,60.1,0.85,Low
R005,2026-09-13T12:00:00+00:00,128,29.7,4.31,Low
R006,2026-09-13T12:00:00+00:00,174,25.2,6.9,Low
R007,2026-09-13T12:00:00+00:00,208,16.3,12.76,Medium
road-001,2026-09-13T12:00:00+00:00,73,38.8,1.88,Low
road-002,2026-09-13T12:00:00+00:00,133,20.5,6.49,Low
road-003,2026-09-13T12:00:00+00:00,190,13.4,14.18,Medium
road-004,2026-09-13T12:00:00+00:00,108,27.2,3.97,Low
R001,2026-09-13T13:00:00+00:00,113,51.7,2.19,Low
R002,2026-09-13T13:00:00+00:00,125,34.5,3.62,Low
R003,2026-09-13T13:00:00+00:00,115,36.4,3.16,Low
R004,2026-09-13T13:00:00+00:00,60,60.0,1.0,Low
R005,2026-09-13T13:00:00+00:00,153,25.3,6.05,Low
R006,2026-09-13T13:00:00+00:00,209,20.7,10.1,Medium
R007,2026-09-13T13:00:00+00:00,238,14.8,16.08,Medium
road-001,2026-09-13T13:00:00+00:00,87,36.2,2.4,Low
road-002,2026-09-13T13:00:00+00:00,173,16.6,10.42,Medium
road-003,2026-09-13T13:00:00+00:00,228,13.5,16.89,Medium
road-004,2026-09-13T13:00:00+00:00,113,23.9,4.73,Low
R001,2026-09-13T14:00:00+00:00,117,49.4,2.37,Low
R002,2026-09-13T14:00:00+00:00,126,34.0,3.71,Low
R003,2026-09-13T14:00:00+00:00,139,34.4,4.04,Low
R004,2026-09-13T14:00:00+00:00,62,57.1,1.09,Low
R005,2026-09-13T14:00:00+00:00,139,29.4,4.73,Low
R006,2026-09-13T14:00:00+00:00,209,19.5,10.72,Medium
R007,2026-09-13T14:00:00+00:00,269,13.5,19.93,Medium
road-001,2026-09-13T14:00:00+00:00,88,36.2,2.43,Low
road-002,2026-09-13T14:00:00+00:00,164,19.9,8.24,Low
road-003,2026-09-13T14:00:00+00:00,240,11.8,20.34,High
road-004,2026-09-13T14:00:00+00:00,119,25.5,4.67,Low
R001,2026-09-13T15:00:00+00:00,118,48.5,2.43,Low
R002,2026-09-13T15:00:00+00:00,147,29.9,4.92,Low
R003,2026-09-13T15:00:00+00:00,113,36.5,3.1,Low
R004,2026-09-13T15:00:00+00:00,61,55.9,1.09,Low
R005,2026-09-13T15:00:00+00:00,151,24.8,6.09,Low
R006,2026-09-13T15:00:00+00:00,218,19.3,11.3,Medium
R007,2026-09-13T15:00:00+00:00,230,15.3,15.03,Medium
road-001,2026-09-13T15:00:00+00:00,79,36.3,2.18,Low
road-002,2026-09-13T15:00:00+00:00,164,18.1,9.06,Low
road-003,2026-09-13T15:00:00+00:00,238,12.3,19.35,Medium
road-004,2026-09-13T15:00:00+00:00,125,21.3,5.87,Low
R001,2026-09-13T16:00:00+00:00,100,50.6,1.98,Low
R002,2026-09-13T16:00:00+00:00,110,34.8,3.16,Low
R003,2026-09-13T16:00:00+00:00,112,41.8,2.68,Low
R004,2026-09-13T16:00:00+00:00,52,62.8,0.83,Low
R005,2026-09-13T16:00:00+00:00,124,31.2,3.97,Low
R006,2026-09-13T16:00:00+00:00,186,24.8,7.5,Low
R007,2026-09-13T16:00:00+00:00,220,16.0,13.75,Medium
road-001,2026-09-13T16:00:00+00:00,75,39.6,1.89,Low
road-002,2026-09-13T16:00:00+00:00,132,22.6,5.84,Low
road-003,2026-09-13T16:00:00+00:00,202,13.9,14.53,Medium
road-004,2026-09-13T16:00:00+00:00,109,24.5,4.45,Low
R001,2026-09-13T17:00:00+00:00,91,51.8,1.76,Low
R002,2026-09-13T17:00:00+00:00,102,36.8,2.77,Low
R003,2026-09-13T17:00:00+00:00,103,42.6,2.42,Low
R004,2026-09-13T17:00:00+00:00,47,60.2,0.78,Low
R005,2026-09-13T17:00:00+00:00,106,29.9,3.55,Low
R006,2026-09-13T17:00:00+00:00,171,24.1,7.1,Low
R007,2026-09-13T17:00:00+00:00,182,19.2,9.48,Low
road-001,2026-09-13T17:00:00+00:00,58,42.3,1.37,Low
road-002,2026-09-13T17:00:00+00:00,112,23.1,4.85,Low
road-003,2026-09-13T17:00:00+00:00,163,16.3,10.0,Medium
road-004,2026-09-13T17:00:00+00:00,88,26.6,3.31,Low
R001,2026-09-13T18:00:00+00:00,78,55.8,1.4,Low
R002,2026-09-13T18:00:00+00:00,82,41.0,2.0,Low
R003,2026-09-13T18:00:00+00:00,79,44.1,1.79,Low
R004,2026-09-13T18:00:00+00:00,34,60.8,0.56,Low
R005,2026-09-13T18:00:00+00:00,94,33.3,2.82,Low
R006,2026-09-13T18:00:00+00:00,136,26.1,5.21,Low
R007,2026-09-13T18:00:00+00:00,145,21.0,6.9,Low
road-001,2026-09-13T18:00:00+00:00,56,40.8,1.37,Low
road-002,2026-09-13T18:00:00+00:00,95,26.9,3.53,Low
road-003,2026-09-13T18:00:00+00:00,155,15.8,9.81,Low
road-004,2026-09-13T18:00:00+00:00,80,29.0,2.76,Low
R001,2026-09-13T19:00:00+00:00,62,58.5,1.06,Low
R002,2026-09-13T19:00:00+00:00,70,40.8,1.72,Low
R003,2026-09-13T19:00:00+00:00,68,45.2,1.5,Low
R004,2026-09-13T19:00:00+00:00,29,59.0,0.49,Low
R005,2026-09-13T19:00:00+00:00,71,36.8,1.93,Low
R006,2026-09-13T19:00:00+00:00,103,29.8,3.46,Low
R007,2026-09-13T19:00:00+00:00,128,22.2,5.77,Low
road-001,2026-09-13T19:00:00+00:00,39,40.3,0.97,Low
road-002,2026-09-13T19:00:00+00:00,83,27.3,3.04,Low
road-003,2026-09-13T19:00:00+00:00,126,16.3,7.73,Low
road-004,2026-09-13T19:00:00+00:00,62,30.3,2.05,Low
R001,2026-09-13T20:00:00+00:00,48,54.5,0.88,Low
R002,2026-09-13T20:00:00+00:00,58,43.7,1.33,Low
R003,2026-09-13T20:00:00+00:00,56,46.7,1.2,Low
R004,2026-09-13T20:00:00+00:00,25,64.5,0.39,Low
R005,2026-09-13T20:00:00+00:00,59,34.8,1.7,Low
R006,2026-09-13T20:00:00+00:00,85,30.1,2.82,Low
R007,2026-09-13T20:00:00+00:00,120,22.0,5.45,Low
road-001,2026-09-13T20:00:00+00:00,34,45.2,0.75,Low
road-002,2026-09-13T20:00:00+00:00,78,26.3,2.97,Low
road-003,2026-09-13T20:00:00+00:00,95,19.1,4.97,Low
road-004,2026-09-13T20:00:00+00:00,48,32.6,1.47,Low
R001,2026-09-13T21:00:00+00:00,50,60.8,0.82,Low
R002,2026-09-13T21:00:00+00:00,53,41.0,1.29,Low
R003,2026-09-13T21:00:00+00:00,52,43.6,1.19,Low
R004,2026-09-13T21:00:00+00:00,25,65.2,0.38,Low
R005,2026-09-13T21:00:00+00:00,54,34.9,1.55,Low
R006,2026-09-13T21:00:00+00:00,86,33.4,2.57,Low
R007,2026-09-13T21:00:00+00:00,102,23.4,4.36,Low
road-001,2026-09-13T21:00:00+00:00,36,45.5,0.79,Low
road-002,2026-09-13T21:00:00+00:00,61,29.2,2.09,Low
road-003,2026-09-13T21:00:00+00:00,89,17.1,5.2,Low
road-004,2026-09-13T21:00:00+00:00,50,31.1,1.61,Low
R001,2026-09-13T22:00:00+00:00,44,56.6,0.78,Low
R002,2026-09-13T22:00:00+00:00,54,40.1,1.35,Low
R003,2026-09-13T22:00:00+00:00,47,44.5,1.06,Low
R004,2026-09-13T22:00:00+00:00,20,68.3,0.29,Low
R005,2026-09-13T22:00:00+00:00,54,35.7,1.51,Low
R006,2026-09-13T22:00:00+00:00,78,31.7,2.46,Low
R007,2026-09-13T22:00:00+00:00,93,24.2,3.84,Low
road-001,2026-09-13T22:00:00+00:00,30,42.6,0.7,Low
road-002,2026-09-13T22:00:00+00:00,63,29.4,2.14,Low
road-003,2026-09-13T22:00:00+00:00,95,19.3,4.92,Low
road-004,2026-09-13T22:00:00+00:00,43,33.7,1.28,Low
R001,2026-09-13T23:00:00+00:00,45,53.1,0.85,Low
R002,2026-09-13T23:00:00+00:00,54,42.5,1.27,Low
R003,2026-09-13T23:00:00+00:00,49,48.2,1.02,Low
R004,2026-09-13T23:00:00+00:00,23,65.2,0.35,Low
R005,2026-09-13T23:00:00+00:00,56,35.5,1.58,Low
R006,2026-09-13T23:00:00+00:00,75,31.0,2.42,Low
R007,2026-09-13T23:00:00+00:00,101,21.8,4.63,Low
road-001,2026-09-13T23:00:00+00:00,32,40.4,0.79,Low
road-002,2026-09-13T23:00:00+00:00,63,28.9,2.18,Low
road-003,2026-09-13T23:00:00+00:00,83,19.6,4.23,Low
road-004,2026-09-13T23:00:00+00:00,41,35.2,1.16,Low
R001,2026-09-14T00:00:00+00:00,22,55.3,0.4,Low
R002,2026-09-14T00:00:00+00:00,29,41.9,0.69,Low
R003,2026-09-14T00:00:00+00:00,24,52.0,0.46,Low
R004,2026-09-14T00:00:00+00:00,12,65.7,0.18,Low
R005,2026-09-14T00:00:00+00:00,32,40.4,0.79,Low
R006,2026-09-14T00:00:00+00:00,41,31.2,1.31,Low
R007,2026-09-14T00:00:00+00:00,55,25.1,2.19,Low
road-001,2026-09-14T00:00:00+00:00,18,43.9,0.41,Low
road-002,2026-09-14T00:00:00+00:00,32,30.6,1.05,Low
road-003,2026-09-14T00:00:00+00:00,50,20.4,2.45,Low
road-004,2026-09-14T00:00:00+00:00,25,35.7,0.7,Low
R001,2026-09-14T01:00:00+00:00,24,59.1,0.41,Low
R002,2026-09-14T01:00:00+00:00,27,44.6,0.61,Low
R003,2026-09-14T01:00:00+00:00,27,50.6,0.53,Low
R004,2026-09-14T01:00:00+00:00,11,59.5,0.18,Low
R005,2026-09-14T01:00:00+00:00,27,39.9,0.68,Low
R006,2026-09-14T01:00:00+00:00,43,35.2,1.22,Low
R007,2026-09-14T01:00:00+00:00,48,23.7,2.03,Low
road-001,2026-09-14T01:00:00+00:00,17,42.9,0.4,Low
road-002,2026-09-14T01:00:00+00:00,30,27.5,1.09,Low
road-003,2026-09-14T01:00:00+00:00,48,20.7,2.32,Low
road-004,2026-09-14T01:00:00+00:00,25,35.3,0.71,Low
R001,2026-09-14T02:00:00+00:00,25,60.7,0.41,Low
R002,2026-09-14T02:00:00+00:00,29,42.5,0.68,Low
R003,2026-09-14T02:00:00+00:00,25,50.7,0.49,Low
R004,2026-09-14T02:00:00+00:00,11,66.3,0.17,Low
R005,2026-09-14T02:00:00+00:00,31,40.6,0.76,Low
R006,2026-09-14T02:00:00+00:00,39,33.4,1.17,Low
R007,2026-09-14T02:00:00+00:00,48,25.6,1.88,Low
road-001,2026-09-14T02:00:00+00:00,18,46.9,0.38,Low
road-002,2026-09-14T02:00:00+00:00,31,31.2,0.99,Low
road-003,2026-09-14T02:00:00+00:00,52,19.7,2.64,Low
road-004,2026-09-14T02:00:00+00:00,24,36.2,0.66,Low
R001,2026-09-14T03:00:00+00:00,26,56.1,0.46,Low
R002,2026-09-14T03:00:00+00:00,29,41.4,0.7,Low
R003,2026-09-14T03:00:00+00:00,25,48.3,0.52,Low
R004,2026-09-14T03:00:00+00:00,11,60.2,0.18,Low
R005,2026-09-14T03:00:00+00:00,29,41.7,0.7,Low
R006,2026-09-14T03:00:00+00:00,38,35.1,1.08,Low
R007,2026-09-14T03:00:00+00:00,51,25.6,1.99,Low
road-001,2026-09-14T03:00:00+00:00,16,45.5,0.35,Low
road-002,2026-09-14T03:00:00+00:00,30,30.1,1.0,Low
road-003,2026-09-14T03:00:00+00:00,45,20.5,2.2,Low
road-004,2026-09-14T03:00:00+00:00,25,32.8,0.76,Low
R001,2026-09-14T04:00:00+00:00,24,55.6,0.43,Low
R002,2026-09-14T04:00:00+00:00,30,44.4,0.68,Low
R003,2026-09-14T04:00:00+00:00,28,47.0,0.6,Low
R004,2026-09-14T04:00:00+00:00,12,63.5,0.19,Low
R005,2026-09-14T04:00:00+00:00,29,36.7,0.79,Low
R006,2026-09-14T04:00:00+00:00,40,32.5,1.23,Low
R007,2026-09-14T04:00:00+00:00,53,25.5,2.08,Low
road-001,2026-09-14T04:00:00+00:00,16,45.6,0.35,Low
road-002,2026-09-14T04:00:00+00:00,32,26.8,1.19,Low
road-003,2026-09-14T04:00:00+00:00,44,18.8,2.34,Low
road-004,2026-09-14T04:00:00+00:00,25,34.9,0.72,Low
R001,2026-09-14T05:00:00+00:00,26,60.9,0.43,Low
R002,2026-09-14T05:00:00+00:00,31,41.9,0.74,Low
R003,2026-09-14T05:00:00+00:00,25,45.4,0.55,Low
R004,2026-09-14T05:00:00+00:00,12,61.6,0.19,Low
R005,2026-09-14T05:00:00+00:00,34,41.7,0.82,Low
R006,2026-09-14T05:00:00+00:00,48,35.9,1.34,Low
R007,2026-09-14T05:00:00+00:00,56,24.8,2.26,Low
road-001,2026-09-14T05:00:00+00:00,16,42.5,0.38,Low
road-002,2026-09-14T05:00:00+00:00,36,27.9,1.29,Low
road-003,2026-09-14T05:00:00+00:00,50,18.8,2.66,Low
road-004,2026-09-14T05:00:00+00:00,28,34.0,0.82,Low
R001,2026-09-14T06:00:00+00:00,37,55.9,0.66,Low
R002,2026-09-14T06:00:00+00:00,42,45.8,0.92,Low
R003,2026-09-14T06:00:00+00:00,42,44.8,0.94,Low
R004,2026-09-14T06:00:00+00:00,17,64.2,0.26,Low
R005,2026-09-14T06:00:00+00:00,42,35.7,1.18,Low
R006,2026-09-14T06:00:00+00:00,58,31.0,1.87,Low
R007,2026-09-14T06:00:00+00:00,85,24.1,3.53,Low
road-001,2026-09-14T06:00:00+00:00,27,46.4,0.58,Low
road-002,2026-09-14T06:00:00+00:00,48,29.9,1.61,Low
road-003,2026-09-14T06:00:00+00:00,75,19.4,3.87,Low
road-004,2026-09-14T06:00:00+00:00,34,32.3,1.05,Low
R001,2026-09-14T07:00:00+00:00,77,52.9,1.46,Low
R002,2026-09-14T07:00:00+00:00,92,39.6,2.32,Low
R003,2026-09-14T07:00:00+00:00,72,47.1,1.53,Low
R004,2026-09-14T07:00:00+00:00,37,64.3,0.58,Low
R005,2026-09-14T07:00:00+00:00,82,32.8,2.5,Low
R006,2026-09-14T07:00:00+00:00,119,26.7,4.46,Low
R007,2026-09-14T07:00:00+00:00,148,20.9,7.08,Low
road-001,2026-09-14T07:00:00+00:00,50,44.3,1.13,Low
road-002,2026-09-14T07:00:00+00:00,107,22.3,4.8,Low
road-003,2026-09-14T07:00:00+00:00,140,17.0,8.24,Low
road-004,2026-09-14T07:00:00+00:00,71,29.8,2.38,Low
R001,2026-09-14T08:00:00+00:00,125,51.6,2.42,Low
R002,2026-09-14T08:00:00+00:00,127,31.4,4.04,Low
R003,2026-09-14T08:00:00+00:00,137,34.0,4.03,Low
R004,2026-09-14T08:00:00+00:00,55,58.5,0.94,Low
R005,2026-09-14T08:00:00+00:00,140,30.0,4.67,Low
R006,2026-09-14T08:00:00+00:00,209,21.0,9.95,Low
R007,2026-09-14T08:00:00+00:00,279,12.6,22.14,High
road-001,2026-09-14T08:00:00+00:00,84,35.9,2.34,Low
road-002,2026-09-14T08:00:00+00:00,148,21.3,6.95,Low
road-003,2026-09-14T08:00:00+00:00,244,12.6,19.37,Medium
road-004,2026-09-14T08:00:00+00:00,106,26.3,4.03,Low
R001,2026-09-14T09:00:00+00:00,122,48.3,2.53,Low
R002,2026-09-14T09:00:00+00:00,139,34.2,4.06,Low
R003,2026-09-14T09:00:00+00:00,136,34.0,4.0,Low
R004,2026-09-14T09:00:00+00:00,53,61.9,0.86,Low
R005,2026-09-14T09:00:00+00:00,152,26.5,5.74,Low
R006,2026-09-14T09:00:00+00:00,225,19.4,11.6,Medium
R007,2026-09-14T09:00:00+00:00,230,16.9,13.61,Medium
road-001,2026-09-14T09:00:00+00:00,86,38.7,2.22,Low
road-002,2026-09-14T09:00:00+00:00,156,20.4,7.65,Low
road-003,2026-09-14T09:00:00+00:00,246,12.6,19.52,Medium
road-004,2026-09-14T09:00:00+00:00,119,22.7,5.24,Low
R001,2026-09-14T10:00:00+00:00,92,54.1,1.7,Low
R002,2026-09-14T10:00:00+00:00,114,32.8,3.48,Low
R003,2026-09-14T10:00:00+00:00,101,44.0,2.3,Low
R004,2026-09-14T10:00:00+00:00,49,58.5,0.84,Low
R005,2026-09-14T10:00:00+00:00,119,33.1,3.6,Low
R006,2026-09-14T10:00:00+00:00,191,21.1,9.05,Low
R007,2026-09-14T10:00:00+00:00,236,14.5,16.28,Medium
road-001,2026-09-14T10:00:00+00:00,76,36.3,2.09,Low
road-002,2026-09-14T10:00:00+00:00,147,21.0,7.0,Low
road-003,2026-09-14T10:00:00+00:00,188,14.5,12.97,Medium
road-004,2026-09-14T10:00:00+00:00,100,27.6,3.62,Low
R001,2026-09-14T11:00:00+00:00,64,57.5,1.11,Low
R002,2026-09-14T11:00:00+00:00,72,41.2,1.75,Low
R003,2026-09-14T11:00:00+00:00,77,44.1,1.75,Low
R004,2026-09-14T11:00:00+00:00,33,65.8,0.5,Low
R005,2026-09-14T11:00:00+00:00,82,35.1,2.34,Low
R006,2026-09-14T11:00:00+00:00,114,30.5,3.74,Low
R007,2026-09-14T11:00:00+00:00,153,20.3,7.54,Low
road-001,2026-09-14T11:00:00+00:00,46,41.0,1.12,Low
road-002,2026-09-14T11:00:00+00:00,83,25.3,3.28,Low
road-003,2026-09-14T11:00:00+00:00,132,16.0,8.25,Low
road-004,2026-09-14T11:00:00+00:00,69,28.4,2.43,Low
R001,2026-09-14T12:00:00+00:00,55,57.9,0.95,Low
R002,2026-09-14T12:00:00+00:00,65,39.5,1.65,Low
R003,2026-09-14T12:00:00+00:00,59,49.0,1.2,Low
R004,2026-09-14T12:00:00+00:00,27,59.2,0.46,Low
R005,2026-09-14T12:00:00+00:00,64,38.7,1.65,Low
R006,2026-09-14T12:00:00+00:00,104,30.1,3.46,Low
R007,2026-09-14T12:00:00+00:00,115,20.1,5.72,Low
road-001,2026-09-14T12:00:00+00:00,36,39.5,0.91,Low
road-002,2026-09-14T12:00:00+00:00,70,26.6,2.63,Low
road-003,2026-09-14T12:00:00+00:00,102,18.3,5.57,Low
road-004,2026-09-14T12:00:00+00:00,56,30.1,1.86,Low
R001,2026-09-14T13:00:00+00:00,51,53.2,0.96,Low
R002,2026-09-14T13:00:00+00:00,63,38.5,1.64,Low
R003,2026-09-14T13:00:00+00:00,60,43.5,1.38,Low
R004,2026-09-14T13:00:00+00:00,25,61.9,0.4,Low
R005,2026-09-14T13:00:00+00:00,62,38.7,1.6,Low
R006,2026-09-14T13:00:00+00:00,91,31.3,2.91,Low
R007,2026-09-14T13:00:00+00:00,116,22.3,5.2,Low
road-001,2026-09-14T13:00:00+00:00,39,40.7,0.96,Low
road-002,2026-09-14T13:00:00+00:00,81,27.7,2.92,Low
road-003,2026-09-14T13:00:00+00:00,101,16.9,5.98,Low
road-004,2026-09-14T13:00:00+00:00,57,31.8,1.79,Low
R001,2026-09-14T14:00:00+00:00,60,52.7,1.14,Low
R002,2026-09-14T14:00:00+00:00,65,37.6,1.73,Low
R003,2026-09-14T14:00:00+00:00,56,43.9,1.28,Low
R004,2026-09-14T14:00:00+00:00,27,64.7,0.42,Low
R005,2026-09-14T14:00:00+00:00,75,38.0,1.97,Low
R006,2026-09-14T14:00:00+00:00,100,30.2,3.31,Low
R007,2026-09-14T14:00:00+00:00,124,22.9,5.41,Low
road-001,2026-09-14T14:00:00+00:00,38,43.6,0.87,Low
road-002,2026-09-14T14:00:00+00:00,80,25.8,3.1,Low
road-003,2026-09-14T14:00:00+00:00,107,16.6,6.45,Low
road-004,2026-09-14T14:00:00+00:00,50,30.0,1.67,Low
R001,2026-09-14T15:00:00+00:00,59,60.6,0.97,Low
R002,2026-09-14T15:00:00+00:00,82,37.3,2.2,Low
R003,2026-09-14T15:00:00+00:00,73,45.5,1.6,Low
R004,2026-09-14T15:00:00+00:00,32,63.3,0.51,Low
R005,2026-09-14T15:00:00+00:00,87,32.6,2.67,Low
R006,2026-09-14T15:00:00+00:00,110,29.4,3.74,Low
R007,2026-09-14T15:00:00+00:00,142,18.9,7.51,Low
road-001,2026-09-14T15:00:00+00:00,43,39.5,1.09,Low
road-002,2026-09-14T15:00:00+00:00,94,27.0,3.48,Low
road-003,2026-09-14T15:00:00+00:00,131,17.8,7.36,Low
road-004,2026-09-14T15:00:00+00:00,67,28.8,2.33,Low
R001,2026-09-14T16:00:00+00:00,66,58.6,1.13,Low
R002,2026-09-14T16:00:00+00:00,70,37.2,1.88,Low
R003,2026-09-14T16:00:00+00:00,73,46.0,1.59,Low
R004,2026-09-14T16:00:00+00:00,36,65.0,0.55,Low
R005,2026-09-14T16:00:00+00:00,86,34.9,2.46,Low
R006,2026-09-14T16:00:00+00:00,116,28.1,4.13,Low
R007,2026-09-14T16:00:00+00:00,142,20.4,6.96,Low
road-001,2026-09-14T16:00:00+00:00,47,42.2,1.11,Low
road-002,2026-09-14T16:00:00+00:00,93,26.5,3.51,Low
road-003,2026-09-14T16:00:00+00:00,131,17.4,7.53,Low
road-004,2026-09-14T16:00:00+00:00,66,30.0,2.2,Low
R001,2026-09-14T17:00:00+00:00,108,47.4,2.28,Low
R002,2026-09-14T17:00:00+00:00,141,31.2,4.52,Low
R003,2026-09-14T17:00:00+00:00,121,38.2,3.17,Low
R004,2026-09-14T17:00:00+00:00,61,55.9,1.09,Low
R005,2026-09-14T17:00:00+00:00,146,25.4,5.75,Low
R006,2026-09-14T17:00:00+00:00,189,21.6,8.75,Low
R007,2026-09-14T17:00:00+00:00,236,14.7,16.05,Medium
road-001,2026-09-14T17:00:00+00:00,75,40.2,1.87,Low
road-002,2026-09-14T17:00:00+00:00,150,20.6,7.28,Low
road-003,2026-09-14T17:00:00+00:00,241,12.3,19.59,Medium
road-004,2026-09-14T17:00:00+00:00,104,25.0,4.16,Low
R001,2026-09-14T18:00:00+00:00,143,49.6,2.88,Low
R002,2026-09-14T18:00:00+00:00,171,27.9,6.13,Low
R003,2026-09-14T18:00:00+00:00,156,34.3,4.55,Low
R004,2026-09-14T18:00:00+00:00,73,58.0,1.26,Low
R005,2026-09-14T18:00:00+00:00,176,22.6,7.79,Low
R006,2026-09-14T18:00:00+00:00,253,16.5,15.33,Medium
R007,2026-09-14T18:00:00+00:00,276,12.1,22.81,High
road-001,2026-09-14T18:00:00+00:00,99,31.9,3.1,Low
road-002,2026-09-14T18:00:00+00:00,186,17.8,10.45,Medium
road-003,2026-09-14T18:00:00+00:00,265,10.3,25.73,High
road-004,2026-09-14T18:00:00+00:00,125,21.1,5.92,Low
R001,2026-09-14T19:00:00+00:00,121,48.1,2.52,Low
R002,2026-09-14T19:00:00+00:00,122,36.1,3.38,Low
R003,2026-09-14T19:00:00+00:00,131,34.0,3.85,Low
R004,2026-09-14T19:00:00+00:00,51,58.5,0.87,Low
R005,2026-09-14T19:00:00+00:00,144,26.1,5.52,Low
R006,2026-09-14T19:00:00+00:00,186,22.1,8.42,Low
R007,2026-09-14T19:00:00+00:00,236,15.0,15.73,Medium
road-001,2026-09-14T19:00:00+00:00,72,40.5,1.78,Low
road-002,2026-09-14T19:00:00+00:00,147,19.4,7.58,Low
road-003,2026-09-14T19:00:00+00:00,234,12.4,18.87,Medium
road-004,2026-09-14T19:00:00+00:00,116,25.0,4.64,Low
R001,2026-09-14T20:00:00+00:00,71,54.6,1.3,Low
R002,2026-09-14T20:00:00+00:00,76,41.9,1.81,Low
R003,2026-09-14T20:00:00+00:00,65,42.5,1.53,Low
R004,2026-09-14T20:00:00+00:00,33,64.7,0.51,Low
R005,2026-09-14T20:00:00+00:00,89,35.8,2.49,Low
R006,2026-09-14T20:00:00+00:00,104,28.1,3.7,Low
R007,2026-09-14T20:00:00+00:00,146,21.5,6.79,Low
road-001,2026-09-14T20:00:00+00:00,50,38.8,1.29,Low
road-002,2026-09-14T20:00:00+00:00,86,25.5,3.37,Low
road-003,2026-09-14T20:00:00+00:00,132,17.4,7.59,Low
road-004,2026-09-14T20:00:00+00:00,60,31.7,1.89,Low
R001,2026-09-14T21:00:00+00:00,34,55.0,0.62,Low
R002,2026-09-14T21:00:00+00:00,44,42.3,1.04,Low
R003,2026-09-14T21:00:00+00:00,38,50.0,0.76,Low
R004,2026-09-14T21:00:00+00:00,17,67.0,0.25,Low
R005,2026-09-14T21:00:00+00:00,43,38.0,1.13,Low
R006,2026-09-14T21:00:00+00:00,57,32.3,1.76,Low
R007,2026-09-14T21:00:00+00:00,82,22.5,3.64,Low
road-001,2026-09-14T21:00:00+00:00,26,41.1,0.63,Low
road-002,2026-09-14T21:00:00+00:00,52,27.7,1.88,Low
road-003,2026-09-14T21:00:00+00:00,68,19.7,3.45,Low
road-004,2026-09-14T21:00:00+00:00,35,32.7,1.07,Low
R001,2026-09-14T22:00:00+00:00,25,62.3,0.4,Low
R002,2026-09-14T22:00:00+00:00,32,42.6,0.75,Low
R003,2026-09-14T22:00:00+00:00,25,46.1,0.54,Low
R004,2026-09-14T22:00:00+00:00,11,67.6,0.16,Low
R005,2026-09-14T22:00:00+00:00,35,36.0,0.97,Low
R006,2026-09-14T22:00:00+00:00,43,36.3,1.18,Low
R007,2026-09-14T22:00:00+00:00,52,22.3,2.33,Low
road-001,2026-09-14T22:00:00+00:00,19,45.2,0.42,Low
road-002,2026-09-14T22:00:00+00:00,36,30.7,1.17,Low
road-003,2026-09-14T22:00:00+00:00,47,19.7,2.39,Low
road-004,2026-09-14T22:00:00+00:00,27,34.7,0.78,Low
R001,2026-09-14T23:00:00+00:00,24,57.1,0.42,Low
R002,2026-09-14T23:00:00+00:00,27,45.2,0.6,Low
R003,2026-09-14T23:00:00+00:00,26,47.3,0.55,Low
R004,2026-09-14T23:00:00+00:00,12,68.5,0.18,Low
R005,2026-09-14T23:00:00+00:00,27,37.6,0.72,Low
R006,2026-09-14T23:00:00+00:00,42,36.0,1.17,Low
R007,2026-09-14T23:00:00+00:00,54,23.7,2.28,Low
road-001,2026-09-14T23:00:00+00:00,16,44.6,0.36,Low
road-002,2026-09-14T23:00:00+00:00,35,29.6,1.18,Low
road-003,2026-09-14T23:00:00+00:00,50,20.4,2.45,Low
road-004,2026-09-14T23:00:00+00:00,25,33.4,0.75,Low
R001,2026-09-15T00:00:00+00:00,22,57.3,0.38,Low
R002,2026-09-15T00:00:00+00:00,25,42.8,0.58,Low
R003,2026-09-15T00:00:00+00:00,27,50.6,0.53,Low
R004,2026-09-15T00:00:00+00:00,11,69.5,0.16,Low
R005,2026-09-15T00:00:00+00:00,28,36.4,0.77,Low
R006,2026-09-15T00:00:00+00:00,42,33.8,1.24,Low
R007,2026-09-15T00:00:00+00:00,54,22.6,2.39,Low
road-001,2026-09-15T00:00:00+00:00,15,46.5,0.32,Low
road-002,2026-09-15T00:00:00+00:00,33,27.8,1.19,Low
road-003,2026-09-15T00:00:00+00:00,50,19.9,2.51,Low
road-004,2026-09-15T00:00:00+00:00,26,31.7,0.82,Low
R001,2026-09-15T01:00:00+00:00,21,58.0,0.36,Low
R002,2026-09-15T01:00:00+00:00,28,42.8,0.65,Low
R003,2026-09-15T01:00:00+00:00,23,50.2,0.46,Low
R004,2026-09-15T01:00:00+00:00,11,62.3,0.18,Low
R005,2026-09-15T01:00:00+00:00,31,38.5,0.81,Low
R006,2026-09-15T01:00:00+00:00,46,35.2,1.31,Low
R007,2026-09-15T01:00:00+00:00,57,24.1,2.37,Low
road-001,2026-09-15T01:00:00+00:00,18,45.1,0.4,Low
road-002,2026-09-15T01:00:00+00:00,33,29.4,1.12,Low
road-003,2026-09-15T01:00:00+00:00,46,18.7,2.46,Low
road-004,2026-09-15T01:00:00+00:00,25,35.1,0.71,Low
R001,2026-09-15T02:00:00+00:00,24,61.1,0.39,Low
R002,2026-09-15T02:00:00+00:00,28,42.0,0.67,Low
R003,2026-09-15T02:00:00+00:00,25,49.5,0.51,Low
R004,2026-09-15T02:00:00+00:00,12,62.9,0.19,Low
R005,2026-09-15T02:00:00+00:00,27,40.3,0.67,Low
R006,2026-09-15T02:00:00+00:00,44,31.4,1.4,Low
R007,2026-09-15T02:00:00+00:00,47,25.6,1.84,Low
road-001,2026-09-15T02:00:00+00:00,16,43.9,0.36,Low
road-002,2026-09-15T02:00:00+00:00,32,29.2,1.1,Low
road-003,2026-09-15T02:00:00+00:00,48,19.3,2.49,Low
road-004,2026-09-15T02:00:00+00:00,23,32.8,0.7,Low
R001,2026-09-15T03:00:00+00:00,23,58.4,0.39,Low
R002,2026-09-15T03:00:00+00:00,27,46.9,0.58,Low
R003,2026-09-15T03:00:00+00:00,25,52.6,0.48,Low
R004,2026-09-15T03:00:00+00:00,12,60.7,0.2,Low
R005,2026-09-15T03:00:00+00:00,27,40.3,0.67,Low
R006,2026-09-15T03:00:00+00:00,38,35.0,1.09,Low
R007,2026-09-15T03:00:00+00:00,55,22.4,2.46,Low
road-001,2026-09-15T03:00:00+00:00,16,44.1,0.36,Low
road-002,2026-09-15T03:00:00+00:00,34,31.0,1.1,Low
road-003,2026-09-15T03:00:00+00:00,46,20.7,2.22,Low
road-004,2026-09-15T03:00:00+00:00,24,33.5,0.72,Low
R001,2026-09-15T04:00:00+00:00,22,59.8,0.37,Low
R002,2026-09-15T04:00:00+00:00,25,41.6,0.6,Low
R003,2026-09-15T04:00:00+00:00,25,52.7,0.47,Low
R004,2026-09-15T04:00:00+00:00,11,64.3,0.17,Low
R005,2026-09-15T04:00:00+00:00,31,36.6,0.85,Low
R006,2026-09-15T04:00:00+00:00,42,31.3,1.34,Low
R007,2026-09-15T04:00:00+00:00,56,25.4,2.2,Low
road-001,2026-09-15T04:00:00+00:00,16,46.5,0.34,Low
road-002,2026-09-15T04:00:00+00:00,33,27.2,1.21,Low
road-003,2026-09-15T04:00:00+00:00,46,20.5,2.24,Low
road-004,2026-09-15T04:00:00+00:00,23,34.4,0.67,Low
R001,2026-09-15T05:00:00+00:00,26,62.7,0.41,Low
R002,2026-09-15T05:00:00+00:00,31,43.5,0.71,Low
R003,2026-09-15T05:00:00+00:00,29,49.4,0.59,Low
R004,2026-09-15T05:00:00+00:00,13,64.3,0.2,Low
R005,2026-09-15T05:00:00+00:00,31,38.5,0.81,Low
R006,2026-09-15T05:00:00+00:00,44,35.6,1.24,Low
R007,2026-09-15T05:00:00+00:00,53,25.1,2.11,Low
road-001,2026-09-15T05:00:00+00:00,18,43.5,0.41,Low
road-002,2026-09-15T05:00:00+00:00,33,28.5,1.16,Low
road-003,2026-09-15T05:00:00+00:00,51,20.6,2.48,Low
road-004,2026-09-15T05:00:00+00:00,27,35.1,0.77,Low
R001,2026-09-15T06:00:00+00:00,37,61.6,0.6,Low
R002,2026-09-15T06:00:00+00:00,44,43.2,1.02,Low
R003,2026-09-15T06:00:00+00:00,42,49.2,0.85,Low
R004,2026-09-15T06:00:00+00:00,18,59.9,0.3,Low
R005,2026-09-15T06:00:00+00:00,46,35.9,1.28,Low
R006,2026-09-15T06:00:00+00:00,65,32.9,1.98,Low
R007,2026-09-15T06:00:00+00:00,72,23.6,3.05,Low
road-001,2026-09-15T06:00:00+00:00,24,43.5,0.55,Low
road-002,2026-09-15T06:00:00+00:00,54,26.2,2.06,Low
road-003,2026-09-15T06:00:00+00:00,79,17.6,4.49,Low
road-004,2026-09-15T06:00:00+00:00,33,34.9,0.95,Low
R001,2026-09-15T07:00:00+00:00,68,57.3,1.19,Low
R002,2026-09-15T07:00:00+00:00,90,37.9,2.37,Low
R003,2026-09-15T07:00:00+00:00,82,44.2,1.86,Low
R004,2026-09-15T07:00:00+00:00,35,57.2,0.61,Low
R005,2026-09-15T07:00:00+00:00,96,30.8,3.12,Low
R006,2026-09-15T07:00:00+00:00,124,28.1,4.41,Low
R007,2026-09-15T07:00:00+00:00,167,18.7,8.93,Low
road-001,2026-09-15T07:00:00+00:00,48,38.8,1.24,Low
road-002,2026-09-15T07:00:00+00:00,91,24.0,3.79,Low
road-003,2026-09-15T07:00:00+00:00,134,16.0,8.38,Low
road-004,2026-09-15T07:00:00+00:00,66,29.4,2.24,Low
R001,2026-09-15T08:00:00+00:00,115,47.4,2.43,Low
R002,2026-09-15T08:00:00+00:00,140,30.9,4.53,Low
R003,2026-09-15T08:00:00+00:00,115,36.3,3.17,Low
R004,2026-09-15T08:00:00+00:00,57,56.4,1.01,Low
R005,2026-09-15T08:00:00+00:00,144,27.0,5.33,Low
R006,2026-09-15T08:00:00+00:00,201,22.7,8.85,Low
R007,2026-09-15T08:00:00+00:00,235,14.6,16.1,Medium
road-001,2026-09-15T08:00:00+00:00,87,36.5,2.38,Low
road-002,2026-09-15T08:00:00+00:00,161,19.9,8.09,Low
road-003,2026-09-15T08:00:00+00:00,230,11.8,19.49,Medium
road-004,2026-09-15T08:00:00+00:00,107,25.3,4.23,Low
R001,2026-09-15T09:00:00+00:00,115,49.9,2.3,Low
R002,2026-09-15T09:00:00+00:00,134,31.2,4.29,Low
R003,2026-09-15T09:00:00+00:00,137,34.5,3.97,Low
R004,2026-09-15T09:00:00+00:00,64,58.4,1.1,Low
R005,2026-09-15T09:00:00+00:00,139,28.6,4.86,Low
R006,2026-09-15T09:00:00+00:00,217,19.3,11.24,Medium
R007,2026-09-15T09:00:00+00:00,250,13.5,18.52,Medium
road-001,2026-09-15T09:00:00+00:00,85,34.6,2.46,Low
road-002,2026-09-15T09:00:00+00:00,177,17.1,10.35,Medium
road-003,2026-09-15T09:00:00+00:00,258,11.6,22.24,High
road-004,2026-09-15T09:00:00+00:00,118,23.6,5.0,Low
R001,2026-09-15T10:00:00+00:00,110,50.3,2.19,Low
R002,2026-09-15T10:00:00+00:00,107,36.0,2.97,Low
R003,2026-09-15T10:00:00+00:00,117,37.5,3.12,Low
R004,2026-09-15T10:00:00+00:00,55,53.8,1.02,Low
R005,2026-09-15T10:00:00+00:00,138,28.4,4.86,Low
R006,2026-09-15T10:00:00+00:00,182,24.7,7.37,Low
R007,2026-09-15T10:00:00+00:00,216,16.1,13.42,Medium
road-001,2026-09-15T10:00:00+00:00,74,38.4,1.93,Low
road-002,2026-09-15T10:00:00+00:00,140,19.7,7.11,Low
road-003,2026-09-15T10:00:00+00:00,214,13.4,15.97,Medium
road-004,2026-09-15T10:00:00+00:00,98,26.2,3.74,Low
R001,2026-09-15T11:00:00+00:00,61,52.9,1.15,Low
R002,2026-09-15T11:00:00+00:00,78,38.1,2.05,Low
R003,2026-09-15T11:00:00+00:00,71,45.5,1.56,Low
R004,2026-09-15T11:00:00+00:00,36,59.7,0.6,Low
R005,2026-09-15T11:00:00+00:00,86,33.5,2.57,Low
R006,2026-09-15T11:00:00+00:00,111,30.7,3.62,Low
R007,2026-09-15T11:00:00+00:00,143,19.6,7.3,Low
road-001,2026-09-15T11:00:00+00:00,51,39.9,1.28,Low
road-002,2026-09-15T11:00:00+00:00,90,25.9,3.47,Low
road-003,2026-09-15T11:00:00+00:00,120,17.7,6.78,Low
road-004,2026-09-15T11:00:00+00:00,68,27.7,2.45,Low
R001,2026-09-15T12:00:00+00:00,55,60.3,0.91,Low
R002,2026-09-15T12:00:00+00:00,67,40.1,1.67,Low
R003,2026-09-15T12:00:00+00:00,65,46.8,1.39,Low
R004,2026-09-15T12:00:00+00:00,29,62.9,0.46,Low
R005,2026-09-15T12:00:00+00:00,73,36.4,2.01,Low
R006,2026-09-15T12:00:00+00:00,89,28.7,3.1,Low
R007,2026-09-15T12:00:00+00:00,128,21.7,5.9,Low
road-001,2026-09-15T12:00:00+00:00,40,41.2,0.97,Low
road-002,2026-09-15T12:00:00+00:00,81,27.5,2.95,Low
road-003,2026-09-15T12:00:00+00:00,108,16.7,6.47,Low
road-004,2026-09-15T12:00:00+00:00,58,32.2,1.8,Low
R001,2026-09-15T13:00:00+00:00,48,57.0,0.84,Low
R002,2026-09-15T13:00:00+00:00,68,40.2,1.69,Low
R003,2026-09-15T13:00:00+00:00,55,42.8,1.29,Low
R004,2026-09-15T13:00:00+00:00,25,67.2,0.37,Low
R005,2026-09-15T13:00:00+00:00,65,33.9,1.92,Low
R006,2026-09-15T13:00:00+00:00,97,29.5,3.29,Low
R007,2026-09-15T13:00:00+00:00,122,20.5,5.95,Low
road-001,2026-09-15T13:00:00+00:00,38,41.5,0.92,Low
road-002,2026-09-15T13:00:00+00:00,71,28.6,2.48,Low
road-003,2026-09-15T13:00:00+00:00,113,16.6,6.81,Low
road-004,2026-09-15T13:00:00+00:00,51,33.5,1.52,Low
R001,2026-09-15T14:00:00+00:00,54,60.2,0.9,Low
R002,2026-09-15T14:00:00+00:00,66,40.7,1.62,Low
R003,2026-09-15T14:00:00+00:00,61,47.0,1.3,Low
R004,2026-09-15T14:00:00+00:00,28,64.4,0.43,Low
R005,2026-09-15T14:00:00+00:00,71,33.3,2.13,Low
R006,2026-09-15T14:00:00+00:00,90,28.8,3.12,Low
R007,2026-09-15T14:00:00+00:00,115,21.9,5.25,Low
road-001,2026-09-15T14:00:00+00:00,37,42.7,0.87,Low
road-002,2026-09-15T14:00:00+00:00,81,24.8,3.27,Low
road-003,2026-09-15T14:00:00+00:00,116,18.7,6.2,Low
road-004,2026-09-15T14:00:00+00:00,58,31.3,1.85,Low
R001,2026-09-15T15:00:00+00:00,62,56.6,1.1,Low
R002,2026-09-15T15:00:00+00:00,76,42.5,1.79,Low
R003,2026-09-15T15:00:00+00:00,73,47.6,1.53,Low
R004,2026-09-15T15:00:00+00:00,30,66.7,0.45,Low
R005,2026-09-15T15:00:00+00:00,81,37.6,2.15,Low
R006,2026-09-15T15:00:00+00:00,110,30.4,3.62,Low
R007,2026-09-15T15:00:00+00:00,142,20.0,7.1,Low
road-001,2026-09-15T15:00:00+00:00,49,43.7,1.12,Low
road-002,2026-09-15T15:00:00+00:00,85,24.9,3.41,Low
road-003,2026-09-15T15:00:00+00:00,129,16.7,7.72,Low
road-004,2026-09-15T15:00:00+00:00,59,29.6,1.99,Low
R001,2026-09-15T16:00:00+00:00,60,56.9,1.05,Low
R002,2026-09-15T16:00:00+00:00,69,42.0,1.64,Low
R003,2026-09-15T16:00:00+00:00,78,43.4,1.8,Low
R004,2026-09-15T16:00:00+00:00,30,59.9,0.5,Low
R005,2026-09-15T16:00:00+00:00,76,34.2,2.22,Low
R006,2026-09-15T16:00:00+00:00,118,27.1,4.35,Low
R007,2026-09-15T16:00:00+00:00,142,21.5,6.6,Low
road-001,2026-09-15T16:00:00+00:00,47,42.2,1.11,Low
road-002,2026-09-15T16:00:00+00:00,87,24.7,3.52,Low
road-003,2026-09-15T16:00:00+00:00,121,16.4,7.38,Low
road-004,2026-09-15T16:00:00+00:00,63,28.5,2.21,Low
R001,2026-09-15T17:00:00+00:00,109,53.2,2.05,Low
R002,2026-09-15T17:00:00+00:00,143,32.8,4.36,Low
R003,2026-09-15T17:00:00+00:00,125,39.2,3.19,Low
R004,2026-09-15T17:00:00+00:00,57,58.8,0.97,Low
R005,2026-09-15T17:00:00+00:00,129,27.5,4.69,Low
R006,2026-09-15T17:00:00+00:00,178,23.1,7.71,Low
R007,2026-09-15T17:00:00+00:00,261,12.8,20.39,High
road-001,2026-09-15T17:00:00+00:00,73,40.6,1.8,Low
road-002,2026-09-15T17:00:00+00:00,153,19.3,7.93,Low
road-003,2026-09-15T17:00:00+00:00,231,11.6,19.91,Medium
road-004,2026-09-15T17:00:00+00:00,116,24.4,4.75,Low
R001,2026-09-15T18:00:00+00:00,132,46.8,2.82,Low
R002,2026-09-15T18:00:00+00:00,147,32.0,4.59,Low
R003,2026-09-15T18:00:00+00:00,141,35.7,3.95,Low
R004,2026-09-15T18:00:00+00:00,71,51.0,1.39,Low
R005,2026-09-15T18:00:00+00:00,168,25.7,6.54,Low
R006,2026-09-15T18:00:00+00:00,259,15.6,16.6,Medium
R007,2026-09-15T18:00:00+00:00,289,12.7,22.76,High
road-001,2026-09-15T18:00:00+00:00,103,33.1,3.11,Low
road-002,2026-09-15T18:00:00+00:00,183,16.0,11.44,Medium
road-003,2026-09-15T18:00:00+00:00,254,11.5,22.09,High
road-004,2026-09-15T18:00:00+00:00,126,23.8,5.29,Low
R001,2026-09-15T19:00:00+00:00,105,51.9,2.02,Low
R002,2026-09-15T19:00:00+00:00,135,31.2,4.33,Low
R003,2026-09-15T19:00:00+00:00,120,39.7,3.02,Low
R004,2026-09-15T19:00:00+00:00,55,56.0,0.98,Low
R005,2026-09-15T19:00:00+00:00,149,25.2,5.91,Low
R006,2026-09-15T19:00:00+00:00,189,22.5,8.4,Low
R007,2026-09-15T19:00:00+00:00,266,14.0,19.0,Medium
road-001,2026-09-15T19:00:00+00:00,76,39.9,1.9,Low
road-002,2026-09-15T19:00:00+00:00,163,17.9,9.11,Low
road-003,2026-09-15T19:00:00+00:00,216,12.9,16.74,Medium
road-004,2026-09-15T19:00:00+00:00,109,23.2,4.7,Low
R001,2026-09-15T20:00:00+00:00,67,57.2,1.17,Low
R002,2026-09-15T20:00:00+00:00,70,40.4,1.73,Low
R003,2026-09-15T20:00:00+00:00,76,46.7,1.63,Low
R004,2026-09-15T20:00:00+00:00,32,59.1,0.54,Low
R005,2026-09-15T20:00:00+00:00,77,37.5,2.05,Low
R006,2026-09-15T20:00:00+00:00,121,28.0,4.32,Low
R007,2026-09-15T20:00:00+00:00,147,20.9,7.03,Low
road-001,2026-09-15T20:00:00+00:00,51,41.6,1.23,Low
road-002,2026-09-15T20:00:00+00:00,87,26.0,3.35,Low
road-003,2026-09-15T20:00:00+00:00,144,16.6,8.67,Low
road-004,2026-09-15T20:00:00+00:00,64,28.9,2.21,Low
R001,2026-09-15T21:00:00+00:00,35,61.0,0.57,Low
R002,2026-09-15T21:00:00+00:00,38,41.2,0.92,Low
R003,2026-09-15T21:00:00+00:00,35,46.0,0.76,Low
R004,2026-09-15T21:00:00+00:00,17,65.1,0.26,Low
R005,2026-09-15T21:00:00+00:00,42,39.5,1.06,Low
R006,2026-09-15T21:00:00+00:00,68,31.5,2.16,Low
R007,2026-09-15T21:00:00+00:00,81,22.0,3.68,Low
road-001,2026-09-15T21:00:00+00:00,23,47.2,0.49,Low
road-002,2026-09-15T21:00:00+00:00,48,26.3,1.83,Low
road-003,2026-09-15T21:00:00+00:00,65,17.7,3.67,Low
road-004,2026-09-15T21:00:00+00:00,34,31.7,1.07,Low
R001,2026-09-15T22:00:00+00:00,26,61.4,0.42,Low
R002,2026-09-15T22:00:00+00:00,27,40.6,0.67,Low
R003,2026-09-15T22:00:00+00:00,26,46.3,0.56,Low
R004,2026-09-15T22:00:00+00:00,14,66.4,0.21,Low
R005,2026-09-15T22:00:00+00:00,31,39.1,0.79,Low
R006,2026-09-15T22:00:00+00:00,42,31.1,1.35,Low
R007,2026-09-15T22:00:00+00:00,60,25.3,2.37,Low
road-001,2026-09-15T22:00:00+00:00,16,45.5,0.35,Low
road-002,2026-09-15T22:00:00+00:00,35,30.2,1.16,Low
road-003,2026-09-15T22:00:00+00:00,48,20.6,2.33,Low
road-004,2026-09-15T22:00:00+00:00,25,32.5,0.77,Low
R001,2026-09-15T23:00:00+00:00,25,60.5,0.41,Low
R002,2026-09-15T23:00:00+00:00,30,47.0,0.64,Low
R003,2026-09-15T23:00:00+00:00,28,51.7,0.54,Low
R004,2026-09-15T23:00:00+00:00,13,59.8,0.22,Low
R005,2026-09-15T23:00:00+00:00,28,41.6,0.67,Low
R006,2026-09-15T23:00:00+00:00,44,32.0,1.38,Low
R007,2026-09-15T23:00:00+00:00,51,23.5,2.17,Low
road-001,2026-09-15T23:00:00+00:00,17,47.6,0.36,Low
road-002,2026-09-15T23:00:00+00:00,31,27.0,1.15,Low
road-003,2026-09-15T23:00:00+00:00,49,18.3,2.68,Low
road-004,2026-09-15T23:00:00+00:00,24,35.6,0.67,Low
R001,2026-09-16T00:00:00+00:00,23,54.9,0.42,Low
R002,2026-09-16T00:00:00+00:00,29,46.4,0.62,Low
R003,2026-09-16T00:00:00+00:00,27,52.4,0.52,Low
R004,2026-09-16T00:00:00+00:00,12,61.3,0.2,Low
R005,2026-09-16T00:00:00+00:00,27,38.8,0.7,Low
R006,2026-09-16T00:00:00+00:00,43,31.3,1.37,Low
R007,2026-09-16T00:00:00+00:00,52,25.0,2.08,Low
road-001,2026-09-16T00:00:00+00:00,17,44.3,0.38,Low
road-002,2026-09-16T00:00:00+00:00,32,28.9,1.11,Low
road-003,2026-09-16T00:00:00+00:00,46,18.9,2.43,Low
road-004,2026-09-16T00:00:00+00:00,24,35.2,0.68,Low
R001,2026-09-16T01:00:00+00:00,23,56.9,0.4,Low
R002,2026-09-16T01:00:00+00:00,27,46.8,0.58,Low
R003,2026-09-16T01:00:00+00:00,26,45.2,0.58,Low
R004,2026-09-16T01:00:00+00:00,11,61.4,0.18,Low
R005,2026-09-16T01:00:00+00:00,32,38.1,0.84,Low
R006,2026-09-16T01:00:00+00:00,40,35.9,1.11,Low
R007,2026-09-16T01:00:00+00:00,52,25.7,2.02,Low
road-001,2026-09-16T01:00:00+00:00,16,44.6,0.36,Low
road-002,2026-09-16T01:00:00+00:00,30,27.2,1.1,Low
road-003,2026-09-16T01:00:00+00:00,47,18.9,2.49,Low
road-004,2026-09-16T01:00:00+00:00,24,33.8,0.71,Low
R001,2026-09-16T02:00:00+00:00,24,58.4,0.41,Low
R002,2026-09-16T02:00:00+00:00,27,43.2,0.62,Low
R003,2026-09-16T02:00:00+00:00,27,47.3,0.57,Low
R004,2026-09-16T02:00:00+00:00,11,61.1,0.18,Low
R005,2026-09-16T02:00:00+00:00,28,39.9,0.7,Low
R006,2026-09-16T02:00:00+00:00,40,31.5,1.27,Low
R007,2026-09-16T02:00:00+00:00,55,24.0,2.29,Low
road-001,2026-09-16T02:00:00+00:00,17,46.2,0.37,Low
road-002,2026-09-16T02:00:00+00:00,35,27.0,1.3,Low
road-003,2026-09-16T02:00:00+00:00,43,18.0,2.39,Low
road-004,2026-09-16T02:00:00+00:00,22,32.5,0.68,Low
R001,2026-09-16T03:00:00+00:00,23,57.2,0.4,Low
R002,2026-09-16T03:00:00+00:00,29,45.0,0.64,Low
R003,2026-09-16T03:00:00+00:00,24,50.6,0.47,Low
R004,2026-09-16T03:00:00+00:00,13,69.4,0.19,Low
R005,2026-09-16T03:00:00+00:00,31,40.3,0.77,Low
R006,2026-09-16T03:00:00+00:00,45,30.9,1.46,Low
R007,2026-09-16T03:00:00+00:00,49,25.3,1.94,Low
road-001,2026-09-16T03:00:00+00:00,17,43.5,0.39,Low
road-002,2026-09-16T03:00:00+00:00,32,29.4,1.09,Low
road-003,2026-09-16T03:00:00+00:00,49,19.2,2.55,Low
road-004,2026-09-16T03:00:00+00:00,24,35.4,0.68,Low
R001,2026-09-16T04:00:00+00:00,22,58.2,0.38,Low
R002,2026-09-16T04:00:00+00:00,26,45.7,0.57,Low
R003,2026-09-16T04:00:00+00:00,25,49.0,0.51,Low
R004,2026-09-16T04:00:00+00:00,12,67.0,0.18,Low
R005,2026-09-16T04:00:00+00:00,31,38.5,0.81,Low
R006,2026-09-16T04:00:00+00:00,44,32.6,1.35,Low
R007,2026-09-16T04:00:00+00:00,48,25.2,1.9,Low
road-001,2026-09-16T04:00:00+00:00,17,42.2,0.4,Low
road-002,2026-09-16T04:00:00+00:00,32,29.3,1.09,Low
road-003,2026-09-16T04:00:00+00:00,47,19.6,2.4,Low
road-004,2026-09-16T04:00:00+00:00,22,36.5,0.6,Low
R001,2026-09-16T05:00:00+00:00,23,62.0,0.37,Low
R002,2026-09-16T05:00:00+00:00,32,42.4,0.75,Low
R003,2026-09-16T05:00:00+00:00,27,50.2,0.54,Low
R004,2026-09-16T05:00:00+00:00,12,67.2,0.18,Low
R005,2026-09-16T05:00:00+00:00,32,37.6,0.85,Low
R006,2026-09-16T05:00:00+00:00,40,35.4,1.13,Low
R007,2026-09-16T05:00:00+00:00,60,22.4,2.68,Low
road-001,2026-09-16T05:00:00+00:00,19,42.9,0.44,Low
road-002,2026-09-16T05:00:00+00:00,36,29.3,1.23,Low
road-003,2026-09-16T05:00:00+00:00,52,20.3,2.56,Low
road-004,2026-09-16T05:00:00+00:00,28,32.1,0.87,Low
R001,2026-09-16T06:00:00+00:00,35,58.6,0.6,Low
R002,2026-09-16T06:00:00+00:00,40,40.3,0.99,Low
R003,2026-09-16T06:00:00+00:00,40,47.4,0.84,Low
R004,2026-09-16T06:00:00+00:00,19,59.5,0.32,Low
R005,2026-09-16T06:00:00+00:00,42,38.4,1.09,Low
R006,2026-09-16T06:00:00+00:00,58,33.9,1.71,Low
R007,2026-09-16T06:00:00+00:00,79,22.0,3.59,Low
road-001,2026-09-16T06:00:00+00:00,23,47.0,0.49,Low
road-002,2026-09-16T06:00:00+00:00,48,27.0,1.78,Low
road-003,2026-09-16T06:00:00+00:00,75,17.3,4.34,Low
road-004,2026-09-16T06:00:00+00:00,33,33.5,0.99,Low
R001,2026-09-16T07:00:00+00:00,67,58.8,1.14,Low
R002,2026-09-16T07:00:00+00:00,82,36.9,2.22,Low
R003,2026-09-16T07:00:00+00:00,72,44.9,1.6,Low
R004,2026-09-16T07:00:00+00:00,35,57.4,0.61,Low
R005,2026-09-16T07:00:00+00:00,98,35.1,2.79,Low
R006,2026-09-16T07:00:00+00:00,116,27.7,4.19,Low
R007,2026-09-16T07:00:00+00:00,154,20.6,7.48,Low
road-001,2026-09-16T07:00:00+00:00,50,41.7,1.2,Low
road-002,2026-09-16T07:00:00+00:00,107,24.5,4.37,Low
road-003,2026-09-16T07:00:00+00:00,144,16.8,8.57,Low
road-004,2026-09-16T07:00:00+00:00,68,27.8,2.45,Low
R001,2026-09-16T08:00:00+00:00,109,47.3,2.3,Low
R002,2026-09-16T08:00:00+00:00,134,34.2,3.92,Low
R003,2026-09-16T08:00:00+00:00,128,39.6,3.23,Low
R004,2026-09-16T08:00:00+00:00,63,56.6,1.11,Low
R005,2026-09-16T08:00:00+00:00,149,28.1,5.3,Low
R006,2026-09-16T08:00:00+00:00,197,23.3,8.45,Low
R007,2026-09-16T08:00:00+00:00,253,14.7,17.21,Medium
road-001,2026-09-16T08:00:00+00:00,87,34.8,2.5,Low
road-002,2026-09-16T08:00:00+00:00,165,19.7,8.38,Low
road-003,2026-09-16T08:00:00+00:00,220,12.5,17.6,Medium
road-004,2026-09-16T08:00:00+00:00,127,23.4,5.43,Low
R001,2026-09-16T09:00:00+00:00,116,53.2,2.18,Low
R002,2026-09-16T09:00:00+00:00,128,33.8,3.79,Low
R003,2026-09-16T09:00:00+00:00,124,40.5,3.06,Low
R004,2026-09-16T09:00:00+00:00,55,61.9,0.89,Low
R005,2026-09-16T09:00:00+00:00,140,28.8,4.86,Low
R006,2026-09-16T09:00:00+00:00,197,23.4,8.42,Low
R007,2026-09-16T09:00:00+00:00,265,14.0,18.93,Medium
road-001,2026-09-16T09:00:00+00:00,78,37.3,2.09,Low
road-002,2026-09-16T09:00:00+00:00,177,17.6,10.06,Medium
road-003,2026-09-16T09:00:00+00:00,259,10.3,25.15,High
road-004,2026-09-16T09:00:00+00:00,108,26.4,4.09,Low
R001,2026-09-16T10:00:00+00:00,98,51.7,1.9,Low
R002,2026-09-16T10:00:00+00:00,113,35.5,3.18,Low
R003,2026-09-16T10:00:00+00:00,109,37.2,2.93,Low
R004,2026-09-16T10:00:00+00:00,53,61.1,0.87,Low
R005,2026-09-16T10:00:00+00:00,124,31.4,3.95,Low
R006,2026-09-16T10:00:00+00:00,191,22.2,8.6,Low
R007,2026-09-16T10:00:00+00:00,199,16.4,12.13,Medium
road-001,2026-09-16T10:00:00+00:00,78,36.3,2.15,Low
road-002,2026-09-16T10:00:00+00:00,147,20.5,7.17,Low
road-003,2026-09-16T10:00:00+00:00,186,14.7,12.65,Medium
road-004,2026-09-16T10:00:00+00:00,96,28.8,3.33,Low
R001,2026-09-16T11:00:00+00:00,61,59.0,1.03,Low
R002,2026-09-16T11:00:00+00:00,83,36.9,2.25,Low
R003,2026-09-16T11:00:00+00:00,65,42.5,1.53,Low
R004,2026-09-16T11:00:00+00:00,31,62.6,0.5,Low
R005,2026-09-16T11:00:00+00:00,81,32.5,2.49,Low
R006,2026-09-16T11:00:00+00:00,122,29.5,4.14,Low
R007,2026-09-16T11:00:00+00:00,134,20.4,6.57,Low
road-001,2026-09-16T11:00:00+00:00,44,38.6,1.14,Low
road-002,2026-09-16T11:00:00+00:00,94,24.0,3.92,Low
road-003,2026-09-16T11:00:00+00:00,138,17.4,7.93,Low
road-004,2026-09-16T11:00:00+00:00,70,30.6,2.29,Low
R001,2026-09-16T12:00:00+00:00,58,60.0,0.97,Low
R002,2026-09-16T12:00:00+00:00,63,39.8,1.58,Low
R003,2026-09-16T12:00:00+00:00,54,42.8,1.26,Low
R004,2026-09-16T12:00:00+00:00,29,65.2,0.44,Low
R005,2026-09-16T12:00:00+00:00,75,34.7,2.16,Low
R006,2026-09-16T12:00:00+00:00,92,28.8,3.19,Low
R007,2026-09-16T12:00:00+00:00,118,23.3,5.06,Low
road-001,2026-09-16T12:00:00+00:00,38,40.3,0.94,Low
road-002,2026-09-16T12:00:00+00:00,79,25.1,3.15,Low
road-003,2026-09-16T12:00:00+00:00,119,18.0,6.61,Low
road-004,2026-09-16T12:00:00+00:00,59,29.4,2.01,Low
R001,2026-09-16T13:00:00+00:00,50,56.4,0.89,Low
R002,2026-09-16T13:00:00+00:00,58,40.3,1.44,Low
R003,2026-09-16T13:00:00+00:00,59,43.7,1.35,Low
R004,2026-09-16T13:00:00+00:00,25,63.4,0.39,Low
R005,2026-09-16T13:00:00+00:00,73,33.4,2.19,Low
R006,2026-09-16T13:00:00+00:00,89,30.3,2.94,Low
R007,2026-09-16T13:00:00+00:00,110,21.6,5.09,Low
road-001,2026-09-16T13:00:00+00:00,37,41.7,0.89,Low
road-002,2026-09-16T13:00:00+00:00,74,24.8,2.98,Low
road-003,2026-09-16T13:00:00+00:00,115,17.8,6.46,Low
road-004,2026-09-16T13:00:00+00:00,52,29.6,1.76,Low
R001,2026-09-16T14:00:00+00:00,52,55.2,0.94,Low
R002,2026-09-16T14:00:00+00:00,66,43.9,1.5,Low
R003,2026-09-16T14:00:00+00:00,55,46.7,1.18,Low
R004,2026-09-16T14:00:00+00:00,30,65.9,0.46,Low
R005,2026-09-16T14:00:00+00:00,65,39.0,1.67,Low
R006,2026-09-16T14:00:00+00:00,100,32.6,3.07,Low
R007,2026-09-16T14:00:00+00:00,126,21.8,5.78,Low
road-001,2026-09-16T14:00:00+00:00,43,43.2,1.0,Low
road-002,2026-09-16T14:00:00+00:00,74,27.2,2.72,Low
road-003,2026-09-16T14:00:00+00:00,120,16.7,7.19,Low
road-004,2026-09-16T14:00:00+00:00,60,30.9,1.94,Low
R001,2026-09-16T15:00:00+00:00,63,56.9,1.11,Low
R002,2026-09-16T15:00:00+00:00,78,38.8,2.01,Low
R003,2026-09-16T15:00:00+00:00,73,42.6,1.71,Low
R004,2026-09-16T15:00:00+00:00,33,66.8,0.49,Low
R005,2026-09-16T15:00:00+00:00,78,35.8,2.18,Low
R006,2026-09-16T15:00:00+00:00,124,27.6,4.49,Low
R007,2026-09-16T15:00:00+00:00,149,21.0,7.1,Low
road-001,2026-09-16T15:00:00+00:00,47,38.5,1.22,Low
road-002,2026-09-16T15:00:00+00:00,88,24.8,3.55,Low
road-003,2026-09-16T15:00:00+00:00,122,16.3,7.48,Low
road-004,2026-09-16T15:00:00+00:00,59,33.2,1.78,Low
R001,2026-09-16T16:00:00+00:00,67,59.5,1.13,Low
R002,2026-09-16T16:00:00+00:00,80,38.2,2.09,Low
R003,2026-09-16T16:00:00+00:00,68,46.1,1.48,Low
R004,2026-09-16T16:00:00+00:00,34,62.0,0.55,Low
R005,2026-09-16T16:00:00+00:00,90,34.8,2.59,Low
R006,2026-09-16T16:00:00+00:00,110,27.3,4.03,Low
R007,2026-09-16T16:00:00+00:00,152,19.5,7.79,Low
road-001,2026-09-16T16:00:00+00:00,44,42.0,1.05,Low
road-002,2026-09-16T16:00:00+00:00,98,25.5,3.84,Low
road-003,2026-09-16T16:00:00+00:00,125,17.5,7.14,Low
road-004,2026-09-16T16:00:00+00:00,68,30.7,2.21,Low
R001,2026-09-16T17:00:00+00:00,110,49.2,2.24,Low
R002,2026-09-16T17:00:00+00:00,130,30.6,4.25,Low
R003,2026-09-16T17:00:00+00:00,131,34.2,3.83,Low
R004,2026-09-16T17:00:00+00:00,52,60.2,0.86,Low
R005,2026-09-16T17:00:00+00:00,130,28.1,4.63,Low
R006,2026-09-16T17:00:00+00:00,181,23.9,7.57,Low
R007,2026-09-16T17:00:00+00:00,260,14.7,17.69,Medium
road-001,2026-09-16T17:00:00+00:00,75,35.2,2.13,Low
road-002,2026-09-16T17:00:00+00:00,162,18.5,8.76,Low
road-003,2026-09-16T17:00:00+00:00,235,11.8,19.92,Medium
road-004,2026-09-16T17:00:00+00:00,105,24.6,4.27,Low
R001,2026-09-16T18:00:00+00:00,132,47.3,2.79,Low
R002,2026-09-16T18:00:00+00:00,165,27.1,6.09,Low
R003,2026-09-16T18:00:00+00:00,157,30.4,5.16,Low
R004,2026-09-16T18:00:00+00:00,75,53.7,1.4,Low
R005,2026-09-16T18:00:00+00:00,161,25.3,6.36,Low
R006,2026-09-16T18:00:00+00:00,241,18.0,13.39,Medium
R007,2026-09-16T18:00:00+00:00,314,10.6,29.62,Severe
road-001,2026-09-16T18:00:00+00:00,103,30.8,3.34,Low
road-002,2026-09-16T18:00:00+00:00,185,17.6,10.51,Medium
road-003,2026-09-16T18:00:00+00:00,290,10.1,28.71,Severe
road-004,2026-09-16T18:00:00+00:00,140,19.5,7.18,Low
R001,2026-09-16T19:00:00+00:00,117,47.8,2.45,Low
R002,2026-09-16T19:00:00+00:00,130,32.9,3.95,Low
R003,2026-09-16T19:00:00+00:00,119,39.2,3.04,Low
R004,2026-09-16T19:00:00+00:00,51,55.7,0.92,Low
R005,2026-09-16T19:00:00+00:00,140,26.7,5.24,Low
R006,2026-09-16T19:00:00+00:00,185,21.3,8.69,Low
R007,2026-09-16T19:00:00+00:00,244,15.3,15.95,Medium
road-001,2026-09-16T19:00:00+00:00,79,39.7,1.99,Low
road-002,2026-09-16T19:00:00+00:00,168,19.8,8.48,Low
road-003,2026-09-16T19:00:00+00:00,219,13.0,16.85,Medium
road-004,2026-09-16T19:00:00+00:00,115,24.7,4.66,Low
R001,2026-09-16T20:00:00+00:00,64,51.7,1.24,Low
R002,2026-09-16T20:00:00+00:00,83,38.3,2.17,Low
R003,2026-09-16T20:00:00+00:00,72,42.4,1.7,Low
R004,2026-09-16T20:00:00+00:00,32,59.7,0.54,Low
R005,2026-09-16T20:00:00+00:00,89,35.3,2.52,Low
R006,2026-09-16T20:00:00+00:00,115,29.1,3.95,Low
R007,2026-09-16T20:00:00+00:00,148,20.8,7.12,Low
road-001,2026-09-16T20:00:00+00:00,48,44.1,1.09,Low
road-002,2026-09-16T20:00:00+00:00,94,24.1,3.9,Low
road-003,2026-09-16T20:00:00+00:00,119,18.1,6.57,Low
road-004,2026-09-16T20:00:00+00:00,67,31.1,2.15,Low
R001,2026-09-16T21:00:00+00:00,37,59.5,0.62,Low
R002,2026-09-16T21:00:00+00:00,40,42.7,0.94,Low
R003,2026-09-16T21:00:00+00:00,40,45.9,0.87,Low
R004,2026-09-16T21:00:00+00:00,18,68.4,0.26,Low
R005,2026-09-16T21:00:00+00:00,48,34.7,1.38,Low
R006,2026-09-16T21:00:00+00:00,66,33.2,1.99,Low
R007,2026-09-16T21:00:00+00:00,84,22.6,3.72,Low
road-001,2026-09-16T21:00:00+00:00,25,46.4,0.54,Low
road-002,2026-09-16T21:00:00+00:00,49,26.8,1.83,Low
road-003,2026-09-16T21:00:00+00:00,70,19.7,3.55,Low
road-004,2026-09-16T21:00:00+00:00,34,32.2,1.06,Low
R001,2026-09-16T22:00:00+00:00,28,60.3,0.46,Low
R002,2026-09-16T22:00:00+00:00,29,42.4,0.68,Low
R003,2026-09-16T22:00:00+00:00,27,51.7,0.52,Low
R004,2026-09-16T22:00:00+00:00,13,60.0,0.22,Low
R005,2026-09-16T22:00:00+00:00,33,40.4,0.82,Low
R006,2026-09-16T22:00:00+00:00,44,31.7,1.39,Low
R007,2026-09-16T22:00:00+00:00,59,25.4,2.32,Low
road-001,2026-09-16T22:00:00+00:00,18,42.8,0.42,Low
road-002,2026-09-16T22:00:00+00:00,39,30.2,1.29,Low
road-003,2026-09-16T22:00:00+00:00,46,18.0,2.56,Low
road-004,2026-09-16T22:00:00+00:00,27,33.9,0.8,Low
R001,2026-09-16T23:00:00+00:00,24,61.3,0.39,Low
R002,2026-09-16T23:00:00+00:00,26,43.1,0.6,Low
R003,2026-09-16T23:00:00+00:00,27,46.4,0.58,Low
R004,2026-09-16T23:00:00+00:00,11,69.0,0.16,Low
R005,2026-09-16T23:00:00+00:00,29,40.9,0.71,Low
R006,2026-09-16T23:00:00+00:00,39,31.5,1.24,Low
R007,2026-09-16T23:00:00+00:00,49,25.1,1.95,Low
road-001,2026-09-16T23:00:00+00:00,16,47.1,0.34,Low
road-002,2026-09-16T23:00:00+00:00,32,29.6,1.08,Low
road-003,2026-09-16T23:00:00+00:00,49,20.4,2.4,Low
road-004,2026-09-16T23:00:00+00:00,22,33.0,0.67,Low
R001,2026-09-17T00:00:00+00:00,23,57.0,0.4,Low
R002,2026-09-17T00:00:00+00:00,27,44.5,0.61,Low
R003,2026-09-17T00:00:00+00:00,25,50.2,0.5,Low
R004,2026-09-17T00:00:00+00:00,11,59.9,0.18,Low
R005,2026-09-17T00:00:00+00:00,31,35.7,0.87,Low
R006,2026-09-17T00:00:00+00:00,42,36.3,1.16,Low
R007,2026-09-17T00:00:00+00:00,47,24.2,1.94,Low
road-001,2026-09-17T00:00:00+00:00,15,45.1,0.33,Low
road-002,2026-09-17T00:00:00+00:00,36,30.1,1.2,Low
road-003,2026-09-17T00:00:00+00:00,52,19.1,2.72,Low
road-004,2026-09-17T00:00:00+00:00,23,33.7,0.68,Low
R001,2026-09-17T01:00:00+00:00,23,62.8,0.37,Low
R002,2026-09-17T01:00:00+00:00,30,45.9,0.65,Low
R003,2026-09-17T01:00:00+00:00,28,50.0,0.56,Low
R004,2026-09-17T01:00:00+00:00,11,59.8,0.18,Low
R005,2026-09-17T01:00:00+00:00,29,37.8,0.77,Low
R006,2026-09-17T01:00:00+00:00,38,33.7,1.13,Low
R007,2026-09-17T01:00:00+00:00,54,24.8,2.18,Low
road-001,2026-09-17T01:00:00+00:00,18,41.6,0.43,Low
road-002,2026-09-17T01:00:00+00:00,33,30.7,1.07,Low
road-003,2026-09-17T01:00:00+00:00,45,20.0,2.25,Low
road-004,2026-09-17T01:00:00+00:00,25,33.2,0.75,Low
R001,2026-09-17T02:00:00+00:00,24,60.6,0.4,Low
R002,2026-09-17T02:00:00+00:00,27,43.3,0.62,Low
R003,2026-09-17T02:00:00+00:00,24,52.8,0.45,Low
R004,2026-09-17T02:00:00+00:00,13,67.5,0.19,Low
R005,2026-09-17T02:00:00+00:00,27,38.1,0.71,Low
R006,2026-09-17T02:00:00+00:00,38,35.6,1.07,Low
R007,2026-09-17T02:00:00+00:00,50,23.8,2.1,Low
road-001,2026-09-17T02:00:00+00:00,17,43.5,0.39,Low
road-002,2026-09-17T02:00:00+00:00,33,27.1,1.22,Low
road-003,2026-09-17T02:00:00+00:00,47,20.6,2.28,Low
road-004,2026-09-17T02:00:00+00:00,26,36.5,0.71,Low
R001,2026-09-17T03:00:00+00:00,25,62.8,0.4,Low
R002,2026-09-17T03:00:00+00:00,29,42.3,0.69,Low
R003,2026-09-17T03:00:00+00:00,24,46.2,0.52,Low
R004,2026-09-17T03:00:00+00:00,12,65.1,0.18,Low
R005,2026-09-17T03:00:00+00:00,32,38.7,0.83,Low
R006,2026-09-17T03:00:00+00:00,38,35.5,1.07,Low
R007,2026-09-17T03:00:00+00:00,49,24.8,1.98,Low
road-001,2026-09-17T03:00:00+00:00,17,46.9,0.36,Low
road-002,2026-09-17T03:00:00+00:00,30,28.9,1.04,Low
road-003,2026-09-17T03:00:00+00:00,44,19.9,2.21,Low
road-004,2026-09-17T03:00:00+00:00,22,32.5,0.68,Low
R001,2026-09-17T04:00:00+00:00,25,60.5,0.41,Low
R002,2026-09-17T04:00:00+00:00,25,43.5,0.57,Low
R003,2026-09-17T04:00:00+00:00,27,46.1,0.59,Low
R004,2026-09-17T04:00:00+00:00,13,68.4,0.19,Low
R005,2026-09-17T04:00:00+00:00,31,37.0,0.84,Low
R006,2026-09-17T04:00:00+00:00,40,33.7,1.19,Low
R007,2026-09-17T04:00:00+00:00,56,22.4,2.5,Low
road-001,2026-09-17T04:00:00+00:00,15,44.6,0.34,Low
road-002,2026-09-17T04:00:00+00:00,34,27.0,1.26,Low
road-003,2026-09-17T04:00:00+00:00,50,20.4,2.45,Low
road-004,2026-09-17T04:00:00+00:00,26,35.3,0.74,Low
R001,2026-09-17T05:00:00+00:00,26,60.3,0.43,Low
R002,2026-09-17T05:00:00+00:00,29,45.3,0.64,Low
R003,2026-09-17T05:00:00+00:00,29,47.7,0.61,Low
R004,2026-09-17T05:00:00+00:00,13,64.9,0.2,Low
R005,2026-09-17T05:00:00+00:00,34,40.5,0.84,Low
R006,2026-09-17T05:00:00+00:00,42,31.6,1.33,Low
R007,2026-09-17T05:00:00+00:00,51,22.4,2.28,Low
road-001,2026-09-17T05:00:00+00:00,19,47.2,0.4,Low
road-002,2026-09-17T05:00:00+00:00,37,27.0,1.37,Low
road-003,2026-09-17T05:00:00+00:00,50,20.3,2.46,Low
road-004,2026-09-17T05:00:00+00:00,28,34.1,0.82,Low
R001,2026-09-17T06:00:00+00:00,33,54.4,0.61,Low
R002,2026-09-17T06:00:00+00:00,43,45.1,0.95,Low
R003,2026-09-17T06:00:00+00:00,43,46.1,0.93,Low
R004,2026-09-17T06:00:00+00:00,17,65.7,0.26,Low
R005,2026-09-17T06:00:00+00:00,48,37.8,1.27,Low
R006,2026-09-17T06:00:00+00:00,65,31.1,2.09,Low
R007,2026-09-17T06:00:00+00:00,77,23.3,3.3,Low
road-001,2026-09-17T06:00:00+00:00,25,41.1,0.61,Low
road-002,2026-09-17T06:00:00+00:00,54,29.4,1.84,Low
road-003,2026-09-17T06:00:00+00:00,73,18.5,3.95,Low
road-004,2026-09-17T06:00:00+00:00,37,31.2,1.19,Low
R001,2026-09-17T07:00:00+00:00,74,57.5,1.29,Low
R002,2026-09-17T07:00:00+00:00,87,39.1,2.23,Low
R003,2026-09-17T07:00:00+00:00,75,47.7,1.57,Low
R004,2026-09-17T07:00:00+00:00,33,66.9,0.49,Low
R005,2026-09-17T07:00:00+00:00,93,33.5,2.78,Low
R006,2026-09-17T07:00:00+00:00,134,27.7,4.84,Low
R007,2026-09-17T07:00:00+00:00,162,19.1,8.48,Low
road-001,2026-09-17T07:00:00+00:00,56,39.3,1.42,Low
road-002,2026-09-17T07:00:00+00:00,105,23.2,4.53,Low
road-003,2026-09-17T07:00:00+00:00,151,16.8,8.99,Low
road-004,2026-09-17T07:00:00+00:00,75,27.3,2.75,Low
R001,2026-09-17T08:00:00+00:00,126,46.1,2.73,Low
R002,2026-09-17T08:00:00+00:00,137,31.7,4.32,Low
R003,2026-09-17T08:00:00+00:00,140,36.2,3.87,Low
R004,2026-09-17T08:00:00+00:00,63,61.4,1.03,Low
R005,2026-09-17T08:00:00+00:00,148,26.5,5.58,Low
R006,2026-09-17T08:00:00+00:00,213,21.9,9.73,Low
R007,2026-09-17T08:00:00+00:00,268,13.0,20.62,High
road-001,2026-09-17T08:00:00+00:00,83,35.3,2.35,Low
road-002,2026-09-17T08:00:00+00:00,168,17.5,9.6,Low
road-003,2026-09-17T08:00:00+00:00,252,11.3,22.3,High
road-004,2026-09-17T08:00:00+00:00,109,26.2,4.16,Low
R001,2026-09-17T09:00:00+00:00,119,51.9,2.29,Low
R002,2026-09-17T09:00:00+00:00,147,31.8,4.62,Low
R003,2026-09-17T09:00:00+00:00,126,35.5,3.55,Low
R004,2026-09-17T09:00:00+00:00,54,60.5,0.89,Low
R005,2026-09-17T09:00:00+00:00,141,26.5,5.32,Low
R006,2026-09-17T09:00:00+00:00,194,23.1,8.4,Low
R007,2026-09-17T09:00:00+00:00,267,12.3,21.71,High
road-001,2026-09-17T09:00:00+00:00,87,36.4,2.39,Low
road-002,2026-09-17T09:00:00+00:00,167,20.0,8.35,Low
road-003,2026-09-17T09:00:00+00:00,219,14.0,15.64,Medium
road-004,2026-09-17T09:00:00+00:00,116,25.5,4.55,Low
R001,2026-09-17T10:00:00+00:00,110,47.4,2.32,Low
R002,2026-09-17T10:00:00+00:00,130,31.5,4.13,Low
R003,2026-09-17T10:00:00+00:00,100,44.3,2.26,Low
R004,2026-09-17T10:00:00+00:00,52,59.8,0.87,Low
R005,2026-09-17T10:00:00+00:00,139,29.0,4.79,Low
R006,2026-09-17T10:00:00+00:00,175,22.3,7.85,Low
R007,2026-09-17T10:00:00+00:00,209,16.9,12.37,Medium
road-001,2026-09-17T10:00:00+00:00,75,40.5,1.85,Low
road-002,2026-09-17T10:00:00+00:00,144,20.4,7.06,Low
road-003,2026-09-17T10:00:00+00:00,212,14.0,15.14,Medium
road-004,2026-09-17T10:00:00+00:00,105,26.8,3.92,Low
R001,2026-09-17T11:00:00+00:00,71,56.5,1.26,Low
R002,2026-09-17T11:00:00+00:00,74,40.9,1.81,Low
R003,2026-09-17T11:00:00+00:00,70,42.1,1.66,Low
R004,2026-09-17T11:00:00+00:00,30,62.2,0.48,Low
R005,2026-09-17T11:00:00+00:00,86,34.4,2.5,Low
R006,2026-09-17T11:00:00+00:00,105,30.3,3.47,Low
R007,2026-09-17T11:00:00+00:00,146,19.6,7.45,Low
road-001,2026-09-17T11:00:00+00:00,49,43.1,1.14,Low
road-002,2026-09-17T11:00:00+00:00,85,25.8,3.29,Low
road-003,2026-09-17T11:00:00+00:00,137,16.4,8.35,Low
road-004,2026-09-17T11:00:00+00:00,67,28.3,2.37,Low
R001,2026-09-17T12:00:00+00:00,50,60.9,0.82,Low
R002,2026-09-17T12:00:00+00:00,68,38.5,1.77,Low
R003,2026-09-17T12:00:00+00:00,64,42.0,1.52,Low
R004,2026-09-17T12:00:00+00:00,28,63.0,0.44,Low
R005,2026-09-17T12:00:00+00:00,74,35.4,2.09,Low
R006,2026-09-17T12:00:00+00:00,97,30.9,3.14,Low
R007,2026-09-17T12:00:00+00:00,125,22.3,5.61,Low
road-001,2026-09-17T12:00:00+00:00,36,44.3,0.81,Low
road-002,2026-09-17T12:00:00+00:00,83,27.6,3.01,Low
road-003,2026-09-17T12:00:00+00:00,104,18.0,5.78,Low
road-004,2026-09-17T12:00:00+00:00,52,32.0,1.62,Low
R001,2026-09-17T13:00:00+00:00,57,53.1,1.07,Low
R002,2026-09-17T13:00:00+00:00,58,39.5,1.47,Low
R003,2026-09-17T13:00:00+00:00,54,47.0,1.15,Low
R004,2026-09-17T13:00:00+00:00,29,57.8,0.5,Low
R005,2026-09-17T13:00:00+00:00,74,35.5,2.08,Low
R006,2026-09-17T13:00:00+00:00,92,31.1,2.96,Low
R007,2026-09-17T13:00:00+00:00,115,23.3,4.94,Low
road-001,2026-09-17T13:00:00+00:00,34,41.4,0.82,Low
road-002,2026-09-17T13:00:00+00:00,81,26.2,3.09,Low
road-003,2026-09-17T13:00:00+00:00,114,17.8,6.4,Low
road-004,2026-09-17T13:00:00+00:00,53,32.0,1.66,Low
R001,2026-09-17T14:00:00+00:00,58,56.6,1.02,Low
R002,2026-09-17T14:00:00+00:00,71,39.3,1.81,Low
R003,2026-09-17T14:00:00+00:00,61,43.7,1.4,Low
R004,2026-09-17T14:00:00+00:00,25,66.2,0.38,Low
R005,2026-09-17T14:00:00+00:00,66,34.4,1.92,Low
R006,2026-09-17T14:00:00+00:00,94,32.3,2.91,Low
R007,2026-09-17T14:00:00+00:00,132,21.3,6.2,Low
road-001,2026-09-17T14:00:00+00:00,37,41.5,0.89,Low
road-002,2026-09-17T14:00:00+00:00,71,27.3,2.6,Low
road-003,2026-09-17T14:00:00+00:00,102,17.1,5.96,Low
road-004,2026-09-17T14:00:00+00:00,54,33.6,1.61,Low
R001,2026-09-17T15:00:00+00:00,64,52.1,1.23,Low
R002,2026-09-17T15:00:00+00:00,73,39.6,1.84,Low
R003,2026-09-17T15:00:00+00:00,74,44.6,1.66,Low
R004,2026-09-17T15:00:00+00:00,30,64.7,0.46,Low
R005,2026-09-17T15:00:00+00:00,90,35.0,2.57,Low
R006,2026-09-17T15:00:00+00:00,108,29.1,3.71,Low
R007,2026-09-17T15:00:00+00:00,147,21.3,6.9,Low
road-001,2026-09-17T15:00:00+00:00,47,40.9,1.15,Low
road-002,2026-09-17T15:00:00+00:00,84,28.0,3.0,Low
road-003,2026-09-17T15:00:00+00:00,130,15.6,8.33,Low
road-004,2026-09-17T15:00:00+00:00,67,28.2,2.38,Low
R001,2026-09-17T16:00:00+00:00,60,52.7,1.14,Low
R002,2026-09-17T16:00:00+00:00,77,36.9,2.09,Low
R003,2026-09-17T16:00:00+00:00,73,43.5,1.68,Low
R004,2026-09-17T16:00:00+00:00,31,60.0,0.52,Low
R005,2026-09-17T16:00:00+00:00,88,32.7,2.69,Low
R006,2026-09-17T16:00:00+00:00,104,29.4,3.54,Low
R007,2026-09-17T16:00:00+00:00,156,19.4,8.04,Low
road-001,2026-09-17T16:00:00+00:00,43,44.7,0.96,Low
road-002,2026-09-17T16:00:00+00:00,84,26.9,3.12,Low
road-003,2026-09-17T16:00:00+00:00,126,17.8,7.08,Low
road-004,2026-09-17T16:00:00+00:00,65,30.6,2.12,Low
R001,2026-09-17T17:00:00+00:00,117,52.7,2.22,Low
R002,2026-09-17T17:00:00+00:00,132,33.5,3.94,Low
R003,2026-09-17T17:00:00+00:00,131,34.8,3.76,Low
R004,2026-09-17T17:00:00+00:00,61,56.3,1.08,Low
R005,2026-09-17T17:00:00+00:00,136,29.9,4.55,Low
R006,2026-09-17T17:00:00+00:00,215,20.2,10.64,Medium
R007,2026-09-17T17:00:00+00:00,248,15.4,16.1,Medium
road-001,2026-09-17T17:00:00+00:00,79,35.0,2.26,Low
road-002,2026-09-17T17:00:00+00:00,139,21.3,6.53,Low
road-003,2026-09-17T17:00:00+00:00,210,12.7,16.54,Medium
road-004,2026-09-17T17:00:00+00:00,110,25.9,4.25,Low
R001,2026-09-17T18:00:00+00:00,125,50.5,2.48,Low
R002,2026-09-17T18:00:00+00:00,176,27.3,6.45,Low
R003,2026-09-17T18:00:00+00:00,141,35.8,3.94,Low
R004,2026-09-17T18:00:00+00:00,71,52.6,1.35,Low
R005,2026-09-17T18:00:00+00:00,189,22.6,8.36,Low
R006,2026-09-17T18:00:00+00:00,241,16.7,14.43,Medium
R007,2026-09-17T18:00:00+00:00,294,12.3,23.9,High
road-001,2026-09-17T18:00:00+00:00,105,34.7,3.03,Low
road-002,2026-09-17T18:00:00+00:00,182,17.9,10.17,Medium
road-003,2026-09-17T18:00:00+00:00,300,8.8,34.09,Severe
road-004,2026-09-17T18:00:00+00:00,132,20.4,6.47,Low
R001,2026-09-17T19:00:00+00:00,103,53.4,1.93,Low
R002,2026-09-17T19:00:00+00:00,143,29.7,4.81,Low
R003,2026-09-17T19:00:00+00:00,111,41.2,2.69,Low
R004,2026-09-17T19:00:00+00:00,57,58.0,0.98,Low
R005,2026-09-17T19:00:00+00:00,151,28.8,5.24,Low
R006,2026-09-17T19:00:00+00:00,194,22.3,8.7,Low
R007,2026-09-17T19:00:00+00:00,255,14.1,18.09,Medium
road-001,2026-09-17T19:00:00+00:00,80,40.0,2.0,Low
road-002,2026-09-17T19:00:00+00:00,167,19.1,8.74,Low
road-003,2026-09-17T19:00:00+00:00,221,13.2,16.74,Medium
road-004,2026-09-17T19:00:00+00:00,122,24.2,5.04,Low
R001,2026-09-17T20:00:00+00:00,68,57.3,1.19,Low
R002,2026-09-17T20:00:00+00:00,80,37.7,2.12,Low
R003,2026-09-17T20:00:00+00:00,74,47.6,1.55,Low
R004,2026-09-17T20:00:00+00:00,35,65.4,0.54,Low
R005,2026-09-17T20:00:00+00:00,82,35.3,2.32,Low
R006,2026-09-17T20:00:00+00:00,117,31.2,3.75,Low
R007,2026-09-17T20:00:00+00:00,147,21.5,6.84,Low
road-001,2026-09-17T20:00:00+00:00,46,39.7,1.16,Low
road-002,2026-09-17T20:00:00+00:00,82,27.5,2.98,Low
road-003,2026-09-17T20:00:00+00:00,132,18.0,7.33,Low
road-004,2026-09-17T20:00:00+00:00,64,30.0,2.13,Low
R001,2026-09-17T21:00:00+00:00,35,54.7,0.64,Low
R002,2026-09-17T21:00:00+00:00,45,40.9,1.1,Low
R003,2026-09-17T21:00:00+00:00,39,49.9,0.78,Low
R004,2026-09-17T21:00:00+00:00,16,61.9,0.26,Low
R005,2026-09-17T21:00:00+00:00,43,36.3,1.18,Low
R006,2026-09-17T21:00:00+00:00,66,32.8,2.01,Low
R007,2026-09-17T21:00:00+00:00,73,22.6,3.23,Low
road-001,2026-09-17T21:00:00+00:00,27,44.4,0.61,Low
road-002,2026-09-17T21:00:00+00:00,52,25.9,2.01,Low
road-003,2026-09-17T21:00:00+00:00,71,19.1,3.72,Low
road-004,2026-09-17T21:00:00+00:00,35,32.4,1.08,Low
R001,2026-09-17T22:00:00+00:00,26,57.3,0.45,Low
R002,2026-09-17T22:00:00+00:00,29,40.3,0.72,Low
R003,2026-09-17T22:00:00+00:00,30,46.1,0.65,Low
R004,2026-09-17T22:00:00+00:00,12,60.2,0.2,Low
R005,2026-09-17T22:00:00+00:00,32,36.1,0.89,Low
R006,2026-09-17T22:00:00+00:00,45,31.7,1.42,Low
R007,2026-09-17T22:00:00+00:00,52,23.9,2.18,Low
road-001,2026-09-17T22:00:00+00:00,17,45.3,0.38,Low
road-002,2026-09-17T22:00:00+00:00,33,28.5,1.16,Low
road-003,2026-09-17T22:00:00+00:00,50,19.0,2.63,Low
road-004,2026-09-17T22:00:00+00:00,24,35.7,0.67,Low
R001,2026-09-17T23:00:00+00:00,22,58.6,0.38,Low
R002,2026-09-17T23:00:00+00:00,30,41.3,0.73,Low
R003,2026-09-17T23:00:00+00:00,25,48.4,0.52,Low
R004,2026-09-17T23:00:00+00:00,11,68.2,0.16,Low
R005,2026-09-17T23:00:00+00:00,28,37.0,0.76,Low
R006,2026-09-17T23:00:00+00:00,38,33.3,1.14,Low
R007,2026-09-17T23:00:00+00:00,55,25.4,2.17,Low
road-001,2026-09-17T23:00:00+00:00,15,42.2,0.36,Low
road-002,2026-09-17T23:00:00+00:00,33,29.8,1.11,Low
road-003,2026-09-17T23:00:00+00:00,46,19.1,2.41,Low
road-004,2026-09-17T23:00:00+00:00,24,35.6,0.67,Low
R001,2026-09-18T00:00:00+00:00,25,57.3,0.44,Low
R002,2026-09-18T00:00:00+00:00,29,46.4,0.62,Low
R003,2026-09-18T00:00:00+00:00,26,52.1,0.5,Low
R004,2026-09-18T00:00:00+00:00,12,63.2,0.19,Low
R005,2026-09-18T00:00:00+00:00,27,36.6,0.74,Low
R006,2026-09-18T00:00:00+00:00,37,32.1,1.15,Low
R007,2026-09-18T00:00:00+00:00,52,25.0,2.08,Low
road-001,2026-09-18T00:00:00+00:00,16,45.6,0.35,Low
road-002,2026-09-18T00:00:00+00:00,31,31.3,0.99,Low
road-003,2026-09-18T00:00:00+00:00,50,19.0,2.63,Low
road-004,2026-09-18T00:00:00+00:00,22,34.0,0.65,Low
R001,2026-09-18T01:00:00+00:00,25,56.6,0.44,Low
R002,2026-09-18T01:00:00+00:00,26,44.0,0.59,Low
R003,2026-09-18T01:00:00+00:00,24,51.0,0.47,Low
R004,2026-09-18T01:00:00+00:00,12,69.4,0.17,Low
R005,2026-09-18T01:00:00+00:00,28,40.9,0.68,Low
R006,2026-09-18T01:00:00+00:00,39,35.0,1.11,Low
R007,2026-09-18T01:00:00+00:00,55,24.7,2.23,Low
road-001,2026-09-18T01:00:00+00:00,17,42.0,0.4,Low
road-002,2026-09-18T01:00:00+00:00,36,29.3,1.23,Low
road-003,2026-09-18T01:00:00+00:00,49,18.4,2.66,Low
road-004,2026-09-18T01:00:00+00:00,22,31.6,0.7,Low
R001,2026-09-18T02:00:00+00:00,26,63.0,0.41,Low
R002,2026-09-18T02:00:00+00:00,27,44.7,0.6,Low
R003,2026-09-18T02:00:00+00:00,23,45.5,0.51,Low
R004,2026-09-18T02:00:00+00:00,11,62.4,0.18,Low
R005,2026-09-18T02:00:00+00:00,30,37.2,0.81,Low
R006,2026-09-18T02:00:00+00:00,40,33.7,1.19,Low
R007,2026-09-18T02:00:00+00:00,52,24.6,2.11,Low
road-001,2026-09-18T02:00:00+00:00,16,42.7,0.37,Low
road-002,2026-09-18T02:00:00+00:00,31,28.4,1.09,Low
road-003,2026-09-18T02:00:00+00:00,47,18.8,2.5,Low
road-004,2026-09-18T02:00:00+00:00,21,31.7,0.66,Low
R001,2026-09-18T03:00:00+00:00,21,61.5,0.34,Low
R002,2026-09-18T03:00:00+00:00,26,43.7,0.59,Low
R003,2026-09-18T03:00:00+00:00,28,45.6,0.61,Low
R004,2026-09-18T03:00:00+00:00,11,69.0,0.16,Low
R005,2026-09-18T03:00:00+00:00,29,37.7,0.77,Low
R006,2026-09-18T03:00:00+00:00,38,31.3,1.21,Low
R007,2026-09-18T03:00:00+00:00,52,25.4,2.05,Low
road-001,2026-09-18T03:00:00+00:00,16,46.0,0.35,Low
road-002,2026-09-18T03:00:00+00:00,32,30.3,1.06,Low
road-003,2026-09-18T03:00:00+00:00,48,18.9,2.54,Low
road-004,2026-09-18T03:00:00+00:00,24,32.4,0.74,Low
R001,2026-09-18T04:00:00+00:00,23,62.8,0.37,Low
R002,2026-09-18T04:00:00+00:00,26,45.6,0.57,Low
R003,2026-09-18T04:00:00+00:00,24,49.6,0.48,Low
R004,2026-09-18T04:00:00+00:00,13,65.8,0.2,Low
R005,2026-09-18T04:00:00+00:00,28,40.2,0.7,Low
R006,2026-09-18T04:00:00+00:00,45,31.3,1.44,Low
R007,2026-09-18T04:00:00+00:00,52,23.4,2.22,Low
road-001,2026-09-18T04:00:00+00:00,17,47.7,0.36,Low
road-002,2026-09-18T04:00:00+00:00,31,30.1,1.03,Low
road-003,2026-09-18T04:00:00+00:00,43,18.4,2.34,Low
road-004,2026-09-18T04:00:00+00:00,24,32.6,0.74,Low
R001,2026-09-18T05:00:00+00:00,27,62.2,0.43,Low
R002,2026-09-18T05:00:00+00:00,32,46.9,0.68,Low
R003,2026-09-18T05:00:00+00:00,30,48.1,0.62,Low
R004,2026-09-18T05:00:00+00:00,13,68.5,0.19,Low
R005,2026-09-18T05:00:00+00:00,29,38.4,0.76,Low
R006,2026-09-18T05:00:00+00:00,48,33.5,1.43,Low
R007,2026-09-18T05:00:00+00:00,50,24.4,2.05,Low
road-001,2026-09-18T05:00:00+00:00,18,41.5,0.43,Low
road-002,2026-09-18T05:00:00+00:00,32,29.3,1.09,Low
road-003,2026-09-18T05:00:00+00:00,54,19.7,2.74,Low
road-004,2026-09-18T05:00:00+00:00,26,33.3,0.78,Low
R001,2026-09-18T06:00:00+00:00,38,61.5,0.62,Low
R002,2026-09-18T06:00:00+00:00,46,40.2,1.14,Low
R003,2026-09-18T06:00:00+00:00,41,46.8,0.88,Low
R004,2026-09-18T06:00:00+00:00,19,62.7,0.3,Low
R005,2026-09-18T06:00:00+00:00,43,36.1,1.19,Low
R006,2026-09-18T06:00:00+00:00,59,31.4,1.88,Low
R007,2026-09-18T06:00:00+00:00,82,24.4,3.36,Low
road-001,2026-09-18T06:00:00+00:00,27,43.1,0.63,Low
road-002,2026-09-18T06:00:00+00:00,52,28.1,1.85,Low
road-003,2026-09-18T06:00:00+00:00,70,17.9,3.91,Low
road-004,2026-09-18T06:00:00+00:00,38,33.2,1.14,Low
R001,2026-09-18T07:00:00+00:00,67,51.5,1.3,Low
R002,2026-09-18T07:00:00+00:00,79,36.5,2.16,Low
R003,2026-09-18T07:00:00+00:00,72,47.3,1.52,Low
R004,2026-09-18T07:00:00+00:00,39,58.8,0.66,Low
R005,2026-09-18T07:00:00+00:00,95,34.2,2.78,Low
R006,2026-09-18T07:00:00+00:00,119,30.4,3.91,Low
R007,2026-09-18T07:00:00+00:00,157,18.2,8.63,Low
road-001,2026-09-18T07:00:00+00:00,49,41.9,1.17,Low
road-002,2026-09-18T07:00:00+00:00,96,23.3,4.12,Low
road-003,2026-09-18T07:00:00+00:00,150,16.2,9.26,Low
road-004,2026-09-18T07:00:00+00:00,75,28.9,2.6,Low
R001,2026-09-18T08:00:00+00:00,120,48.0,2.5,Low
R002,2026-09-18T08:00:00+00:00,125,35.6,3.51,Low
R003,2026-09-18T08:00:00+00:00,135,34.5,3.91,Low
R004,2026-09-18T08:00:00+00:00,64,53.8,1.19,Low
R005,2026-09-18T08:00:00+00:00,161,25.7,6.26,Low
R006,2026-09-18T08:00:00+00:00,225,19.9,11.31,Medium
R007,2026-09-18T08:00:00+00:00,269,12.4,21.69,High
road-001,2026-09-18T08:00:00+00:00,87,35.3,2.46,Low
road-002,2026-09-18T08:00:00+00:00,167,19.6,8.52,Low
road-003,2026-09-18T08:00:00+00:00,242,12.0,20.17,High
road-004,2026-09-18T08:00:00+00:00,125,21.9,5.71,Low
R001,2026-09-18T09:00:00+00:00,112,51.1,2.19,Low
R002,2026-09-18T09:00:00+00:00,145,32.3,4.49,Low
R003,2026-09-18T09:00:00+00:00,118,37.0,3.19,Low
R004,2026-09-18T09:00:00+00:00,61,56.1,1.09,Low
R005,2026-09-18T09:00:00+00:00,159,24.1,6.6,Low
R006,2026-09-18T09:00:00+00:00,193,21.2,9.1,Low
R007,2026-09-18T09:00:00+00:00,273,12.3,22.2,High
road-001,2026-09-18T09:00:00+00:00,83,37.9,2.19,Low
road-002,2026-09-18T09:00:00+00:00,166,17.2,9.65,Low
road-003,2026-09-18T09:00:00+00:00,219,12.4,17.66,Medium
road-004,2026-09-18T09:00:00+00:00,115,24.7,4.66,Low
R001,2026-09-18T10:00:00+00:00,93,49.1,1.89,Low
R002,2026-09-18T10:00:00+00:00,113,37.7,3.0,Low
R003,2026-09-18T10:00:00+00:00,121,35.8,3.38,Low
R004,2026-09-18T10:00:00+00:00,51,61.3,0.83,Low
R005,2026-09-18T10:00:00+00:00,135,29.4,4.59,Low
R006,2026-09-18T10:00:00+00:00,174,22.3,7.8,Low
R007,2026-09-18T10:00:00+00:00,235,16.0,14.69,Medium
road-001,2026-09-18T10:00:00+00:00,74,35.1,2.11,Low
road-002,2026-09-18T10:00:00+00:00,133,20.4,6.52,Low
road-003,2026-09-18T10:00:00+00:00,189,14.7,12.86,Medium
road-004,2026-09-18T10:00:00+00:00,92,29.4,3.13,Low
R001,2026-09-18T11:00:00+00:00,72,51.6,1.4,Low
R002,2026-09-18T11:00:00+00:00,81,38.2,2.12,Low
R003,2026-09-18T11:00:00+00:00,75,42.1,1.78,Low
R004,2026-09-18T11:00:00+00:00,33,62.6,0.53,Low
R005,2026-09-18T11:00:00+00:00,82,32.9,2.49,Low
R006,2026-09-18T11:00:00+00:00,112,27.8,4.03,Low
R007,2026-09-18T11:00:00+00:00,131,21.6,6.06,Low
road-001,2026-09-18T11:00:00+00:00,48,38.8,1.24,Low
road-002,2026-09-18T11:00:00+00:00,97,23.3,4.16,Low
road-003,2026-09-18T11:00:00+00:00,127,17.0,7.47,Low
road-004,2026-09-18T11:00:00+00:00,71,28.1,2.53,Low
R001,2026-09-18T12:00:00+00:00,60,52.0,1.15,Low
R002,2026-09-18T12:00:00+00:00,64,38.6,1.66,Low
R003,2026-09-18T12:00:00+00:00,62,43.7,1.42,Low
R004,2026-09-18T12:00:00+00:00,29,61.3,0.47,Low
R005,2026-09-18T12:00:00+00:00,75,37.2,2.02,Low
R006,2026-09-18T12:00:00+00:00,89,29.4,3.03,Low
R007,2026-09-18T12:00:00+00:00,111,20.5,5.41,Low
road-001,2026-09-18T12:00:00+00:00,43,40.9,1.05,Low
road-002,2026-09-18T12:00:00+00:00,78,24.7,3.16,Low
road-003,2026-09-18T12:00:00+00:00,120,18.3,6.56,Low
road-004,2026-09-18T12:00:00+00:00,60,31.5,1.9,Low
R001,2026-09-18T13:00:00+00:00,50,57.4,0.87,Low
R002,2026-09-18T13:00:00+00:00,64,42.1,1.52,Low
R003,2026-09-18T13:00:00+00:00,54,47.7,1.13,Low
R004,2026-09-18T13:00:00+00:00,26,66.1,0.39,Low
R005,2026-09-18T13:00:00+00:00,65,34.0,1.91,Low
R006,2026-09-18T13:00:00+00:00,103,30.8,3.34,Low
R007,2026-09-18T13:00:00+00:00,127,22.2,5.72,Low
road-001,2026-09-18T13:00:00+00:00,40,39.3,1.02,Low
road-002,2026-09-18T13:00:00+00:00,67,29.0,2.31,Low
road-003,2026-09-18T13:00:00+00:00,101,18.3,5.52,Low
road-004,2026-09-18T13:00:00+00:00,52,31.2,1.67,Low
R001,2026-09-18T14:00:00+00:00,58,59.0,0.98,Low
R002,2026-09-18T14:00:00+00:00,65,38.0,1.71,Low
R003,2026-09-18T14:00:00+00:00,61,49.1,1.24,Low
R004,2026-09-18T14:00:00+00:00,26,58.7,0.44,Low
R005,2026-09-18T14:00:00+00:00,77,33.4,2.31,Low
R006,2026-09-18T14:00:00+00:00,95,29.7,3.2,Low
R007,2026-09-18T14:00:00+00:00,119,22.2,5.36,Low
road-001,2026-09-18T14:00:00+00:00,39,44.3,0.88,Low
road-002,2026-09-18T14:00:00+00:00,74,27.9,2.65,Low
road-003,2026-09-18T14:00:00+00:00,115,16.7,6.89,Low
road-004,2026-09-18T14:00:00+00:00,55,31.5,1.75,Low
R001,2026-09-18T15:00:00+00:00,66,56.0,1.18,Low
R002,2026-09-18T15:00:00+00:00,81,38.5,2.1,Low
R003,2026-09-18T15:00:00+00:00,72,44.0,1.64,Low
R004,2026-09-18T15:00:00+00:00,33,63.9,0.52,Low
R005,2026-09-18T15:00:00+00:00,86,35.5,2.42,Low
R006,2026-09-18T15:00:00+00:00,109,27.3,3.99,Low
R007,2026-09-18T15:00:00+00:00,157,18.2,8.63,Low
road-001,2026-09-18T15:00:00+00:00,47,44.4,1.06,Low
road-002,2026-09-18T15:00:00+00:00,98,23.1,4.24,Low
road-003,2026-09-18T15:00:00+00:00,128,17.8,7.19,Low
road-004,2026-09-18T15:00:00+00:00,70,31.5,2.22,Low
R001,2026-09-18T16:00:00+00:00,63,52.8,1.19,Low
R002,2026-09-18T16:00:00+00:00,82,42.0,1.95,Low
R003,2026-09-18T16:00:00+00:00,77,42.2,1.82,Low
R004,2026-09-18T16:00:00+00:00,35,57.3,0.61,Low
R005,2026-09-18T16:00:00+00:00,76,37.9,2.01,Low
R006,2026-09-18T16:00:00+00:00,120,28.2,4.26,Low
R007,2026-09-18T16:00:00+00:00,129,22.7,5.68,Low
road-001,2026-09-18T16:00:00+00:00,45,43.0,1.05,Low
road-002,2026-09-18T16:00:00+00:00,93,23.5,3.96,Low
road-003,2026-09-18T16:00:00+00:00,140,17.4,8.05,Low
road-004,2026-09-18T16:00:00+00:00,59,30.4,1.94,Low
R001,2026-09-18T17:00:00+00:00,103,48.1,2.14,Low
R002,2026-09-18T17:00:00+00:00,133,34.4,3.87,Low
R003,2026-09-18T17:00:00+00:00,113,37.4,3.02,Low
R004,2026-09-18T17:00:00+00:00,59,60.0,0.98,Low
R005,2026-09-18T17:00:00+00:00,146,26.6,5.49,Low
R006,2026-09-18T17:00:00+00:00,193,21.8,8.85,Low
R007,2026-09-18T17:00:00+00:00,258,14.4,17.92,Medium
road-001,2026-09-18T17:00:00+00:00,76,35.5,2.14,Low
road-002,2026-09-18T17:00:00+00:00,166,17.2,9.65,Low
road-003,2026-09-18T17:00:00+00:00,236,12.3,19.19,Medium
road-004,2026-09-18T17:00:00+00:00,101,27.6,3.66,Low
R001,2026-09-18T18:00:00+00:00,142,49.1,2.89,Low
R002,2026-09-18T18:00:00+00:00,162,30.1,5.38,Low
R003,2026-09-18T18:00:00+00:00,162,31.8,5.09,Low
R004,2026-09-18T18:00:00+00:00,71,54.7,1.3,Low
R005,2026-09-18T18:00:00+00:00,160,27.6,5.8,Low
R006,2026-09-18T18:00:00+00:00,242,18.6,13.01,Medium
R007,2026-09-18T18:00:00+00:00,276,12.2,22.62,High
road-001,2026-09-18T18:00:00+00:00,100,32.3,3.1,Low
road-002,2026-09-18T18:00:00+00:00,177,18.2,9.73,Low
road-003,2026-09-18T18:00:00+00:00,279,10.6,26.32,High
road-004,2026-09-18T18:00:00+00:00,146,19.6,7.45,Low
R001,2026-09-18T19:00:00+00:00,108,52.1,2.07,Low
R002,2026-09-18T19:00:00+00:00,140,30.1,4.65,Low
R003,2026-09-18T19:00:00+00:00,129,37.9,3.4,Low
R004,2026-09-18T19:00:00+00:00,52,55.3,0.94,Low
R005,2026-09-18T19:00:00+00:00,129,30.1,4.29,Low
R006,2026-09-18T19:00:00+00:00,211,19.0,11.11,Medium
R007,2026-09-18T19:00:00+00:00,233,15.6,14.94,Medium
road-001,2026-09-18T19:00:00+00:00,72,38.8,1.86,Low
road-002,2026-09-18T19:00:00+00:00,163,18.4,8.86,Low
road-003,2026-09-18T19:00:00+00:00,227,13.0,17.46,Medium
road-004,2026-09-18T19:00:00+00:00,102,25.1,4.06,Low
R001,2026-09-18T20:00:00+00:00,72,55.6,1.29,Low
R002,2026-09-18T20:00:00+00:00,77,41.5,1.86,Low
R003,2026-09-18T20:00:00+00:00,64,44.1,1.45,Low
R004,2026-09-18T20:00:00+00:00,35,56.8,0.62,Low
R005,2026-09-18T20:00:00+00:00,80,33.7,2.37,Low
R006,2026-09-18T20:00:00+00:00,113,27.9,4.05,Low
R007,2026-09-18T20:00:00+00:00,150,20.8,7.21,Low
road-001,2026-09-18T20:00:00+00:00,51,42.3,1.21,Low
road-002,2026-09-18T20:00:00+00:00,83,25.6,3.24,Low
road-003,2026-09-18T20:00:00+00:00,138,15.5,8.9,Low
road-004,2026-09-18T20:00:00+00:00,69,28.4,2.43,Low
R001,2026-09-18T21:00:00+00:00,36,57.2,0.63,Low
R002,2026-09-18T21:00:00+00:00,42,45.2,0.93,Low
R003,2026-09-18T21:00:00+00:00,37,45.3,0.82,Low
R004,2026-09-18T21:00:00+00:00,17,67.8,0.25,Low
R005,2026-09-18T21:00:00+00:00,41,39.5,1.04,Low
R006,2026-09-18T21:00:00+00:00,67,34.0,1.97,Low
R007,2026-09-18T21:00:00+00:00,80,24.1,3.32,Low
road-001,2026-09-18T21:00:00+00:00,23,47.0,0.49,Low
road-002,2026-09-18T21:00:00+00:00,49,29.2,1.68,Low
road-003,2026-09-18T21:00:00+00:00,74,19.9,3.72,Low
road-004,2026-09-18T21:00:00+00:00,34,34.8,0.98,Low
R001,2026-09-18T22:00:00+00:00,25,57.7,0.43,Low
R002,2026-09-18T22:00:00+00:00,32,43.1,0.74,Low
R003,2026-09-18T22:00:00+00:00,30,50.7,0.59,Low
R004,2026-09-18T22:00:00+00:00,12,61.3,0.2,Low
R005,2026-09-18T22:00:00+00:00,33,36.0,0.92,Low
R006,2026-09-18T22:00:00+00:00,42,34.4,1.22,Low
R007,2026-09-18T22:00:00+00:00,56,25.0,2.24,Low
road-001,2026-09-18T22:00:00+00:00,17,46.8,0.36,Low
road-002,2026-09-18T22:00:00+00:00,36,31.0,1.16,Low
road-003,2026-09-18T22:00:00+00:00,55,17.9,3.07,Low
road-004,2026-09-18T22:00:00+00:00,23,33.0,0.7,Low
R001,2026-09-18T23:00:00+00:00,26,55.7,0.47,Low
R002,2026-09-18T23:00:00+00:00,27,42.9,0.63,Low
R003,2026-09-18T23:00:00+00:00,24,46.4,0.52,Low
R004,2026-09-18T23:00:00+00:00,12,61.8,0.19,Low
R005,2026-09-18T23:00:00+00:00,30,37.3,0.8,Low
R006,2026-09-18T23:00:00+00:00,45,34.4,1.31,Low
R007,2026-09-18T23:00:00+00:00,48,22.7,2.11,Low
road-001,2026-09-18T23:00:00+00:00,17,41.0,0.41,Low
road-002,2026-09-18T23:00:00+00:00,35,28.4,1.23,Low
road-003,2026-09-18T23:00:00+00:00,51,20.5,2.49,Low
road-004,2026-09-18T23:00:00+00:00,22,33.4,0.66,Low
R001,2026-09-19T00:00:00+00:00,44,61.8,0.71,Low
R002,2026-09-19T00:00:00+00:00,47,43.7,1.08,Low
R003,2026-09-19T00:00:00+00:00,45,45.5,0.99,Low
R004,2026-09-19T00:00:00+00:00,22,65.2,0.34,Low
R005,2026-09-19T00:00:00+00:00,53,38.1,1.39,Low
R006,2026-09-19T00:00:00+00:00,77,30.5,2.52,Low
R007,2026-09-19T00:00:00+00:00,96,20.7,4.64,Low
road-001,2026-09-19T00:00:00+00:00,31,41.6,0.75,Low
road-002,2026-09-19T00:00:00+00:00,53,27.5,1.93,Low
road-003,2026-09-19T00:00:00+00:00,76,18.3,4.15,Low
road-004,2026-09-19T00:00:00+00:00,41,30.6,1.34,Low
R001,2026-09-19T01:00:00+00:00,41,59.2,0.69,Low
R002,2026-09-19T01:00:00+00:00,52,41.8,1.24,Low
R003,2026-09-19T01:00:00+00:00,41,49.4,0.83,Low
R004,2026-09-19T01:00:00+00:00,22,67.6,0.33,Low
R005,2026-09-19T01:00:00+00:00,55,35.3,1.56,Low
R006,2026-09-19T01:00:00+00:00,70,31.3,2.24,Low
R007,2026-09-19T01:00:00+00:00,100,22.3,4.48,Low
road-001,2026-09-19T01:00:00+00:00,30,43.0,0.7,Low
road-002,2026-09-19T01:00:00+00:00,55,25.8,2.13,Low
road-003,2026-09-19T01:00:00+00:00,78,18.4,4.24,Low
road-004,2026-09-19T01:00:00+00:00,43,31.6,1.36,Low
R001,2026-09-19T02:00:00+00:00,38,59.0,0.64,Low
R002,2026-09-19T02:00:00+00:00,47,45.4,1.04,Low
R003,2026-09-19T02:00:00+00:00,44,46.9,0.94,Low
R004,2026-09-19T02:00:00+00:00,20,59.0,0.34,Low
R005,2026-09-19T02:00:00+00:00,56,39.7,1.41,Low
R006,2026-09-19T02:00:00+00:00,76,30.7,2.48,Low
R007,2026-09-19T02:00:00+00:00,93,21.1,4.41,Low
road-001,2026-09-19T02:00:00+00:00,27,42.8,0.63,Low
road-002,2026-09-19T02:00:00+00:00,55,28.8,1.91,Low
road-003,2026-09-19T02:00:00+00:00,90,18.2,4.95,Low
road-004,2026-09-19T02:00:00+00:00,43,31.3,1.37,Low
R001,2026-09-19T03:00:00+00:00,44,53.9,0.82,Low
R002,2026-09-19T03:00:00+00:00,53,40.9,1.3,Low
R003,2026-09-19T03:00:00+00:00,47,44.6,1.05,Low
R004,2026-09-19T03:00:00+00:00,20,62.7,0.32,Low
R005,2026-09-19T03:00:00+00:00,52,38.5,1.35,Low
R006,2026-09-19T03:00:00+00:00,68,33.4,2.04,Low
R007,2026-09-19T03:00:00+00:00,88,23.5,3.74,Low
road-001,2026-09-19T03:00:00+00:00,29,39.9,0.73,Low
road-002,2026-09-19T03:00:00+00:00,61,27.9,2.19,Low
road-003,2026-09-19T03:00:00+00:00,77,19.1,4.03,Low
road-004,2026-09-19T03:00:00+00:00,43,31.6,1.36,Low
R001,2026-09-19T04:00:00+00:00,46,61.5,0.75,Low
R002,2026-09-19T04:00:00+00:00,51,43.7,1.17,Low
R003,2026-09-19T04:00:00+00:00,44,44.8,0.98,Low
R004,2026-09-19T04:00:00+00:00,20,60.0,0.33,Low
R005,2026-09-19T04:00:00+00:00,56,34.7,1.61,Low
R006,2026-09-19T04:00:00+00:00,80,31.2,2.56,Low
R007,2026-09-19T04:00:00+00:00,92,20.8,4.42,Low
road-001,2026-09-19T04:00:00+00:00,29,45.6,0.64,Low
road-002,2026-09-19T04:00:00+00:00,53,27.7,1.91,Low
road-003,2026-09-19T04:00:00+00:00,92,16.9,5.44,Low
road-004,2026-09-19T04:00:00+00:00,39,35.4,1.1,Low
R001,2026-09-19T05:00:00+00:00,42,58.2,0.72,Low
R002,2026-09-19T05:00:00+00:00,46,41.7,1.1,Low
R003,2026-09-19T05:00:00+00:00,45,50.8,0.89,Low
R004,2026-09-19T05:00:00+00:00,23,64.0,0.36,Low
R005,2026-09-19T05:00:00+00:00,48,39.5,1.22,Low
R006,2026-09-19T05:00:00+00:00,67,34.5,1.94,Low
R007,2026-09-19T05:00:00+00:00,92,24.0,3.83,Low
road-001,2026-09-19T05:00:00+00:00,31,44.1,0.7,Low
road-002,2026-09-19T05:00:00+00:00,58,27.3,2.12,Low
road-003,2026-09-19T05:00:00+00:00,83,18.5,4.49,Low
road-004,2026-09-19T05:00:00+00:00,43,33.9,1.27,Low
R001,2026-09-19T06:00:00+00:00,40,54.9,0.73,Low
R002,2026-09-19T06:00:00+00:00,50,40.0,1.25,Low
R003,2026-09-19T06:00:00+00:00,48,47.4,1.01,Low
R004,2026-09-19T06:00:00+00:00,21,67.0,0.31,Low
R005,2026-09-19T06:00:00+00:00,57,36.6,1.56,Low
R006,2026-09-19T06:00:00+00:00,74,32.6,2.27,Low
R007,2026-09-19T06:00:00+00:00,103,23.5,4.38,Low
road-001,2026-09-19T06:00:00+00:00,34,44.9,0.76,Low
road-002,2026-09-19T06:00:00+00:00,55,28.5,1.93,Low
road-003,2026-09-19T06:00:00+00:00,90,17.9,5.03,Low
road-004,2026-09-19T06:00:00+00:00,44,33.8,1.3,Low
R001,2026-09-19T07:00:00+00:00,51,53.4,0.96,Low
R002,2026-09-19T07:00:00+00:00,54,42.4,1.27,Low
R003,2026-09-19T07:00:00+00:00,46,45.6,1.01,Low
R004,2026-09-19T07:00:00+00:00,23,60.4,0.38,Low
R005,2026-09-19T07:00:00+00:00,58,36.2,1.6,Low
R006,2026-09-19T07:00:00+00:00,77,31.7,2.43,Low
R007,2026-09-19T07:00:00+00:00,94,24.3,3.87,Low
road-001,2026-09-19T07:00:00+00:00,36,42.0,0.86,Low
road-002,2026-09-19T07:00:00+00:00,68,27.9,2.44,Low
road-003,2026-09-19T07:00:00+00:00,98,16.5,5.94,Low
road-004,2026-09-19T07:00:00+00:00,45,31.0,1.45,Low
R001,2026-09-19T08:00:00+00:00,50,60.6,0.83,Low
R002,2026-09-19T08:00:00+00:00,58,43.7,1.33,Low
R003,2026-09-19T08:00:00+00:00,60,45.3,1.32,Low
R004,2026-09-19T08:00:00+00:00,24,67.1,0.36,Low
R005,2026-09-19T08:00:00+00:00,64,33.6,1.9,Low
R006,2026-09-19T08:00:00+00:00,85,30.7,2.77,Low
R007,2026-09-19T08:00:00+00:00,121,22.5,5.38,Low
road-001,2026-09-19T08:00:00+00:00,37,41.4,0.89,Low
road-002,2026-09-19T08:00:00+00:00,78,28.4,2.75,Low
road-003,2026-09-19T08:00:00+00:00,99,19.2,5.16,Low
road-004,2026-09-19T08:00:00+00:00,49,32.8,1.49,Low
R001,2026-09-19T09:00:00+00:00,65,58.5,1.11,Low
R002,2026-09-19T09:00:00+00:00,72,37.7,1.91,Low
R003,2026-09-19T09:00:00+00:00,68,48.5,1.4,Low
R004,2026-09-19T09:00:00+00:00,28,66.7,0.42,Low
R005,2026-09-19T09:00:00+00:00,77,34.9,2.21,Low
R006,2026-09-19T09:00:00+00:00,98,31.9,3.07,Low
R007,2026-09-19T09:00:00+00:00,133,21.3,6.24,Low
road-001,2026-09-19T09:00:00+00:00,46,43.8,1.05,Low
road-002,2026-09-19T09:00:00+00:00,86,24.8,3.47,Low
road-003,2026-09-19T09:00:00+00:00,124,18.3,6.78,Low
road-004,2026-09-19T09:00:00+00:00,57,29.2,1.95,Low
R001,2026-09-19T10:00:00+00:00,73,56.1,1.3,Low
R002,2026-09-19T10:00:00+00:00,88,35.5,2.48,Low
R003,2026-09-19T10:00:00+00:00,83,46.2,1.8,Low
R004,2026-09-19T10:00:00+00:00,33,60.8,0.54,Low
R005,2026-09-19T10:00:00+00:00,97,31.3,3.1,Low
R006,2026-09-19T10:00:00+00:00,128,28.8,4.44,Low
R007,2026-09-19T10:00:00+00:00,155,19.0,8.16,Low
road-001,2026-09-19T10:00:00+00:00,56,39.0,1.44,Low
road-002,2026-09-19T10:00:00+00:00,102,23.5,4.34,Low
road-003,2026-09-19T10:00:00+00:00,156,16.6,9.4,Low
road-004,2026-09-19T10:00:00+00:00,78,29.8,2.62,Low
R001,2026-09-19T11:00:00+00:00,85,57.4,1.48,Low
R002,2026-09-19T11:00:00+00:00,106,37.1,2.86,Low
R003,2026-09-19T11:00:00+00:00,98,38.8,2.53,Low
R004,2026-09-19T11:00:00+00:00,44,61.2,0.72,Low
R005,2026-09-19T11:00:00+00:00,102,31.6,3.23,Low
R006,2026-09-19T11:00:00+00:00,168,23.1,7.27,Low
R007,2026-09-19T11:00:00+00:00,193,17.4,11.09,Medium
road-001,2026-09-19T11:00:00+00:00,67,38.2,1.75,Low
road-002,2026-09-19T11:00:00+00:00,122,21.1,5.78,Low
road-003,2026-09-19T11:00:00+00:00,163,16.7,9.76,Low
road-004,2026-09-19T11:00:00+00:00,81,29.5,2.75,Low
R001,2026-09-19T12:00:00+00:00,101,50.3,2.01,Low
R002,2026-09-19T12:00:00+00:00,131,34.7,3.78,Low
R003,2026-09-19T12:00:00+00:00,105,37.3,2.82,Low
R004,2026-09-19T12:00:00+00:00,48,60.3,0.8,Low
R005,2026-09-19T12:00:00+00:00,133,27.0,4.93,Low
R006,2026-09-19T12:00:00+00:00,200,23.4,8.55,Low
R007,2026-09-19T12:00:00+00:00,225,16.3,13.8,Medium
road-001,2026-09-19T12:00:00+00:00,74,35.8,2.07,Low
road-002,2026-09-19T12:00:00+00:00,150,21.6,6.94,Low
road-003,2026-09-19T12:00:00+00:00,196,13.1,14.96,Medium
road-004,2026-09-19T12:00:00+00:00,94,27.2,3.46,Low
R001,2026-09-19T13:00:00+00:00,107,54.1,1.98,Low
R002,2026-09-19T13:00:00+00:00,124,32.5,3.82,Low
R003,2026-09-19T13:00:00+00:00,121,36.5,3.32,Low
R004,2026-09-19T13:00:00+00:00,60,61.6,0.97,Low
R005,2026-09-19T13:00:00+00:00,138,28.4,4.86,Low
R006,2026-09-19T13:00:00+00:00,220,19.1,11.52,Medium
R007,2026-09-19T13:00:00+00:00,253,13.8,18.33,Medium
road-001,2026-09-19T13:00:00+00:00,86,36.1,2.38,Low
road-002,2026-09-19T13:00:00+00:00,159,19.0,8.37,Low
road-003,2026-09-19T13:00:00+00:00,217,12.5,17.36,Medium
road-004,2026-09-19T13:00:00+00:00,120,25.1,4.78,Low
R001,2026-09-19T14:00:00+00:00,114,49.3,2.31,Low
R002,2026-09-19T14:00:00+00:00,142,32.9,4.32,Low
R003,2026-09-19T14:00:00+00:00,125,39.4,3.17,Low
R004,2026-09-19T14:00:00+00:00,65,56.5,1.15,Low
R005,2026-09-19T14:00:00+00:00,161,25.2,6.39,Low
R006,2026-09-19T14:00:00+00:00,220,20.6,10.68,Medium
R007,2026-09-19T14:00:00+00:00,266,13.6,19.56,Medium
road-001,2026-09-19T14:00:00+00:00,83,37.0,2.24,Low
road-002,2026-09-19T14:00:00+00:00,160,19.7,8.12,Low
road-003,2026-09-19T14:00:00+00:00,219,12.4,17.66,Medium
road-004,2026-09-19T14:00:00+00:00,108,25.3,4.27,Low
R001,2026-09-19T15:00:00+00:00,117,48.1,2.43,Low
R002,2026-09-19T15:00:00+00:00,143,32.1,4.45,Low
R003,2026-09-19T15:00:00+00:00,137,35.0,3.91,Low
R004,2026-09-19T15:00:00+00:00,52,55.9,0.93,Low
R005,2026-09-19T15:00:00+00:00,139,29.7,4.68,Low
R006,2026-09-19T15:00:00+00:00,196,20.6,9.51,Low
R007,2026-09-19T15:00:00+00:00,258,13.6,18.97,Medium
road-001,2026-09-19T15:00:00+00:00,86,33.9,2.54,Low
road-002,2026-09-19T15:00:00+00:00,153,18.4,8.32,Low
road-003,2026-09-19T15:00:00+00:00,223,12.8,17.42,Medium
road-004,2026-09-19T15:00:00+00:00,122,24.8,4.92,Low
R001,2026-09-19T16:00:00+00:00,105,50.4,2.08,Low
R002,2026-09-19T16:00:00+00:00,124,34.1,3.64,Low
R003,2026-09-19T16:00:00+00:00,104,39.2,2.65,Low
R004,2026-09-19T16:00:00+00:00,53,62.4,0.85,Low
R005,2026-09-19T16:00:00+00:00,139,26.5,5.25,Low
R006,2026-09-19T16:00:00+00:00,197,21.7,9.08,Low
R007,2026-09-19T16:00:00+00:00,237,14.8,16.01,Medium
road-001,2026-09-19T16:00:00+00:00,71,36.5,1.95,Low
road-002,2026-09-19T16:00:00+00:00,152,20.0,7.6,Low
road-003,2026-09-19T16:00:00+00:00,229,12.4,18.47,Medium
road-004,2026-09-19T16:00:00+00:00,96,25.4,3.78,Low
R001,2026-09-19T17:00:00+00:00,86,52.5,1.64,Low
R002,2026-09-19T17:00:00+00:00,105,35.2,2.98,Low
R003,2026-09-19T17:00:00+00:00,99,43.6,2.27,Low
R004,2026-09-19T17:00:00+00:00,49,63.4,0.77,Low
R005,2026-09-19T17:00:00+00:00,106,34.0,3.12,Low
R006,2026-09-19T17:00:00+00:00,153,27.7,5.52,Low
R007,2026-09-19T17:00:00+00:00,209,15.7,13.31,Medium
road-001,2026-09-19T17:00:00+00:00,65,36.5,1.78,Low
road-002,2026-09-19T17:00:00+00:00,112,24.9,4.5,Low
road-003,2026-09-19T17:00:00+00:00,186,14.1,13.19,Medium
road-004,2026-09-19T17:00:00+00:00,93,26.8,3.47,Low
R001,2026-09-19T18:00:00+00:00,74,53.2,1.39,Low
R002,2026-09-19T18:00:00+00:00,88,37.8,2.33,Low
R003,2026-09-19T18:00:00+00:00,83,43.0,1.93,Low
R004,2026-09-19T18:00:00+00:00,39,65.6,0.59,Low
R005,2026-09-19T18:00:00+00:00,85,33.8,2.51,Low
R006,2026-09-19T18:00:00+00:00,132,25.8,5.12,Low
R007,2026-09-19T18:00:00+00:00,145,18.7,7.75,Low
road-001,2026-09-19T18:00:00+00:00,48,40.1,1.2,Low
road-002,2026-09-19T18:00:00+00:00,105,24.0,4.38,Low
road-003,2026-09-19T18:00:00+00:00,138,15.7,8.79,Low
road-004,2026-09-19T18:00:00+00:00,80,28.2,2.84,Low
R001,2026-09-19T19:00:00+00:00,66,60.0,1.1,Low
R002,2026-09-19T19:00:00+00:00,77,41.9,1.84,Low
R003,2026-09-19T19:00:00+00:00,63,47.7,1.32,Low
R004,2026-09-19T19:00:00+00:00,28,67.1,0.42,Low
R005,2026-09-19T19:00:00+00:00,70,34.9,2.01,Low
R006,2026-09-19T19:00:00+00:00,109,31.1,3.5,Low
R007,2026-09-19T19:00:00+00:00,127,20.1,6.32,Low
road-001,2026-09-19T19:00:00+00:00,40,41.9,0.95,Low
road-002,2026-09-19T19:00:00+00:00,78,27.9,2.8,Low
road-003,2026-09-19T19:00:00+00:00,129,17.9,7.21,Low
road-004,2026-09-19T19:00:00+00:00,67,29.8,2.25,Low
R001,2026-09-19T20:00:00+00:00,51,53.6,0.95,Low
R002,2026-09-19T20:00:00+00:00,61,41.7,1.46,Low
R003,2026-09-19T20:00:00+00:00,58,49.6,1.17,Low
R004,2026-09-19T20:00:00+00:00,25,65.3,0.38,Low
R005,2026-09-19T20:00:00+00:00,62,35.2,1.76,Low
R006,2026-09-19T20:00:00+00:00,88,29.0,3.03,Low
R007,2026-09-19T20:00:00+00:00,115,23.0,5.0,Low
road-001,2026-09-19T20:00:00+00:00,38,44.0,0.86,Low
road-002,2026-09-19T20:00:00+00:00,68,25.2,2.7,Low
road-003,2026-09-19T20:00:00+00:00,115,16.1,7.14,Low
road-004,2026-09-19T20:00:00+00:00,47,30.7,1.53,Low
R001,2026-09-19T21:00:00+00:00,50,54.3,0.92,Low
R002,2026-09-19T21:00:00+00:00,50,40.2,1.24,Low
R003,2026-09-19T21:00:00+00:00,51,47.0,1.09,Low
R004,2026-09-19T21:00:00+00:00,25,65.6,0.38,Low
R005,2026-09-19T21:00:00+00:00,56,36.8,1.52,Low
R006,2026-09-19T21:00:00+00:00,76,31.9,2.38,Low
R007,2026-09-19T21:00:00+00:00,110,20.9,5.26,Low
road-001,2026-09-19T21:00:00+00:00,32,46.3,0.69,Low
road-002,2026-09-19T21:00:00+00:00,69,27.0,2.56,Low
road-003,2026-09-19T21:00:00+00:00,99,17.0,5.82,Low
road-004,2026-09-19T21:00:00+00:00,45,30.6,1.47,Low
R001,2026-09-19T22:00:00+00:00,42,61.2,0.69,Low
R002,2026-09-19T22:00:00+00:00,53,39.6,1.34,Low
R003,2026-09-19T22:00:00+00:00,51,48.6,1.05,Low
R004,2026-09-19T22:00:00+00:00,20,67.6,0.3,Low
R005,2026-09-19T22:00:00+00:00,51,34.6,1.47,Low
R006,2026-09-19T22:00:00+00:00,79,31.4,2.52,Low
R007,2026-09-19T22:00:00+00:00,91,24.2,3.76,Low
road-001,2026-09-19T22:00:00+00:00,28,42.9,0.65,Low
road-002,2026-09-19T22:00:00+00:00,56,27.8,2.01,Low
road-003,2026-09-19T22:00:00+00:00,88,16.9,5.21,Low
road-004,2026-09-19T22:00:00+00:00,42,30.5,1.38,Low
R001,2026-09-19T23:00:00+00:00,44,59.8,0.74,Low
R002,2026-09-19T23:00:00+00:00,49,40.9,1.2,Low
R003,2026-09-19T23:00:00+00:00,45,48.0,0.94,Low
R004,2026-09-19T23:00:00+00:00,21,63.4,0.33,Low
R005,2026-09-19T23:00:00+00:00,52,38.4,1.35,Low
R006,2026-09-19T23:00:00+00:00,77,34.2,2.25,Low
R007,2026-09-19T23:00:00+00:00,87,21.2,4.1,Low
road-001,2026-09-19T23:00:00+00:00,27,41.8,0.65,Low
road-002,2026-09-19T23:00:00+00:00,53,26.2,2.02,Low
road-003,2026-09-19T23:00:00+00:00,81,18.8,4.31,Low
road-004,2026-09-19T23:00:00+00:00,44,31.9,1.38,Low
R001,2026-09-20T00:00:00+00:00,38,60.3,0.63,Low
R002,2026-09-20T00:00:00+00:00,52,40.5,1.28,Low
R003,2026-09-20T00:00:00+00:00,42,49.8,0.84,Low
R004,2026-09-20T00:00:00+00:00,20,61.4,0.33,Low
R005,2026-09-20T00:00:00+00:00,53,38.7,1.37,Low
R006,2026-09-20T00:00:00+00:00,67,32.4,2.07,Low
R007,2026-09-20T00:00:00+00:00,94,22.5,4.18,Low
road-001,2026-09-20T00:00:00+00:00,28,46.2,0.61,Low
road-002,2026-09-20T00:00:00+00:00,54,27.1,1.99,Low
road-003,2026-09-20T00:00:00+00:00,76,17.7,4.29,Low
road-004,2026-09-20T00:00:00+00:00,45,30.5,1.48,Low
R001,2026-09-20T01:00:00+00:00,37,57.9,0.64,Low
R002,2026-09-20T01:00:00+00:00,47,40.2,1.17,Low
R003,2026-09-20T01:00:00+00:00,43,44.3,0.97,Low
R004,2026-09-20T01:00:00+00:00,21,67.0,0.31,Low
R005,2026-09-20T01:00:00+00:00,53,40.1,1.32,Low
R006,2026-09-20T01:00:00+00:00,74,31.9,2.32,Low
R007,2026-09-20T01:00:00+00:00,86,21.4,4.02,Low
road-001,2026-09-20T01:00:00+00:00,31,43.5,0.71,Low
road-002,2026-09-20T01:00:00+00:00,63,28.8,2.19,Low
road-003,2026-09-20T01:00:00+00:00,84,17.4,4.83,Low
road-004,2026-09-20T01:00:00+00:00,39,30.8,1.27,Low
R001,2026-09-20T02:00:00+00:00,40,60.1,0.67,Low
R002,2026-09-20T02:00:00+00:00,48,43.9,1.09,Low
R003,2026-09-20T02:00:00+00:00,49,45.1,1.09,Low
R004,2026-09-20T02:00:00+00:00,20,62.2,0.32,Low
R005,2026-09-20T02:00:00+00:00,47,36.8,1.28,Low
R006,2026-09-20T02:00:00+00:00,76,33.9,2.24,Low
R007,2026-09-20T02:00:00+00:00,96,23.8,4.03,Low
road-001,2026-09-20T02:00:00+00:00,32,43.6,0.73,Low
road-002,2026-09-20T02:00:00+00:00,53,28.8,1.84,Low
road-003,2026-09-20T02:00:00+00:00,87,16.9,5.15,Low
road-004,2026-09-20T02:00:00+00:00,46,34.1,1.35,Low
R001,2026-09-20T03:00:00+00:00,43,54.4,0.79,Low
R002,2026-09-20T03:00:00+00:00,49,40.5,1.21,Low
R003,2026-09-20T03:00:00+00:00,47,50.7,0.93,Low
R004,2026-09-20T03:00:00+00:00,20,66.0,0.3,Low
R005,2026-09-20T03:00:00+00:00,49,40.3,1.22,Low
R006,2026-09-20T03:00:00+00:00,75,34.3,2.19,Low
R007,2026-09-20T03:00:00+00:00,98,23.0,4.26,Low
road-001,2026-09-20T03:00:00+00:00,32,42.6,0.75,Low
road-002,2026-09-20T03:00:00+00:00,63,27.5,2.29,Low
road-003,2026-09-20T03:00:00+00:00,80,19.0,4.21,Low
road-004,2026-09-20T03:00:00+00:00,45,31.8,1.42,Low
R001,2026-09-20T04:00:00+00:00,41,62.5,0.66,Low
R002,2026-09-20T04:00:00+00:00,47,39.3,1.2,Low
R003,2026-09-20T04:00:00+00:00,46,46.1,1.0,Low
R004,2026-09-20T04:00:00+00:00,21,62.8,0.33,Low
R005,2026-09-20T04:00:00+00:00,52,40.1,1.3,Low
R006,2026-09-20T04:00:00+00:00,78,30.7,2.54,Low
R007,2026-09-20T04:00:00+00:00,100,22.3,4.48,Low
road-001,2026-09-20T04:00:00+00:00,31,42.8,0.72,Low
road-002,2026-09-20T04:00:00+00:00,54,30.0,1.8,Low
road-003,2026-09-20T04:00:00+00:00,86,18.8,4.57,Low
road-004,2026-09-20T04:00:00+00:00,40,31.7,1.26,Low
R001,2026-09-20T05:00:00+00:00,45,53.1,0.85,Low
R002,2026-09-20T05:00:00+00:00,45,41.1,1.09,Low
R003,2026-09-20T05:00:00+00:00,47,43.8,1.07,Low
R004,2026-09-20T05:00:00+00:00,20,62.9,0.32,Low
R005,2026-09-20T05:00:00+00:00,55,34.1,1.61,Low
R006,2026-09-20T05:00:00+00:00,71,31.4,2.26,Low
R007,2026-09-20T05:00:00+00:00,88,24.1,3.65,Low
road-001,2026-09-20T05:00:00+00:00,31,44.9,0.69,Low
road-002,2026-09-20T05:00:00+00:00,54,26.0,2.08,Low
road-003,2026-09-20T05:00:00+00:00,81,19.9,4.07,Low
road-004,2026-09-20T05:00:00+00:00,40,33.3,1.2,Low
R001,2026-09-20T06:00:00+00:00,40,55.3,0.72,Low
R002,2026-09-20T06:00:00+00:00,51,41.1,1.24,Low
R003,2026-09-20T06:00:00+00:00,50,47.9,1.04,Low
R004,2026-09-20T06:00:00+00:00,21,68.2,0.31,Low
R005,2026-09-20T06:00:00+00:00,50,36.1,1.39,Low
R006,2026-09-20T06:00:00+00:00,74,31.0,2.39,Low
R007,2026-09-20T06:00:00+00:00,97,23.1,4.2,Low
road-001,2026-09-20T06:00:00+00:00,30,43.7,0.69,Low
road-002,2026-09-20T06:00:00+00:00,63,26.0,2.42,Low
road-003,2026-09-20T06:00:00+00:00,82,18.6,4.41,Low
road-004,2026-09-20T06:00:00+00:00,42,30.5,1.38,Low
R001,2026-09-20T07:00:00+00:00,47,58.6,0.8,Low
R002,2026-09-20T07:00:00+00:00,55,40.9,1.34,Low
R003,2026-09-20T07:00:00+00:00,54,46.0,1.17,Low
R004,2026-09-20T07:00:00+00:00,21,62.9,0.33,Low
R005,2026-09-20T07:00:00+00:00,56,39.6,1.41,Low
R006,2026-09-20T07:00:00+00:00,85,31.1,2.73,Low
R007,2026-09-20T07:00:00+00:00,100,22.0,4.55,Low
road-001,2026-09-20T07:00:00+00:00,32,39.7,0.81,Low
road-002,2026-09-20T07:00:00+00:00,65,29.2,2.23,Low
road-003,2026-09-20T07:00:00+00:00,92,18.9,4.87,Low
road-004,2026-09-20T07:00:00+00:00,48,31.1,1.54,Low
R001,2026-09-20T08:00:00+00:00,49,57.3,0.86,Low
R002,2026-09-20T08:00:00+00:00,56,41.9,1.34,Low
R003,2026-09-20T08:00:00+00:00,57,44.7,1.28,Low
R004,2026-09-20T08:00:00+00:00,27,61.7,0.44,Low
R005,2026-09-20T08:00:00+00:00,64,33.5,1.91,Low
R006,2026-09-20T08:00:00+00:00,97,32.3,3.0,Low
R007,2026-09-20T08:00:00+00:00,112,20.3,5.52,Low
road-001,2026-09-20T08:00:00+00:00,33,45.2,0.73,Low
road-002,2026-09-20T08:00:00+00:00,74,25.9,2.86,Low
road-003,2026-09-20T08:00:00+00:00,96,17.4,5.52,Low
road-004,2026-09-20T08:00:00+00:00,52,30.9,1.68,Low
R001,2026-09-20T09:00:00+00:00,56,58.8,0.95,Low
R002,2026-09-20T09:00:00+00:00,74,41.5,1.78,Low
R003,2026-09-20T09:00:00+00:00,60,43.7,1.37,Low
R004,2026-09-20T09:00:00+00:00,28,65.0,0.43,Low
R005,2026-09-20T09:00:00+00:00,76,33.7,2.26,Low
R006,2026-09-20T09:00:00+00:00,111,31.1,3.57,Low
R007,2026-09-20T09:00:00+00:00,127,20.5,6.2,Low
road-001,2026-09-20T09:00:00+00:00,47,38.1,1.23,Low
road-002,2026-09-20T09:00:00+00:00,84,26.7,3.15,Low
road-003,2026-09-20T09:00:00+00:00,113,16.0,7.06,Low
road-004,2026-09-20T09:00:00+00:00,62,28.9,2.15,Low
R001,2026-09-20T10:00:00+00:00,68,52.8,1.29,Low
R002,2026-09-20T10:00:00+00:00,85,40.8,2.08,Low
R003,2026-09-20T10:00:00+00:00,79,40.7,1.94,Low
R004,2026-09-20T10:00:00+00:00,34,60.9,0.56,Low
R005,2026-09-20T10:00:00+00:00,101,34.5,2.93,Low
R006,2026-09-20T10:00:00+00:00,138,27.6,5.0,Low
R007,2026-09-20T10:00:00+00:00,170,19.6,8.67,Low
road-001,2026-09-20T10:00:00+00:00,56,41.1,1.36,Low
road-002,2026-09-20T10:00:00+00:00,100,25.2,3.97,Low
road-003,2026-09-20T10:00:00+00:00,138,17.4,7.93,Low
road-004,2026-09-20T10:00:00+00:00,76,27.7,2.74,Low
R001,2026-09-20T11:00:00+00:00,93,53.1,1.75,Low
R002,2026-09-20T11:00:00+00:00,103,35.4,2.91,Low
R003,2026-09-20T11:00:00+00:00,99,44.3,2.23,Low
R004,2026-09-20T11:00:00+00:00,44,61.9,0.71,Low
R005,2026-09-20T11:00:00+00:00,109,32.9,3.31,Low
R006,2026-09-20T11:00:00+00:00,144,26.5,5.43,Low
R007,2026-09-20T11:00:00+00:00,190,16.6,11.45,Medium
road-001,2026-09-20T11:00:00+00:00,62,40.0,1.55,Low
road-002,2026-09-20T11:00:00+00:00,110,23.1,4.76,Low
road-003,2026-09-20T11:00:00+00:00,183,15.6,11.73,Medium
road-004,2026-09-20T11:00:00+00:00,91,25.5,3.57,Low
R001,2026-09-20T12:00:00+00:00,112,54.2,2.07,Low
R002,2026-09-20T12:00:00+00:00,121,35.6,3.4,Low
R003,2026-09-20T12:00:00+00:00,108,43.2,2.5,Low
R004,2026-09-20T12:00:00+00:00,50,62.7,0.8,Low
R005,2026-09-20T12:00:00+00:00,130,28.8,4.51,Low
R006,2026-09-20T12:00:00+00:00,190,22.3,8.52,Low
R007,2026-09-20T12:00:00+00:00,206,17.5,11.77,Medium
road-001,2026-09-20T12:00:00+00:00,71,39.7,1.79,Low
road-002,2026-09-20T12:00:00+00:00,139,22.0,6.32,Low
road-003,2026-09-20T12:00:00+00:00,220,12.6,17.46,Medium
road-004,2026-09-20T12:00:00+00:00,109,24.3,4.49,Low
R001,2026-09-20T13:00:00+00:00,113,53.6,2.11,Low
R002,2026-09-20T13:00:00+00:00,139,31.3,4.44,Low
R003,2026-09-20T13:00:00+00:00,124,38.7,3.2,Low
R004,2026-09-20T13:00:00+00:00,58,61.9,0.94,Low
R005,2026-09-20T13:00:00+00:00,152,26.8,5.67,Low
R006,2026-09-20T13:00:00+00:00,187,22.3,8.39,Low
R007,2026-09-20T13:00:00+00:00,273,12.6,21.67,High
road-001,2026-09-20T13:00:00+00:00,83,36.0,2.31,Low
road-002,2026-09-20T13:00:00+00:00,144,22.0,6.55,Low
road-003,2026-09-20T13:00:00+00:00,215,12.4,17.34,Medium
road-004,2026-09-20T13:00:00+00:00,106,27.3,3.88,Low
R001,2026-09-20T14:00:00+00:00,119,51.6,2.31,Low
R002,2026-09-20T14:00:00+00:00,153,31.4,4.87,Low
R003,2026-09-20T14:00:00+00:00,136,34.4,3.95,Low
R004,2026-09-20T14:00:00+00:00,64,53.8,1.19,Low
R005,2026-09-20T14:00:00+00:00,161,26.6,6.05,Low
R006,2026-09-20T14:00:00+00:00,206,19.6,10.51,Medium
R007,2026-09-20T14:00:00+00:00,265,12.6,21.03,High
road-001,2026-09-20T14:00:00+00:00,90,33.1,2.72,Low
road-002,2026-09-20T14:00:00+00:00,173,18.2,9.51,Low
road-003,2026-09-20T14:00:00+00:00,256,12.0,21.33,High
road-004,2026-09-20T14:00:00+00:00,115,25.1,4.58,Low
R001,2026-09-20T15:00:00+00:00,112,54.4,2.06,Low
R002,2026-09-20T15:00:00+00:00,137,30.7,4.46,Low
R003,2026-09-20T15:00:00+00:00,119,38.1,3.12,Low
R004,2026-09-20T15:00:00+00:00,55,55.6,0.99,Low
R005,2026-09-20T15:00:00+00:00,134,30.5,4.39,Low
R006,2026-09-20T15:00:00+00:00,215,19.1,11.26,Medium
R007,2026-09-20T15:00:00+00:00,254,14.5,17.52,Medium
road-001,2026-09-20T15:00:00+00:00,84,34.7,2.42,Low
road-002,2026-09-20T15:00:00+00:00,169,19.5,8.67,Low
road-003,2026-09-20T15:00:00+00:00,225,12.6,17.86,Medium
road-004,2026-09-20T15:00:00+00:00,116,22.5,5.16,Low
R001,2026-09-20T16:00:00+00:00,97,54.2,1.79,Low
R002,2026-09-20T16:00:00+00:00,131,33.8,3.88,Low
R003,2026-09-20T16:00:00+00:00,113,41.5,2.72,Low
R004,2026-09-20T16:00:00+00:00,52,58.7,0.89,Low
R005,2026-09-20T16:00:00+00:00,126,30.5,4.13,Low
R006,2026-09-20T16:00:00+00:00,184,21.9,8.4,Low
R007,2026-09-20T16:00:00+00:00,206,16.9,12.19,Medium
road-001,2026-09-20T16:00:00+00:00,72,35.6,2.02,Low
road-002,2026-09-20T16:00:00+00:00,131,23.0,5.7,Low
road-003,2026-09-20T16:00:00+00:00,200,13.1,15.27,Medium
road-004,2026-09-20T16:00:00+00:00,98,27.0,3.63,Low
R001,2026-09-20T17:00:00+00:00,86,51.2,1.68,Low
R002,2026-09-20T17:00:00+00:00,113,37.8,2.99,Low
R003,2026-09-20T17:00:00+00:00,91,43.7,2.08,Low
R004,2026-09-20T17:00:00+00:00,40,64.6,0.62,Low
R005,2026-09-20T17:00:00+00:00,122,28.4,4.3,Low
R006,2026-09-20T17:00:00+00:00,158,27.1,5.83,Low
R007,2026-09-20T17:00:00+00:00,210,16.9,12.43,Medium
road-001,2026-09-20T17:00:00+00:00,61,36.9,1.65,Low
road-002,2026-09-20T17:00:00+00:00,127,21.0,6.05,Low
road-003,2026-09-20T17:00:00+00:00,177,16.0,11.06,Medium
road-004,2026-09-20T17:00:00+00:00,85,26.1,3.26,Low
R001,2026-09-20T18:00:00+00:00,71,53.1,1.34,Low
R002,2026-09-20T18:00:00+00:00,83,40.6,2.04,Low
R003,2026-09-20T18:00:00+00:00,74,44.7,1.66,Low
R004,2026-09-20T18:00:00+00:00,38,65.4,0.58,Low
R005,2026-09-20T18:00:00+00:00,95,35.5,2.68,Low
R006,2026-09-20T18:00:00+00:00,122,26.7,4.57,Low
R007,2026-09-20T18:00:00+00:00,174,20.1,8.66,Low
road-001,2026-09-20T18:00:00+00:00,54,42.3,1.28,Low
road-002,2026-09-20T18:00:00+00:00,92,27.3,3.37,Low
road-003,2026-09-20T18:00:00+00:00,161,15.9,10.13,Medium
road-004,2026-09-20T18:00:00+00:00,75,27.4,2.74,Low
R001,2026-09-20T19:00:00+00:00,62,60.1,1.03,Low
R002,2026-09-20T19:00:00+00:00,68,37.6,1.81,Low
R003,2026-09-20T19:00:00+00:00,60,45.9,1.31,Low
R004,2026-09-20T19:00:00+00:00,31,61.5,0.5,Low
R005,2026-09-20T19:00:00+00:00,73,37.6,1.94,Low
R006,2026-09-20T19:00:00+00:00,117,26.8,4.37,Low
R007,2026-09-20T19:00:00+00:00,121,22.4,5.4,Low
road-001,2026-09-20T19:00:00+00:00,46,41.8,1.1,Low
road-002,2026-09-20T19:00:00+00:00,90,26.2,3.44,Low
road-003,2026-09-20T19:00:00+00:00,128,17.0,7.53,Low
road-004,2026-09-20T19:00:00+00:00,55,32.8,1.68,Low
R001,2026-09-20T20:00:00+00:00,54,56.2,0.96,Low
R002,2026-09-20T20:00:00+00:00,60,38.9,1.54,Low
R003,2026-09-20T20:00:00+00:00,56,49.2,1.14,Low
R004,2026-09-20T20:00:00+00:00,28,61.3,0.46,Low
R005,2026-09-20T20:00:00+00:00,61,36.3,1.68,Low
R006,2026-09-20T20:00:00+00:00,83,30.1,2.76,Low
R007,2026-09-20T20:00:00+00:00,115,20.8,5.53,Low
road-001,2026-09-20T20:00:00+00:00,39,44.9,0.87,Low
road-002,2026-09-20T20:00:00+00:00,76,26.8,2.84,Low
road-003,2026-09-20T20:00:00+00:00,115,16.0,7.19,Low
road-004,2026-09-20T20:00:00+00:00,54,33.1,1.63,Low
R001,2026-09-20T21:00:00+00:00,43,54.3,0.79,Low
R002,2026-09-20T21:00:00+00:00,51,39.0,1.31,Low
R003,2026-09-20T21:00:00+00:00,49,48.1,1.02,Low
R004,2026-09-20T21:00:00+00:00,22,61.2,0.36,Low
R005,2026-09-20T21:00:00+00:00,60,36.6,1.64,Low
R006,2026-09-20T21:00:00+00:00,76,29.7,2.56,Low
R007,2026-09-20T21:00:00+00:00,97,22.6,4.29,Low
road-001,2026-09-20T21:00:00+00:00,33,44.5,0.74,Low
road-002,2026-09-20T21:00:00+00:00,62,29.2,2.12,Low
road-003,2026-09-20T21:00:00+00:00,88,18.9,4.66,Low
road-004,2026-09-20T21:00:00+00:00,51,33.3,1.53,Low
R001,2026-09-20T22:00:00+00:00,42,59.2,0.71,Low
R002,2026-09-20T22:00:00+00:00,51,40.5,1.26,Low
R003,2026-09-20T22:00:00+00:00,49,47.0,1.04,Low
R004,2026-09-20T22:00:00+00:00,20,67.6,0.3,Low
R005,2026-09-20T22:00:00+00:00,57,37.7,1.51,Low
R006,2026-09-20T22:00:00+00:00,73,30.5,2.39,Low
R007,2026-09-20T22:00:00+00:00,88,24.5,3.59,Low
road-001,2026-09-20T22:00:00+00:00,29,44.9,0.65,Low
road-002,2026-09-20T22:00:00+00:00,57,27.1,2.1,Low
road-003,2026-09-20T22:00:00+00:00,94,17.0,5.53,Low
road-004,2026-09-20T22:00:00+00:00,48,33.1,1.45,Low
R001,2026-09-20T23:00:00+00:00,44,57.2,0.77,Low
R002,2026-09-20T23:00:00+00:00,46,42.5,1.08,Low
R003,2026-09-20T23:00:00+00:00,42,45.9,0.92,Low
R004,2026-09-20T23:00:00+00:00,20,66.9,0.3,Low
R005,2026-09-20T23:00:00+00:00,49,36.2,1.35,Low
R006,2026-09-20T23:00:00+00:00,76,31.9,2.38,Low
R007,2026-09-20T23:00:00+00:00,99,22.0,4.5,Low
road-001,2026-09-20T23:00:00+00:00,27,41.4,0.65,Low
road-002,2026-09-20T23:00:00+00:00,55,27.5,2.0,Low
road-003,2026-09-20T23:00:00+00:00,78,17.9,4.36,Low
road-004,2026-09-20T23:00:00+00:00,43,31.8,1.35,Low
R001,2026-09-21T00:00:00+00:00,21,60.3,0.35,Low
R002,2026-09-21T00:00:00+00:00,30,46.6,0.64,Low
R003,2026-09-21T00:00:00+00:00,28,51.1,0.55,Low
R004,2026-09-21T00:00:00+00:00,12,67.0,0.18,Low
R005,2026-09-21T00:00:00+00:00,29,40.9,0.71,Low
R006,2026-09-21T00:00:00+00:00,41,33.4,1.23,Low
R007,2026-09-21T00:00:00+00:00,54,24.8,2.18,Low
road-001,2026-09-21T00:00:00+00:00,15,41.6,0.36,Low
road-002,2026-09-21T00:00:00+00:00,32,30.1,1.06,Low
road-003,2026-09-21T00:00:00+00:00,49,20.4,2.4,Low
road-004,2026-09-21T00:00:00+00:00,26,33.7,0.77,Low
R001,2026-09-21T01:00:00+00:00,24,59.7,0.4,Low
R002,2026-09-21T01:00:00+00:00,28,41.5,0.67,Low
R003,2026-09-21T01:00:00+00:00,25,50.8,0.49,Low
R004,2026-09-21T01:00:00+00:00,13,60.5,0.21,Low
R005,2026-09-21T01:00:00+00:00,27,40.9,0.66,Low
R006,2026-09-21T01:00:00+00:00,45,31.4,1.43,Low
R007,2026-09-21T01:00:00+00:00,49,24.2,2.02,Low
road-001,2026-09-21T01:00:00+00:00,16,43.5,0.37,Low
road-002,2026-09-21T01:00:00+00:00,33,28.4,1.16,Low
road-003,2026-09-21T01:00:00+00:00,49,20.1,2.44,Low
road-004,2026-09-21T01:00:00+00:00,25,34.5,0.72,Low
R001,2026-09-21T02:00:00+00:00,22,59.8,0.37,Low
R002,2026-09-21T02:00:00+00:00,26,42.3,0.61,Low
R003,2026-09-21T02:00:00+00:00,24,48.7,0.49,Low
R004,2026-09-21T02:00:00+00:00,11,64.1,0.17,Low
R005,2026-09-21T02:00:00+00:00,32,38.6,0.83,Low
R006,2026-09-21T02:00:00+00:00,44,32.1,1.37,Low
R007,2026-09-21T02:00:00+00:00,47,25.8,1.82,Low
road-001,2026-09-21T02:00:00+00:00,16,45.1,0.35,Low
road-002,2026-09-21T02:00:00+00:00,31,27.1,1.14,Low
road-003,2026-09-21T02:00:00+00:00,44,20.2,2.18,Low
road-004,2026-09-21T02:00:00+00:00,22,36.1,0.61,Low
R001,2026-09-21T03:00:00+00:00,22,60.4,0.36,Low
R002,2026-09-21T03:00:00+00:00,26,44.8,0.58,Low
R003,2026-09-21T03:00:00+00:00,23,46.0,0.5,Low
R004,2026-09-21T03:00:00+00:00,10,66.4,0.15,Low
R005,2026-09-21T03:00:00+00:00,32,39.2,0.82,Low
R006,2026-09-21T03:00:00+00:00,38,35.1,1.08,Low
R007,2026-09-21T03:00:00+00:00,47,25.0,1.88,Low
road-001,2026-09-21T03:00:00+00:00,16,42.6,0.38,Low
road-002,2026-09-21T03:00:00+00:00,34,30.6,1.11,Low
road-003,2026-09-21T03:00:00+00:00,46,20.0,2.3,Low
road-004,2026-09-21T03:00:00+00:00,24,33.2,0.72,Low
R001,2026-09-21T04:00:00+00:00,22,58.6,0.38,Low
R002,2026-09-21T04:00:00+00:00,28,42.0,0.67,Low
R003,2026-09-21T04:00:00+00:00,25,47.9,0.52,Low
R004,2026-09-21T04:00:00+00:00,12,63.5,0.19,Low
R005,2026-09-21T04:00:00+00:00,31,41.1,0.75,Low
R006,2026-09-21T04:00:00+00:00,39,32.9,1.19,Low
R007,2026-09-21T04:00:00+00:00,55,23.3,2.36,Low
road-001,2026-09-21T04:00:00+00:00,16,45.4,0.35,Low
road-002,2026-09-21T04:00:00+00:00,32,31.2,1.03,Low
road-003,2026-09-21T04:00:00+00:00,49,18.2,2.69,Low
road-004,2026-09-21T04:00:00+00:00,21,36.5,0.58,Low
R001,2026-09-21T05:00:00+00:00,27,54.4,0.5,Low
R002,2026-09-21T05:00:00+00:00,30,45.8,0.66,Low
R003,2026-09-21T05:00:00+00:00,27,50.9,0.53,Low
R004,2026-09-21T05:00:00+00:00,12,65.2,0.18,Low
R005,2026-09-21T05:00:00+00:00,31,37.0,0.84,Low
R006,2026-09-21T05:00:00+00:00,47,31.0,1.52,Low
R007,2026-09-21T05:00:00+00:00,58,23.4,2.48,Low
road-001,2026-09-21T05:00:00+00:00,20,41.0,0.49,Low
road-002,2026-09-21T05:00:00+00:00,32,31.1,1.03,Low
road-003,2026-09-21T05:00:00+00:00,48,19.3,2.49,Low
road-004,2026-09-21T05:00:00+00:00,26,34.1,0.76,Low
R001,2026-09-21T06:00:00+00:00,36,60.4,0.6,Low
R002,2026-09-21T06:00:00+00:00,45,42.8,1.05,Low
R003,2026-09-21T06:00:00+00:00,36,47.9,0.75,Low
R004,2026-09-21T06:00:00+00:00,18,63.2,0.28,Low
R005,2026-09-21T06:00:00+00:00,43,40.0,1.07,Low
R006,2026-09-21T06:00:00+00:00,61,31.4,1.94,Low
R007,2026-09-21T06:00:00+00:00,75,24.3,3.09,Low
road-001,2026-09-21T06:00:00+00:00,25,43.3,0.58,Low
road-002,2026-09-21T06:00:00+00:00,52,26.3,1.98,Low
road-003,2026-09-21T06:00:00+00:00,69,19.5,3.54,Low
road-004,2026-09-21T06:00:00+00:00,39,32.2,1.21,Low
R001,2026-09-21T07:00:00+00:00,70,55.3,1.27,Low
R002,2026-09-21T07:00:00+00:00,91,39.0,2.33,Low
R003,2026-09-21T07:00:00+00:00,79,43.4,1.82,Low
R004,2026-09-21T07:00:00+00:00,35,62.4,0.56,Low
R005,2026-09-21T07:00:00+00:00,96,31.3,3.07,Low
R006,2026-09-21T07:00:00+00:00,127,29.5,4.31,Low
R007,2026-09-21T07:00:00+00:00,153,20.2,7.57,Low
road-001,2026-09-21T07:00:00+00:00,47,39.8,1.18,Low
road-002,2026-09-21T07:00:00+00:00,95,24.3,3.91,Low
road-003,2026-09-21T07:00:00+00:00,132,16.5,8.0,Low
road-004,2026-09-21T07:00:00+00:00,79,29.3,2.7,Low
R001,2026-09-21T08:00:00+00:00,120,51.5,2.33,Low
R002,2026-09-21T08:00:00+00:00,148,32.5,4.55,Low
R003,2026-09-21T08:00:00+00:00,115,36.7,3.13,Low
R004,2026-09-21T08:00:00+00:00,56,58.8,0.95,Low
R005,2026-09-21T08:00:00+00:00,159,26.8,5.93,Low
R006,2026-09-21T08:00:00+00:00,190,21.0,9.05,Low
R007,2026-09-21T08:00:00+00:00,251,14.8,16.96,Medium
road-001,2026-09-21T08:00:00+00:00,91,33.3,2.73,Low
road-002,2026-09-21T08:00:00+00:00,173,19.1,9.06,Low
road-003,2026-09-21T08:00:00+00:00,254,11.1,22.88,High
road-004,2026-09-21T08:00:00+00:00,115,24.5,4.69,Low
R001,2026-09-21T09:00:00+00:00,122,46.1,2.65,Low
R002,2026-09-21T09:00:00+00:00,148,32.6,4.54,Low
R003,2026-09-21T09:00:00+00:00,130,37.6,3.46,Low
R004,2026-09-21T09:00:00+00:00,64,52.6,1.22,Low
R005,2026-09-21T09:00:00+00:00,154,25.8,5.97,Low
R006,2026-09-21T09:00:00+00:00,204,21.0,9.71,Low
R007,2026-09-21T09:00:00+00:00,252,15.1,16.69,Medium
road-001,2026-09-21T09:00:00+00:00,79,37.0,2.14,Low
road-002,2026-09-21T09:00:00+00:00,150,19.2,7.81,Low
road-003,2026-09-21T09:00:00+00:00,248,12.4,20.0,High
road-004,2026-09-21T09:00:00+00:00,128,21.0,6.1,Low
R001,2026-09-21T10:00:00+00:00,110,51.4,2.14,Low
R002,2026-09-21T10:00:00+00:00,116,35.9,3.23,Low
R003,2026-09-21T10:00:00+00:00,108,39.7,2.72,Low
R004,2026-09-21T10:00:00+00:00,51,60.0,0.85,Low
R005,2026-09-21T10:00:00+00:00,139,26.6,5.23,Low
R006,2026-09-21T10:00:00+00:00,171,23.8,7.18,Low
R007,2026-09-21T10:00:00+00:00,224,17.1,13.1,Medium
road-001,2026-09-21T10:00:00+00:00,73,40.1,1.82,Low
road-002,2026-09-21T10:00:00+00:00,138,20.8,6.63,Low
road-003,2026-09-21T10:00:00+00:00,196,13.4,14.63,Medium
road-004,2026-09-21T10:00:00+00:00,94,28.5,3.3,Low
R001,2026-09-21T11:00:00+00:00,69,59.7,1.16,Low
R002,2026-09-21T11:00:00+00:00,73,40.2,1.82,Low
R003,2026-09-21T11:00:00+00:00,73,45.3,1.61,Low
R004,2026-09-21T11:00:00+00:00,30,60.2,0.5,Low
R005,2026-09-21T11:00:00+00:00,77,33.9,2.27,Low
R006,2026-09-21T11:00:00+00:00,115,31.0,3.71,Low
R007,2026-09-21T11:00:00+00:00,138,22.0,6.27,Low
road-001,2026-09-21T11:00:00+00:00,51,42.6,1.2,Low
road-002,2026-09-21T11:00:00+00:00,99,25.4,3.9,Low
road-003,2026-09-21T11:00:00+00:00,123,16.3,7.55,Low
road-004,2026-09-21T11:00:00+00:00,71,31.0,2.29,Low
R001,2026-09-21T12:00:00+00:00,50,60.8,0.82,Low
R002,2026-09-21T12:00:00+00:00,71,40.5,1.75,Low
R003,2026-09-21T12:00:00+00:00,63,42.0,1.5,Low
R004,2026-09-21T12:00:00+00:00,29,57.7,0.5,Low
R005,2026-09-21T12:00:00+00:00,65,38.9,1.67,Low
R006,2026-09-21T12:00:00+00:00,98,31.6,3.1,Low
R007,2026-09-21T12:00:00+00:00,121,22.6,5.35,Low
road-001,2026-09-21T12:00:00+00:00,37,39.8,0.93,Low
road-002,2026-09-21T12:00:00+00:00,79,27.7,2.85,Low
road-003,2026-09-21T12:00:00+00:00,110,17.3,6.36,Low
road-004,2026-09-21T12:00:00+00:00,53,33.5,1.58,Low
R001,2026-09-21T13:00:00+00:00,59,58.4,1.01,Low
R002,2026-09-21T13:00:00+00:00,58,40.5,1.43,Low
R003,2026-09-21T13:00:00+00:00,53,48.8,1.09,Low
R004,2026-09-21T13:00:00+00:00,28,60.9,0.46,Low
R005,2026-09-21T13:00:00+00:00,68,34.7,1.96,Low
R006,2026-09-21T13:00:00+00:00,97,30.6,3.17,Low
R007,2026-09-21T13:00:00+00:00,124,22.0,5.64,Low
road-001,2026-09-21T13:00:00+00:00,37,45.4,0.81,Low
road-002,2026-09-21T13:00:00+00:00,73,28.5,2.56,Low
road-003,2026-09-21T13:00:00+00:00,115,16.9,6.8,Low
road-004,2026-09-21T13:00:00+00:00,58,32.0,1.81,Low
R001,2026-09-21T14:00:00+00:00,60,52.1,1.15,Low
R002,2026-09-21T14:00:00+00:00,67,37.4,1.79,Low
R003,2026-09-21T14:00:00+00:00,56,45.4,1.23,Low
R004,2026-09-21T14:00:00+00:00,30,64.1,0.47,Low
R005,2026-09-21T14:00:00+00:00,66,34.2,1.93,Low
R006,2026-09-21T14:00:00+00:00,104,31.1,3.34,Low
R007,2026-09-21T14:00:00+00:00,116,20.6,5.63,Low
road-001,2026-09-21T14:00:00+00:00,42,45.0,0.93,Low
road-002,2026-09-21T14:00:00+00:00,82,27.1,3.03,Low
road-003,2026-09-21T14:00:00+00:00,101,16.6,6.08,Low
road-004,2026-09-21T14:00:00+00:00,56,29.9,1.87,Low
R001,2026-09-21T15:00:00+00:00,61,55.4,1.1,Low
R002,2026-09-21T15:00:00+00:00,73,39.3,1.86,Low
R003,2026-09-21T15:00:00+00:00,72,45.6,1.58,Low
R004,2026-09-21T15:00:00+00:00,32,63.6,0.5,Low
R005,2026-09-21T15:00:00+00:00,77,34.1,2.26,Low
R006,2026-09-21T15:00:00+00:00,109,28.6,3.81,Low
R007,2026-09-21T15:00:00+00:00,142,21.4,6.64,Low
road-001,2026-09-21T15:00:00+00:00,45,40.7,1.11,Low
road-002,2026-09-21T15:00:00+00:00,90,23.8,3.78,Low
road-003,2026-09-21T15:00:00+00:00,121,18.2,6.65,Low
road-004,2026-09-21T15:00:00+00:00,69,29.0,2.38,Low
R001,2026-09-21T16:00:00+00:00,72,53.5,1.35,Low
R002,2026-09-21T16:00:00+00:00,79,37.0,2.14,Low
R003,2026-09-21T16:00:00+00:00,70,43.5,1.61,Low
R004,2026-09-21T16:00:00+00:00,30,64.3,0.47,Low
R005,2026-09-21T16:00:00+00:00,85,36.0,2.36,Low
R006,2026-09-21T16:00:00+00:00,115,30.6,3.76,Low
R007,2026-09-21T16:00:00+00:00,142,20.2,7.03,Low
road-001,2026-09-21T16:00:00+00:00,44,40.4,1.09,Low
road-002,2026-09-21T16:00:00+00:00,90,27.1,3.32,Low
road-003,2026-09-21T16:00:00+00:00,139,15.3,9.08,Low
road-004,2026-09-21T16:00:00+00:00,69,28.9,2.39,Low
R001,2026-09-21T17:00:00+00:00,108,50.0,2.16,Low
R002,2026-09-21T17:00:00+00:00,130,32.7,3.98,Low
R003,2026-09-21T17:00:00+00:00,132,35.2,3.75,Low
R004,2026-09-21T17:00:00+00:00,58,56.4,1.03,Low
R005,2026-09-21T17:00:00+00:00,149,26.3,5.67,Low
R006,2026-09-21T17:00:00+00:00,193,22.6,8.54,Low
R007,2026-09-21T17:00:00+00:00,228,15.1,15.1,Medium
road-001,2026-09-21T17:00:00+00:00,81,39.5,2.05,Low
road-002,2026-09-21T17:00:00+00:00,158,18.9,8.36,Low
road-003,2026-09-21T17:00:00+00:00,230,11.6,19.83,Medium
road-004,2026-09-21T17:00:00+00:00,117,25.2,4.64,Low
R001,2026-09-21T18:00:00+00:00,126,50.2,2.51,Low
R002,2026-09-21T18:00:00+00:00,174,27.8,6.26,Low
R003,2026-09-21T18:00:00+00:00,151,34.4,4.39,Low
R004,2026-09-21T18:00:00+00:00,69,54.5,1.27,Low
R005,2026-09-21T18:00:00+00:00,162,24.0,6.75,Low
R006,2026-09-21T18:00:00+00:00,243,18.1,13.43,Medium
R007,2026-09-21T18:00:00+00:00,282,12.9,21.86,High
road-001,2026-09-21T18:00:00+00:00,105,32.1,3.27,Low
road-002,2026-09-21T18:00:00+00:00,178,18.0,9.89,Low
road-003,2026-09-21T18:00:00+00:00,300,8.2,36.59,Severe
road-004,2026-09-21T18:00:00+00:00,124,24.7,5.02,Low
R001,2026-09-21T19:00:00+00:00,103,50.7,2.03,Low
R002,2026-09-21T19:00:00+00:00,131,31.2,4.2,Low
R003,2026-09-21T19:00:00+00:00,117,37.1,3.15,Low
R004,2026-09-21T19:00:00+00:00,59,55.4,1.06,Low
R005,2026-09-21T19:00:00+00:00,134,27.3,4.91,Low
R006,2026-09-21T19:00:00+00:00,208,21.4,9.72,Low
R007,2026-09-21T19:00:00+00:00,226,16.5,13.7,Medium
road-001,2026-09-21T19:00:00+00:00,76,35.1,2.17,Low
road-002,2026-09-21T19:00:00+00:00,141,21.9,6.44,Low
road-003,2026-09-21T19:00:00+00:00,237,12.0,19.75,Medium
road-004,2026-09-21T19:00:00+00:00,101,27.6,3.66,Low
R001,2026-09-21T20:00:00+00:00,67,52.5,1.28,Low
R002,2026-09-21T20:00:00+00:00,80,41.1,1.95,Low
R003,2026-09-21T20:00:00+00:00,67,45.9,1.46,Low
R004,2026-09-21T20:00:00+00:00,31,60.5,0.51,Low
R005,2026-09-21T20:00:00+00:00,82,32.1,2.55,Low
R006,2026-09-21T20:00:00+00:00,110,28.2,3.9,Low
R007,2026-09-21T20:00:00+00:00,136,21.3,6.38,Low
road-001,2026-09-21T20:00:00+00:00,46,40.1,1.15,Low
road-002,2026-09-21T20:00:00+00:00,83,27.9,2.97,Low
road-003,2026-09-21T20:00:00+00:00,133,16.7,7.96,Low
road-004,2026-09-21T20:00:00+00:00,71,30.0,2.37,Low
R001,2026-09-21T21:00:00+00:00,34,53.9,0.63,Low
R002,2026-09-21T21:00:00+00:00,41,42.2,0.97,Low
R003,2026-09-21T21:00:00+00:00,38,48.3,0.79,Low
R004,2026-09-21T21:00:00+00:00,16,61.1,0.26,Low
R005,2026-09-21T21:00:00+00:00,49,37.0,1.32,Low
R006,2026-09-21T21:00:00+00:00,59,32.2,1.83,Low
R007,2026-09-21T21:00:00+00:00,79,23.7,3.33,Low
road-001,2026-09-21T21:00:00+00:00,24,45.9,0.52,Low
road-002,2026-09-21T21:00:00+00:00,54,26.1,2.07,Low
road-003,2026-09-21T21:00:00+00:00,67,19.9,3.37,Low
road-004,2026-09-21T21:00:00+00:00,35,31.9,1.1,Low
R001,2026-09-21T22:00:00+00:00,24,60.2,0.4,Low
R002,2026-09-21T22:00:00+00:00,30,45.2,0.66,Low
R003,2026-09-21T22:00:00+00:00,28,46.6,0.6,Low
R004,2026-09-21T22:00:00+00:00,13,61.7,0.21,Low
R005,2026-09-21T22:00:00+00:00,31,37.8,0.82,Low
R006,2026-09-21T22:00:00+00:00,42,32.8,1.28,Low
R007,2026-09-21T22:00:00+00:00,57,23.5,2.43,Low
road-001,2026-09-21T22:00:00+00:00,16,45.6,0.35,Low
road-002,2026-09-21T22:00:00+00:00,37,30.2,1.23,Low
road-003,2026-09-21T22:00:00+00:00,52,18.6,2.8,Low
road-004,2026-09-21T22:00:00+00:00,26,32.9,0.79,Low
R001,2026-09-21T23:00:00+00:00,25,59.1,0.42,Low
R002,2026-09-21T23:00:00+00:00,30,47.1,0.64,Low
R003,2026-09-21T23:00:00+00:00,24,45.9,0.52,Low
R004,2026-09-21T23:00:00+00:00,12,63.1,0.19,Low
R005,2026-09-21T23:00:00+00:00,31,36.7,0.84,Low
R006,2026-09-21T23:00:00+00:00,44,31.8,1.38,Low
R007,2026-09-21T23:00:00+00:00,51,25.8,1.98,Low
road-001,2026-09-21T23:00:00+00:00,15,43.8,0.34,Low
road-002,2026-09-21T23:00:00+00:00,31,30.5,1.02,Low
road-003,2026-09-21T23:00:00+00:00,48,20.1,2.39,Low
road-004,2026-09-21T23:00:00+00:00,24,33.4,0.72,Low
R001,2026-09-22T00:00:00+00:00,23,58.5,0.39,Low
R002,2026-09-22T00:00:00+00:00,26,46.9,0.55,Low
R003,2026-09-22T00:00:00+00:00,26,49.0,0.53,Low
R004,2026-09-22T00:00:00+00:00,12,63.0,0.19,Low
R005,2026-09-22T00:00:00+00:00,30,36.6,0.82,Low
R006,2026-09-22T00:00:00+00:00,42,32.1,1.31,Low
R007,2026-09-22T00:00:00+00:00,53,24.8,2.14,Low
road-001,2026-09-22T00:00:00+00:00,17,42.5,0.4,Low
road-002,2026-09-22T00:00:00+00:00,32,31.1,1.03,Low
road-003,2026-09-22T00:00:00+00:00,52,19.9,2.61,Low
road-004,2026-09-22T00:00:00+00:00,25,31.9,0.78,Low
R001,2026-09-22T01:00:00+00:00,24,62.2,0.39,Low
R002,2026-09-22T01:00:00+00:00,25,43.4,0.58,Low
R003,2026-09-22T01:00:00+00:00,24,45.6,0.53,Low
R004,2026-09-22T01:00:00+00:00,13,62.3,0.21,Low
R005,2026-09-22T01:00:00+00:00,28,40.2,0.7,Low
R006,2026-09-22T01:00:00+00:00,42,32.8,1.28,Low
R007,2026-09-22T01:00:00+00:00,47,24.0,1.96,Low
road-001,2026-09-22T01:00:00+00:00,15,43.3,0.35,Low
road-002,2026-09-22T01:00:00+00:00,33,27.7,1.19,Low
road-003,2026-09-22T01:00:00+00:00,49,20.6,2.38,Low
road-004,2026-09-22T01:00:00+00:00,22,35.9,0.61,Low
R001,2026-09-22T02:00:00+00:00,25,59.8,0.42,Low
R002,2026-09-22T02:00:00+00:00,26,44.8,0.58,Low
R003,2026-09-22T02:00:00+00:00,25,47.0,0.53,Low
R004,2026-09-22T02:00:00+00:00,12,66.0,0.18,Low
R005,2026-09-22T02:00:00+00:00,27,36.8,0.73,Low
R006,2026-09-22T02:00:00+00:00,43,32.5,1.32,Low
R007,2026-09-22T02:00:00+00:00,49,22.6,2.17,Low
road-001,2026-09-22T02:00:00+00:00,18,44.8,0.4,Low
road-002,2026-09-22T02:00:00+00:00,34,28.2,1.21,Low
road-003,2026-09-22T02:00:00+00:00,50,19.5,2.56,Low
road-004,2026-09-22T02:00:00+00:00,22,35.8,0.61,Low
R001,2026-09-22T03:00:00+00:00,25,60.6,0.41,Low
R002,2026-09-22T03:00:00+00:00,27,41.6,0.65,Low
R003,2026-09-22T03:00:00+00:00,27,52.6,0.51,Low
R004,2026-09-22T03:00:00+00:00,11,67.5,0.16,Low
R005,2026-09-22T03:00:00+00:00,27,36.9,0.73,Low
R006,2026-09-22T03:00:00+00:00,45,32.6,1.38,Low
R007,2026-09-22T03:00:00+00:00,56,22.2,2.52,Low
road-001,2026-09-22T03:00:00+00:00,17,43.8,0.39,Low
road-002,2026-09-22T03:00:00+00:00,34,28.1,1.21,Low
road-003,2026-09-22T03:00:00+00:00,48,18.1,2.65,Low
road-004,2026-09-22T03:00:00+00:00,24,33.3,0.72,Low
R001,2026-09-22T04:00:00+00:00,23,58.9,0.39,Low
R002,2026-09-22T04:00:00+00:00,27,44.0,0.61,Low
R003,2026-09-22T04:00:00+00:00,26,51.8,0.5,Low
R004,2026-09-22T04:00:00+00:00,12,69.0,0.17,Low
R005,2026-09-22T04:00:00+00:00,32,40.8,0.78,Low
R006,2026-09-22T04:00:00+00:00,43,35.5,1.21,Low
R007,2026-09-22T04:00:00+00:00,52,24.0,2.17,Low
road-001,2026-09-22T04:00:00+00:00,18,45.5,0.4,Low
road-002,2026-09-22T04:00:00+00:00,33,28.7,1.15,Low
road-003,2026-09-22T04:00:00+00:00,46,17.9,2.57,Low
road-004,2026-09-22T04:00:00+00:00,23,33.9,0.68,Low
R001,2026-09-22T05:00:00+00:00,26,61.1,0.43,Low
R002,2026-09-22T05:00:00+00:00,28,44.2,0.63,Low
R003,2026-09-22T05:00:00+00:00,30,52.0,0.58,Low
R004,2026-09-22T05:00:00+00:00,12,61.0,0.2,Low
R005,2026-09-22T05:00:00+00:00,33,35.6,0.93,Low
R006,2026-09-22T05:00:00+00:00,44,33.8,1.3,Low
R007,2026-09-22T05:00:00+00:00,50,23.3,2.15,Low
road-001,2026-09-22T05:00:00+00:00,16,43.4,0.37,Low
road-002,2026-09-22T05:00:00+00:00,33,30.9,1.07,Low
road-003,2026-09-22T05:00:00+00:00,52,17.8,2.92,Low
road-004,2026-09-22T05:00:00+00:00,24,33.9,0.71,Low
R001,2026-09-22T06:00:00+00:00,33,60.3,0.55,Low
R002,2026-09-22T06:00:00+00:00,40,43.8,0.91,Low
R003,2026-09-22T06:00:00+00:00,43,50.0,0.86,Low
R004,2026-09-22T06:00:00+00:00,19,68.0,0.28,Low
R005,2026-09-22T06:00:00+00:00,50,38.3,1.31,Low
R006,2026-09-22T06:00:00+00:00,64,32.4,1.98,Low
R007,2026-09-22T06:00:00+00:00,85,23.8,3.57,Low
road-001,2026-09-22T06:00:00+00:00,27,40.2,0.67,Low
road-002,2026-09-22T06:00:00+00:00,45,30.2,1.49,Low
road-003,2026-09-22T06:00:00+00:00,68,19.5,3.49,Low
road-004,2026-09-22T06:00:00+00:00,39,31.0,1.26,Low
R001,2026-09-22T07:00:00+00:00,71,58.2,1.22,Low
R002,2026-09-22T07:00:00+00:00,76,40.6,1.87,Low
R003,2026-09-22T07:00:00+00:00,71,41.8,1.7,Low
R004,2026-09-22T07:00:00+00:00,36,66.3,0.54,Low
R005,2026-09-22T07:00:00+00:00,84,35.2,2.39,Low
R006,2026-09-22T07:00:00+00:00,114,30.8,3.7,Low
R007,2026-09-22T07:00:00+00:00,167,18.7,8.93,Low
road-001,2026-09-22T07:00:00+00:00,53,43.3,1.22,Low
road-002,2026-09-22T07:00:00+00:00,100,26.4,3.79,Low
road-003,2026-09-22T07:00:00+00:00,144,17.5,8.23,Low
road-004,2026-09-22T07:00:00+00:00,70,31.5,2.22,Low
R001,2026-09-22T08:00:00+00:00,121,45.8,2.64,Low
R002,2026-09-22T08:00:00+00:00,146,30.9,4.72,Low
R003,2026-09-22T08:00:00+00:00,133,34.0,3.91,Low
R004,2026-09-22T08:00:00+00:00,58,55.8,1.04,Low
R005,2026-09-22T08:00:00+00:00,138,28.5,4.84,Low
R006,2026-09-22T08:00:00+00:00,192,23.3,8.24,Low
R007,2026-09-22T08:00:00+00:00,272,12.0,22.67,High
road-001,2026-09-22T08:00:00+00:00,79,36.3,2.18,Low
road-002,2026-09-22T08:00:00+00:00,156,19.9,7.84,Low
road-003,2026-09-22T08:00:00+00:00,244,12.0,20.33,High
road-004,2026-09-22T08:00:00+00:00,116,22.7,5.11,Low
R001,2026-09-22T09:00:00+00:00,108,52.8,2.05,Low
R002,2026-09-22T09:00:00+00:00,128,33.9,3.78,Low
R003,2026-09-22T09:00:00+00:00,139,37.0,3.76,Low
R004,2026-09-22T09:00:00+00:00,62,54.6,1.14,Low
R005,2026-09-22T09:00:00+00:00,143,26.0,5.5,Low
R006,2026-09-22T09:00:00+00:00,215,19.3,11.14,Medium
R007,2026-09-22T09:00:00+00:00,272,13.3,20.45,High
road-001,2026-09-22T09:00:00+00:00,90,33.7,2.67,Low
road-002,2026-09-22T09:00:00+00:00,170,17.2,9.88,Low
road-003,2026-09-22T09:00:00+00:00,214,13.7,15.62,Medium
road-004,2026-09-22T09:00:00+00:00,110,23.6,4.66,Low
R001,2026-09-22T10:00:00+00:00,98,49.9,1.96,Low
R002,2026-09-22T10:00:00+00:00,111,37.9,2.93,Low
R003,2026-09-22T10:00:00+00:00,103,39.4,2.61,Low
R004,2026-09-22T10:00:00+00:00,53,56.6,0.94,Low
R005,2026-09-22T10:00:00+00:00,127,30.2,4.21,Low
R006,2026-09-22T10:00:00+00:00,173,24.8,6.98,Low
R007,2026-09-22T10:00:00+00:00,219,16.7,13.11,Medium
road-001,2026-09-22T10:00:00+00:00,77,34.7,2.22,Low
road-002,2026-09-22T10:00:00+00:00,149,20.0,7.45,Low
road-003,2026-09-22T10:00:00+00:00,205,13.1,15.65,Medium
road-004,2026-09-22T10:00:00+00:00,106,24.9,4.26,Low
R001,2026-09-22T11:00:00+00:00,70,57.9,1.21,Low
R002,2026-09-22T11:00:00+00:00,73,41.3,1.77,Low
R003,2026-09-22T11:00:00+00:00,72,46.9,1.54,Low
R004,2026-09-22T11:00:00+00:00,35,57.6,0.61,Low
R005,2026-09-22T11:00:00+00:00,87,32.9,2.64,Low
R006,2026-09-22T11:00:00+00:00,115,27.0,4.26,Low
R007,2026-09-22T11:00:00+00:00,133,21.4,6.21,Low
road-001,2026-09-22T11:00:00+00:00,44,39.3,1.12,Low
road-002,2026-09-22T11:00:00+00:00,93,24.7,3.77,Low
road-003,2026-09-22T11:00:00+00:00,130,17.1,7.6,Low
road-004,2026-09-22T11:00:00+00:00,60,32.0,1.88,Low
R001,2026-09-22T12:00:00+00:00,57,59.9,0.95,Low
R002,2026-09-22T12:00:00+00:00,58,41.0,1.41,Low
R003,2026-09-22T12:00:00+00:00,58,47.2,1.23,Low
R004,2026-09-22T12:00:00+00:00,25,67.2,0.37,Low
R005,2026-09-22T12:00:00+00:00,66,36.0,1.83,Low
R006,2026-09-22T12:00:00+00:00,91,28.5,3.19,Low
R007,2026-09-22T12:00:00+00:00,128,21.0,6.1,Low
road-001,2026-09-22T12:00:00+00:00,40,41.7,0.96,Low
road-002,2026-09-22T12:00:00+00:00,75,28.0,2.68,Low
road-003,2026-09-22T12:00:00+00:00,105,17.3,6.07,Low
road-004,2026-09-22T12:00:00+00:00,53,32.6,1.63,Low
R001,2026-09-22T13:00:00+00:00,52,61.3,0.85,Low
R002,2026-09-22T13:00:00+00:00,68,42.2,1.61,Low
R003,2026-09-22T13:00:00+00:00,63,45.6,1.38,Low
R004,2026-09-22T13:00:00+00:00,26,65.6,0.4,Low
R005,2026-09-22T13:00:00+00:00,74,34.9,2.12,Low
R006,2026-09-22T13:00:00+00:00,86,31.3,2.75,Low
R007,2026-09-22T13:00:00+00:00,127,22.5,5.64,Low
road-001,2026-09-22T13:00:00+00:00,42,44.9,0.94,Low
road-002,2026-09-22T13:00:00+00:00,70,28.9,2.42,Low
road-003,2026-09-22T13:00:00+00:00,114,16.4,6.95,Low
road-004,2026-09-22T13:00:00+00:00,52,34.1,1.52,Low
R001,2026-09-22T14:00:00+00:00,61,54.4,1.12,Low
R002,2026-09-22T14:00:00+00:00,68,42.5,1.6,Low
R003,2026-09-22T14:00:00+00:00,60,43.4,1.38,Low
R004,2026-09-22T14:00:00+00:00,25,59.4,0.42,Low
R005,2026-09-22T14:00:00+00:00,75,34.3,2.19,Low
R006,2026-09-22T14:00:00+00:00,89,29.7,3.0,Low
R007,2026-09-22T14:00:00+00:00,114,20.3,5.62,Low
road-001,2026-09-22T14:00:00+00:00,37,43.7,0.85,Low
road-002,2026-09-22T14:00:00+00:00,82,25.5,3.22,Low
road-003,2026-09-22T14:00:00+00:00,111,17.1,6.49,Low
road-004,2026-09-22T14:00:00+00:00,55,32.4,1.7,Low
R001,2026-09-22T15:00:00+00:00,68,59.1,1.15,Low
R002,2026-09-22T15:00:00+00:00,79,41.5,1.9,Low
R003,2026-09-22T15:00:00+00:00,74,46.2,1.6,Low
R004,2026-09-22T15:00:00+00:00,30,58.7,0.51,Low
R005,2026-09-22T15:00:00+00:00,86,32.3,2.66,Low
R006,2026-09-22T15:00:00+00:00,121,30.6,3.95,Low
R007,2026-09-22T15:00:00+00:00,152,20.7,7.34,Low
road-001,2026-09-22T15:00:00+00:00,46,40.8,1.13,Low
road-002,2026-09-22T15:00:00+00:00,82,26.0,3.15,Low
road-003,2026-09-22T15:00:00+00:00,138,16.8,8.21,Low
road-004,2026-09-22T15:00:00+00:00,62,31.3,1.98,Low
R001,2026-09-22T16:00:00+00:00,69,54.2,1.27,Low
R002,2026-09-22T16:00:00+00:00,74,42.0,1.76,Low
R003,2026-09-22T16:00:00+00:00,73,46.3,1.58,Low
R004,2026-09-22T16:00:00+00:00,35,63.1,0.55,Low
R005,2026-09-22T16:00:00+00:00,76,33.5,2.27,Low
R006,2026-09-22T16:00:00+00:00,108,29.4,3.67,Low
R007,2026-09-22T16:00:00+00:00,138,21.2,6.51,Low
road-001,2026-09-22T16:00:00+00:00,46,40.1,1.15,Low
road-002,2026-09-22T16:00:00+00:00,88,26.9,3.27,Low
road-003,2026-09-22T16:00:00+00:00,119,18.5,6.43,Low
road-004,2026-09-22T16:00:00+00:00,64,28.9,2.21,Low
R001,2026-09-22T17:00:00+00:00,116,52.6,2.21,Low
R002,2026-09-22T17:00:00+00:00,130,31.0,4.19,Low
R003,2026-09-22T17:00:00+00:00,126,35.1,3.59,Low
R004,2026-09-22T17:00:00+00:00,60,60.3,1.0,Low
R005,2026-09-22T17:00:00+00:00,127,29.0,4.38,Low
R006,2026-09-22T17:00:00+00:00,200,21.3,9.39,Low
R007,2026-09-22T17:00:00+00:00,242,14.9,16.24,Medium
road-001,2026-09-22T17:00:00+00:00,87,35.4,2.46,Low
road-002,2026-09-22T17:00:00+00:00,163,18.3,8.91,Low
road-003,2026-09-22T17:00:00+00:00,214,13.6,15.74,Medium
road-004,2026-09-22T17:00:00+00:00,115,25.5,4.51,Low
R001,2026-09-22T18:00:00+00:00,136,46.2,2.94,Low
R002,2026-09-22T18:00:00+00:00,160,28.1,5.69,Low
R003,2026-09-22T18:00:00+00:00,150,33.0,4.55,Low
R004,2026-09-22T18:00:00+00:00,72,59.4,1.21,Low
R005,2026-09-22T18:00:00+00:00,173,23.4,7.39,Low
R006,2026-09-22T18:00:00+00:00,249,15.6,15.96,Medium
R007,2026-09-22T18:00:00+00:00,289,12.7,22.76,High
road-001,2026-09-22T18:00:00+00:00,99,32.4,3.06,Low
road-002,2026-09-22T18:00:00+00:00,201,15.4,13.05,Medium
road-003,2026-09-22T18:00:00+00:00,273,9.6,28.44,Severe
road-004,2026-09-22T18:00:00+00:00,131,20.7,6.33,Low
R001,2026-09-22T19:00:00+00:00,112,49.3,2.27,Low
R002,2026-09-22T19:00:00+00:00,141,32.6,4.33,Low
R003,2026-09-22T19:00:00+00:00,116,37.9,3.06,Low
R004,2026-09-22T19:00:00+00:00,54,61.6,0.88,Low
R005,2026-09-22T19:00:00+00:00,142,26.6,5.34,Low
R006,2026-09-22T19:00:00+00:00,191,20.8,9.18,Low
R007,2026-09-22T19:00:00+00:00,235,15.7,14.97,Medium
road-001,2026-09-22T19:00:00+00:00,81,36.0,2.25,Low
road-002,2026-09-22T19:00:00+00:00,140,22.0,6.36,Low
road-003,2026-09-22T19:00:00+00:00,214,12.4,17.26,Medium
road-004,2026-09-22T19:00:00+00:00,103,26.9,3.83,Low
R001,2026-09-22T20:00:00+00:00,67,55.0,1.22,Low
R002,2026-09-22T20:00:00+00:00,73,43.1,1.69,Low
R003,2026-09-22T20:00:00+00:00,74,42.5,1.74,Low
R004,2026-09-22T20:00:00+00:00,35,65.0,0.54,Low
R005,2026-09-22T20:00:00+00:00,86,34.5,2.49,Low
R006,2026-09-22T20:00:00+00:00,114,27.3,4.18,Low
R007,2026-09-22T20:00:00+00:00,139,19.5,7.13,Low
road-001,2026-09-22T20:00:00+00:00,51,41.8,1.22,Low
road-002,2026-09-22T20:00:00+00:00,97,24.5,3.96,Low
road-003,2026-09-22T20:00:00+00:00,144,15.2,9.47,Low
road-004,2026-09-22T20:00:00+00:00,71,31.0,2.29,Low
R001,2026-09-22T21:00:00+00:00,35,53.9,0.65,Low
R002,2026-09-22T21:00:00+00:00,45,40.9,1.1,Low
R003,2026-09-22T21:00:00+00:00,40,50.7,0.79,Low
R004,2026-09-22T21:00:00+00:00,19,63.0,0.3,Low
R005,2026-09-22T21:00:00+00:00,41,36.3,1.13,Low
R006,2026-09-22T21:00:00+00:00,60,31.8,1.89,Low
R007,2026-09-22T21:00:00+00:00,78,24.5,3.18,Low
road-001,2026-09-22T21:00:00+00:00,24,45.8,0.52,Low
road-002,2026-09-22T21:00:00+00:00,48,28.1,1.71,Low
road-003,2026-09-22T21:00:00+00:00,75,18.4,4.08,Low
road-004,2026-09-22T21:00:00+00:00,37,34.5,1.07,Low
R001,2026-09-22T22:00:00+00:00,24,60.7,0.4,Low
R002,2026-09-22T22:00:00+00:00,31,46.5,0.67,Low
R003,2026-09-22T22:00:00+00:00,29,46.8,0.62,Low
R004,2026-09-22T22:00:00+00:00,12,59.4,0.2,Low
R005,2026-09-22T22:00:00+00:00,32,36.4,0.88,Low
R006,2026-09-22T22:00:00+00:00,43,34.2,1.26,Low
R007,2026-09-22T22:00:00+00:00,61,23.0,2.65,Low
road-001,2026-09-22T22:00:00+00:00,17,40.8,0.42,Low
road-002,2026-09-22T22:00:00+00:00,34,26.9,1.26,Low
road-003,2026-09-22T22:00:00+00:00,49,19.9,2.46,Low
road-004,2026-09-22T22:00:00+00:00,27,34.3,0.79,Low
R001,2026-09-22T23:00:00+00:00,24,57.4,0.42,Low
R002,2026-09-22T23:00:00+00:00,27,46.9,0.58,Low
R003,2026-09-22T23:00:00+00:00,23,47.8,0.48,Low
R004,2026-09-22T23:00:00+00:00,11,63.8,0.17,Low
R005,2026-09-22T23:00:00+00:00,30,40.3,0.74,Low
R006,2026-09-22T23:00:00+00:00,39,34.9,1.12,Low
R007,2026-09-22T23:00:00+00:00,54,23.0,2.35,Low
road-001,2026-09-22T23:00:00+00:00,15,46.9,0.32,Low
road-002,2026-09-22T23:00:00+00:00,36,29.5,1.22,Low
road-003,2026-09-22T23:00:00+00:00,49,18.8,2.61,Low
road-004,2026-09-22T23:00:00+00:00,22,36.8,0.6,Low
R001,2026-09-23T00:00:00+00:00,23,57.1,0.4,Low
R002,2026-09-23T00:00:00+00:00,26,45.2,0.58,Low
R003,2026-09-23T00:00:00+00:00,23,50.0,0.46,Low
R004,2026-09-23T00:00:00+00:00,11,62.9,0.17,Low
R005,2026-09-23T00:00:00+00:00,29,42.0,0.69,Low
R006,2026-09-23T00:00:00+00:00,37,36.5,1.01,Low
R007,2026-09-23T00:00:00+00:00,52,24.0,2.17,Low
road-001,2026-09-23T00:00:00+00:00,16,47.3,0.34,Low
road-002,2026-09-23T00:00:00+00:00,30,29.6,1.01,Low
road-003,2026-09-23T00:00:00+00:00,51,18.0,2.83,Low
road-004,2026-09-23T00:00:00+00:00,22,36.8,0.6,Low
R001,2026-09-23T01:00:00+00:00,24,56.0,0.43,Low
R002,2026-09-23T01:00:00+00:00,26,45.9,0.57,Low
R003,2026-09-23T01:00:00+00:00,27,48.0,0.56,Low
R004,2026-09-23T01:00:00+00:00,11,67.0,0.16,Low
R005,2026-09-23T01:00:00+00:00,29,39.5,0.73,Low
R006,2026-09-23T01:00:00+00:00,40,33.1,1.21,Low
R007,2026-09-23T01:00:00+00:00,47,25.6,1.84,Low
road-001,2026-09-23T01:00:00+00:00,18,46.0,0.39,Low
road-002,2026-09-23T01:00:00+00:00,31,29.2,1.06,Low
road-003,2026-09-23T01:00:00+00:00,46,20.4,2.25,Low
road-004,2026-09-23T01:00:00+00:00,23,33.8,0.68,Low
R001,2026-09-23T02:00:00+00:00,25,58.5,0.43,Low
R002,2026-09-23T02:00:00+00:00,30,41.4,0.72,Low
R003,2026-09-23T02:00:00+00:00,24,49.2,0.49,Low
R004,2026-09-23T02:00:00+00:00,11,64.0,0.17,Low
R005,2026-09-23T02:00:00+00:00,28,41.5,0.67,Low
R006,2026-09-23T02:00:00+00:00,41,34.6,1.18,Low
R007,2026-09-23T02:00:00+00:00,56,23.5,2.38,Low
road-001,2026-09-23T02:00:00+00:00,17,45.1,0.38,Low
road-002,2026-09-23T02:00:00+00:00,30,29.7,1.01,Low
road-003,2026-09-23T02:00:00+00:00,52,19.5,2.67,Low
road-004,2026-09-23T02:00:00+00:00,25,36.3,0.69,Low
R001,2026-09-23T03:00:00+00:00,23,56.7,0.41,Low
R002,2026-09-23T03:00:00+00:00,28,43.6,0.64,Low
R003,2026-09-23T03:00:00+00:00,23,48.0,0.48,Low
R004,2026-09-23T03:00:00+00:00,12,68.3,0.18,Low
R005,2026-09-23T03:00:00+00:00,30,39.2,0.77,Low
R006,2026-09-23T03:00:00+00:00,45,35.5,1.27,Low
R007,2026-09-23T03:00:00+00:00,48,23.6,2.03,Low
road-001,2026-09-23T03:00:00+00:00,18,41.9,0.43,Low
road-002,2026-09-23T03:00:00+00:00,35,30.8,1.14,Low
road-003,2026-09-23T03:00:00+00:00,46,18.7,2.46,Low
road-004,2026-09-23T03:00:00+00:00,25,32.3,0.77,Low
R001,2026-09-23T04:00:00+00:00,23,56.7,0.41,Low
R002,2026-09-23T04:00:00+00:00,28,47.3,0.59,Low
R003,2026-09-23T04:00:00+00:00,27,52.4,0.52,Low
R004,2026-09-23T04:00:00+00:00,12,60.3,0.2,Low
R005,2026-09-23T04:00:00+00:00,30,37.8,0.79,Low
R006,2026-09-23T04:00:00+00:00,45,31.7,1.42,Low
R007,2026-09-23T04:00:00+00:00,51,25.8,1.98,Low
road-001,2026-09-23T04:00:00+00:00,15,41.0,0.37,Low
road-002,2026-09-23T04:00:00+00:00,34,30.6,1.11,Low
road-003,2026-09-23T04:00:00+00:00,53,20.3,2.61,Low
road-004,2026-09-23T04:00:00+00:00,22,33.7,0.65,Low
R001,2026-09-23T05:00:00+00:00,24,61.1,0.39,Low
R002,2026-09-23T05:00:00+00:00,27,45.8,0.59,Low
R003,2026-09-23T05:00:00+00:00,28,49.0,0.57,Low
R004,2026-09-23T05:00:00+00:00,11,64.2,0.17,Low
R005,2026-09-23T05:00:00+00:00,33,37.4,0.88,Low
R006,2026-09-23T05:00:00+00:00,44,35.4,1.24,Low
R007,2026-09-23T05:00:00+00:00,58,23.3,2.49,Low
road-001,2026-09-23T05:00:00+00:00,19,44.2,0.43,Low
road-002,2026-09-23T05:00:00+00:00,36,28.5,1.26,Low
road-003,2026-09-23T05:00:00+00:00,47,18.2,2.58,Low
road-004,2026-09-23T05:00:00+00:00,24,35.7,0.67,Low
R001,2026-09-23T06:00:00+00:00,38,54.5,0.7,Low
R002,2026-09-23T06:00:00+00:00,39,42.5,0.92,Low
R003,2026-09-23T06:00:00+00:00,38,51.1,0.74,Low
R004,2026-09-23T06:00:00+00:00,19,60.7,0.31,Low
R005,2026-09-23T06:00:00+00:00,42,38.9,1.08,Low
R006,2026-09-23T06:00:00+00:00,58,35.0,1.66,Low
R007,2026-09-23T06:00:00+00:00,79,22.2,3.56,Low
road-001,2026-09-23T06:00:00+00:00,24,42.3,0.57,Low
road-002,2026-09-23T06:00:00+00:00,49,29.5,1.66,Low
road-003,2026-09-23T06:00:00+00:00,76,18.8,4.04,Low
road-004,2026-09-23T06:00:00+00:00,37,34.4,1.08,Low
R001,2026-09-23T07:00:00+00:00,67,53.7,1.25,Low
R002,2026-09-23T07:00:00+00:00,79,38.6,2.05,Low
R003,2026-09-23T07:00:00+00:00,76,42.7,1.78,Low
R004,2026-09-23T07:00:00+00:00,39,57.7,0.68,Low
R005,2026-09-23T07:00:00+00:00,92,33.6,2.74,Low
R006,2026-09-23T07:00:00+00:00,124,27.6,4.49,Low
R007,2026-09-23T07:00:00+00:00,164,20.0,8.2,Low
road-001,2026-09-23T07:00:00+00:00,47,40.0,1.18,Low
road-002,2026-09-23T07:00:00+00:00,96,25.6,3.75,Low
road-003,2026-09-23T07:00:00+00:00,130,16.1,8.07,Low
road-004,2026-09-23T07:00:00+00:00,69,30.4,2.27,Low
R001,2026-09-23T08:00:00+00:00,112,52.2,2.15,Low
R002,2026-09-23T08:00:00+00:00,144,33.7,4.27,Low
R003,2026-09-23T08:00:00+00:00,125,38.3,3.26,Low
R004,2026-09-23T08:00:00+00:00,55,57.0,0.96,Low
R005,2026-09-23T08:00:00+00:00,137,30.3,4.52,Low
R006,2026-09-23T08:00:00+00:00,198,21.4,9.25,Low
R007,2026-09-23T08:00:00+00:00,273,12.9,21.16,High
road-001,2026-09-23T08:00:00+00:00,77,37.6,2.05,Low
road-002,2026-09-23T08:00:00+00:00,151,21.4,7.06,Low
road-003,2026-09-23T08:00:00+00:00,212,14.4,14.72,Medium
road-004,2026-09-23T08:00:00+00:00,114,23.7,4.81,Low
R001,2026-09-23T09:00:00+00:00,111,48.8,2.27,Low
R002,2026-09-23T09:00:00+00:00,145,32.5,4.46,Low
R003,2026-09-23T09:00:00+00:00,131,35.9,3.65,Low
R004,2026-09-23T09:00:00+00:00,58,61.7,0.94,Low
R005,2026-09-23T09:00:00+00:00,159,27.2,5.85,Low
R006,2026-09-23T09:00:00+00:00,220,20.5,10.73,Medium
R007,2026-09-23T09:00:00+00:00,256,13.4,19.1,Medium
road-001,2026-09-23T09:00:00+00:00,78,38.3,2.04,Low
road-002,2026-09-23T09:00:00+00:00,158,18.2,8.68,Low
road-003,2026-09-23T09:00:00+00:00,227,11.8,19.24,Medium
road-004,2026-09-23T09:00:00+00:00,119,23.9,4.98,Low
R001,2026-09-23T10:00:00+00:00,107,54.1,1.98,Low
R002,2026-09-23T10:00:00+00:00,130,30.8,4.22,Low
R003,2026-09-23T10:00:00+00:00,112,37.9,2.96,Low
R004,2026-09-23T10:00:00+00:00,48,61.9,0.78,Low
R005,2026-09-23T10:00:00+00:00,132,30.0,4.4,Low
R006,2026-09-23T10:00:00+00:00,169,25.4,6.65,Low
R007,2026-09-23T10:00:00+00:00,219,15.1,14.5,Medium
road-001,2026-09-23T10:00:00+00:00,73,38.4,1.9,Low
road-002,2026-09-23T10:00:00+00:00,129,21.1,6.11,Low
road-003,2026-09-23T10:00:00+00:00,217,12.2,17.79,Medium
road-004,2026-09-23T10:00:00+00:00,110,25.1,4.38,Low
R001,2026-09-23T11:00:00+00:00,60,53.8,1.12,Low
R002,2026-09-23T11:00:00+00:00,79,39.9,1.98,Low
R003,2026-09-23T11:00:00+00:00,71,45.0,1.58,Low
R004,2026-09-23T11:00:00+00:00,35,59.9,0.58,Low
R005,2026-09-23T11:00:00+00:00,85,32.8,2.59,Low
R006,2026-09-23T11:00:00+00:00,107,27.8,3.85,Low
R007,2026-09-23T11:00:00+00:00,135,20.9,6.46,Low
road-001,2026-09-23T11:00:00+00:00,44,41.7,1.06,Low
road-002,2026-09-23T11:00:00+00:00,92,25.6,3.59,Low
road-003,2026-09-23T11:00:00+00:00,143,15.3,9.35,Low
road-004,2026-09-23T11:00:00+00:00,71,31.1,2.28,Low
R001,2026-09-23T12:00:00+00:00,52,59.8,0.87,Low
R002,2026-09-23T12:00:00+00:00,66,40.4,1.63,Low
R003,2026-09-23T12:00:00+00:00,54,48.4,1.12,Low
R004,2026-09-23T12:00:00+00:00,28,62.5,0.45,Low
R005,2026-09-23T12:00:00+00:00,65,36.3,1.79,Low
R006,2026-09-23T12:00:00+00:00,97,32.7,2.97,Low
R007,2026-09-23T12:00:00+00:00,115,23.0,5.0,Low
road-001,2026-09-23T12:00:00+00:00,37,41.0,0.9,Low
road-002,2026-09-23T12:00:00+00:00,77,25.6,3.01,Low
road-003,2026-09-23T12:00:00+00:00,110,18.9,5.82,Low
road-004,2026-09-23T12:00:00+00:00,60,30.9,1.94,Low
R001,2026-09-23T13:00:00+00:00,52,61.3,0.85,Low
R002,2026-09-23T13:00:00+00:00,63,38.8,1.62,Low
R003,2026-09-23T13:00:00+00:00,53,46.1,1.15,Low
R004,2026-09-23T13:00:00+00:00,26,67.1,0.39,Low
R005,2026-09-23T13:00:00+00:00,67,36.9,1.82,Low
R006,2026-09-23T13:00:00+00:00,95,29.1,3.26,Low
R007,2026-09-23T13:00:00+00:00,124,22.2,5.59,Low
road-001,2026-09-23T13:00:00+00:00,36,42.6,0.85,Low
road-002,2026-09-23T13:00:00+00:00,72,26.9,2.68,Low
road-003,2026-09-23T13:00:00+00:00,100,17.3,5.78,Low
road-004,2026-09-23T13:00:00+00:00,55,31.8,1.73,Low
R001,2026-09-23T14:00:00+00:00,52,53.8,0.97,Low
R002,2026-09-23T14:00:00+00:00,68,42.4,1.6,Low
R003,2026-09-23T14:00:00+00:00,65,46.2,1.41,Low
R004,2026-09-23T14:00:00+00:00,26,67.5,0.39,Low
R005,2026-09-23T14:00:00+00:00,76,36.2,2.1,Low
R006,2026-09-23T14:00:00+00:00,103,31.4,3.28,Low
R007,2026-09-23T14:00:00+00:00,115,23.2,4.96,Low
road-001,2026-09-23T14:00:00+00:00,39,44.7,0.87,Low
road-002,2026-09-23T14:00:00+00:00,74,25.1,2.95,Low
road-003,2026-09-23T14:00:00+00:00,108,17.2,6.28,Low
road-004,2026-09-23T14:00:00+00:00,58,30.9,1.88,Low
R001,2026-09-23T15:00:00+00:00,65,54.8,1.19,Low
R002,2026-09-23T15:00:00+00:00,75,41.5,1.81,Low
R003,2026-09-23T15:00:00+00:00,70,48.2,1.45,Low
R004,2026-09-23T15:00:00+00:00,32,65.1,0.49,Low
R005,2026-09-23T15:00:00+00:00,90,35.4,2.54,Low
R006,2026-09-23T15:00:00+00:00,104,31.0,3.35,Low
R007,2026-09-23T15:00:00+00:00,134,21.6,6.2,Low
road-001,2026-09-23T15:00:00+00:00,44,40.9,1.08,Low
road-002,2026-09-23T15:00:00+00:00,87,26.9,3.23,Low
road-003,2026-09-23T15:00:00+00:00,127,17.1,7.43,Low
road-004,2026-09-23T15:00:00+00:00,62,29.4,2.11,Low
R001,2026-09-23T16:00:00+00:00,65,58.9,1.1,Low
R002,2026-09-23T16:00:00+00:00,70,38.7,1.81,Low
R003,2026-09-23T16:00:00+00:00,68,44.9,1.51,Low
R004,2026-09-23T16:00:00+00:00,34,61.5,0.55,Low
R005,2026-09-23T16:00:00+00:00,90,31.5,2.86,Low
R006,2026-09-23T16:00:00+00:00,119,29.7,4.01,Low
R007,2026-09-23T16:00:00+00:00,154,19.9,7.74,Low
road-001,2026-09-23T16:00:00+00:00,44,42.5,1.04,Low
road-002,2026-09-23T16:00:00+00:00,88,24.0,3.67,Low
road-003,2026-09-23T16:00:00+00:00,135,16.0,8.44,Low
road-004,2026-09-23T16:00:00+00:00,64,32.6,1.96,Low
R001,2026-09-23T17:00:00+00:00,104,48.4,2.15,Low
R002,2026-09-23T17:00:00+00:00,138,31.2,4.42,Low
R003,2026-09-23T17:00:00+00:00,128,36.7,3.49,Low
R004,2026-09-23T17:00:00+00:00,52,55.7,0.93,Low
R005,2026-09-23T17:00:00+00:00,135,27.5,4.91,Low
R006,2026-09-23T17:00:00+00:00,181,22.6,8.01,Low
R007,2026-09-23T17:00:00+00:00,247,15.2,16.25,Medium
road-001,2026-09-23T17:00:00+00:00,76,37.8,2.01,Low
road-002,2026-09-23T17:00:00+00:00,148,18.9,7.83,Low
road-003,2026-09-23T17:00:00+00:00,237,11.4,20.79,High
road-004,2026-09-23T17:00:00+00:00,119,24.6,4.84,Low
R001,2026-09-23T18:00:00+00:00,132,50.4,2.62,Low
R002,2026-09-23T18:00:00+00:00,174,26.5,6.57,Low
R003,2026-09-23T18:00:00+00:00,160,30.5,5.25,Low
R004,2026-09-23T18:00:00+00:00,68,55.6,1.22,Low
R005,2026-09-23T18:00:00+00:00,166,25.6,6.48,Low
R006,2026-09-23T18:00:00+00:00,251,15.6,16.09,Medium
R007,2026-09-23T18:00:00+00:00,313,9.4,33.3,Severe
road-001,2026-09-23T18:00:00+00:00,90,35.0,2.57,Low
road-002,2026-09-23T18:00:00+00:00,185,16.6,11.14,Medium
road-003,2026-09-23T18:00:00+00:00,251,11.5,21.83,High
road-004,2026-09-23T18:00:00+00:00,149,19.3,7.72,Low
R001,2026-09-23T19:00:00+00:00,101,51.3,1.97,Low
R002,2026-09-23T19:00:00+00:00,119,34.7,3.43,Low
R003,2026-09-23T19:00:00+00:00,129,38.7,3.33,Low
R004,2026-09-23T19:00:00+00:00,56,59.0,0.95,Low
R005,2026-09-23T19:00:00+00:00,144,28.8,5.0,Low
R006,2026-09-23T19:00:00+00:00,199,23.4,8.5,Low
R007,2026-09-23T19:00:00+00:00,258,14.0,18.43,Medium
road-001,2026-09-23T19:00:00+00:00,84,38.4,2.19,Low
road-002,2026-09-23T19:00:00+00:00,142,22.4,6.34,Low
road-003,2026-09-23T19:00:00+00:00,230,13.5,17.04,Medium
road-004,2026-09-23T19:00:00+00:00,118,24.9,4.74,Low
R001,2026-09-23T20:00:00+00:00,65,53.8,1.21,Low
R002,2026-09-23T20:00:00+00:00,76,42.1,1.81,Low
R003,2026-09-23T20:00:00+00:00,74,45.4,1.63,Low
R004,2026-09-23T20:00:00+00:00,30,63.8,0.47,Low
R005,2026-09-23T20:00:00+00:00,79,35.2,2.24,Low
R006,2026-09-23T20:00:00+00:00,119,30.4,3.91,Low
R007,2026-09-23T20:00:00+00:00,140,19.0,7.37,Low
road-001,2026-09-23T20:00:00+00:00,47,38.1,1.23,Low
road-002,2026-09-23T20:00:00+00:00,96,23.1,4.16,Low
road-003,2026-09-23T20:00:00+00:00,124,16.8,7.38,Low
road-004,2026-09-23T20:00:00+00:00,62,29.4,2.11,Low
R001,2026-09-23T21:00:00+00:00,37,56.6,0.65,Low
R002,2026-09-23T21:00:00+00:00,41,44.0,0.93,Low
R003,2026-09-23T21:00:00+00:00,41,48.2,0.85,Low
R004,2026-09-23T21:00:00+00:00,17,67.8,0.25,Low
R005,2026-09-23T21:00:00+00:00,48,35.6,1.35,Low
R006,2026-09-23T21:00:00+00:00,66,30.9,2.14,Low
R007,2026-09-23T21:00:00+00:00,73,21.6,3.38,Low
road-001,2026-09-23T21:00:00+00:00,26,45.9,0.57,Low
road-002,2026-09-23T21:00:00+00:00,52,28.2,1.84,Low
road-003,2026-09-23T21:00:00+00:00,78,18.0,4.33,Low
road-004,2026-09-23T21:00:00+00:00,34,31.8,1.07,Low
R001,2026-09-23T22:00:00+00:00,24,57.2,0.42,Low
R002,2026-09-23T22:00:00+00:00,29,42.2,0.69,Low
R003,2026-09-23T22:00:00+00:00,30,46.3,0.65,Low
R004,2026-09-23T22:00:00+00:00,12,60.6,0.2,Low
R005,2026-09-23T22:00:00+00:00,35,38.2,0.92,Low
R006,2026-09-23T22:00:00+00:00,48,32.8,1.46,Low
R007,2026-09-23T22:00:00+00:00,55,24.8,2.22,Low
road-001,2026-09-23T22:00:00+00:00,19,43.2,0.44,Low
road-002,2026-09-23T22:00:00+00:00,35,28.4,1.23,Low
road-003,2026-09-23T22:00:00+00:00,49,18.9,2.59,Low
road-004,2026-09-23T22:00:00+00:00,27,31.6,0.85,Low
R001,2026-09-23T23:00:00+00:00,22,63.1,0.35,Low
R002,2026-09-23T23:00:00+00:00,29,41.1,0.71,Low
R003,2026-09-23T23:00:00+00:00,27,45.8,0.59,Low
R004,2026-09-23T23:00:00+00:00,12,65.4,0.18,Low
R005,2026-09-23T23:00:00+00:00,31,37.6,0.82,Low
R006,2026-09-23T23:00:00+00:00,39,36.5,1.07,Low
R007,2026-09-23T23:00:00+00:00,55,23.4,2.35,Low
road-001,2026-09-23T23:00:00+00:00,16,41.5,0.39,Low
road-002,2026-09-23T23:00:00+00:00,33,26.7,1.24,Low
road-003,2026-09-23T23:00:00+00:00,51,18.9,2.7,Low
road-004,2026-09-23T23:00:00+00:00,25,33.1,0.76,Low
R001,2026-09-24T00:00:00+00:00,26,62.1,0.42,Low
R002,2026-09-24T00:00:00+00:00,27,46.3,0.58,Low
R003,2026-09-24T00:00:00+00:00,24,52.9,0.45,Low
R004,2026-09-24T00:00:00+00:00,11,65.9,0.17,Low
R005,2026-09-24T00:00:00+00:00,29,38.7,0.75,Low
R006,2026-09-24T00:00:00+00:00,45,32.4,1.39,Low
R007,2026-09-24T00:00:00+00:00,53,23.3,2.27,Low
road-001,2026-09-24T00:00:00+00:00,15,42.6,0.35,Low
road-002,2026-09-24T00:00:00+00:00,33,27.3,1.21,Low
road-003,2026-09-24T00:00:00+00:00,44,20.0,2.2,Low
road-004,2026-09-24T00:00:00+00:00,25,31.5,0.79,Low
R001,2026-09-24T01:00:00+00:00,25,62.4,0.4,Low
R002,2026-09-24T01:00:00+00:00,28,42.9,0.65,Low
R003,2026-09-24T01:00:00+00:00,25,46.2,0.54,Low
R004,2026-09-24T01:00:00+00:00,11,68.9,0.16,Low
R005,2026-09-24T01:00:00+00:00,32,40.2,0.8,Low
R006,2026-09-24T01:00:00+00:00,44,31.9,1.38,Low
R007,2026-09-24T01:00:00+00:00,55,22.4,2.46,Low
road-001,2026-09-24T01:00:00+00:00,15,44.3,0.34,Low
road-002,2026-09-24T01:00:00+00:00,31,29.7,1.04,Low
road-003,2026-09-24T01:00:00+00:00,51,18.5,2.76,Low
road-004,2026-09-24T01:00:00+00:00,23,35.6,0.65,Low
R001,2026-09-24T02:00:00+00:00,23,62.8,0.37,Low
R002,2026-09-24T02:00:00+00:00,25,46.6,0.54,Low
R003,2026-09-24T02:00:00+00:00,28,45.2,0.62,Low
R004,2026-09-24T02:00:00+00:00,11,65.4,0.17,Low
R005,2026-09-24T02:00:00+00:00,30,36.7,0.82,Low
R006,2026-09-24T02:00:00+00:00,37,36.1,1.02,Low
R007,2026-09-24T02:00:00+00:00,47,26.0,1.81,Low
road-001,2026-09-24T02:00:00+00:00,15,44.2,0.34,Low
road-002,2026-09-24T02:00:00+00:00,36,30.5,1.18,Low
road-003,2026-09-24T02:00:00+00:00,48,18.2,2.64,Low
road-004,2026-09-24T02:00:00+00:00,24,34.7,0.69,Low
R001,2026-09-24T03:00:00+00:00,23,58.8,0.39,Low
R002,2026-09-24T03:00:00+00:00,30,41.1,0.73,Low
R003,2026-09-24T03:00:00+00:00,26,47.8,0.54,Low
R004,2026-09-24T03:00:00+00:00,12,66.6,0.18,Low
R005,2026-09-24T03:00:00+00:00,29,40.4,0.72,Low
R006,2026-09-24T03:00:00+00:00,44,32.0,1.38,Low
R007,2026-09-24T03:00:00+00:00,49,22.7,2.16,Low
road-001,2026-09-24T03:00:00+00:00,18,42.2,0.43,Low
road-002,2026-09-24T03:00:00+00:00,30,27.2,1.1,Low
road-003,2026-09-24T03:00:00+00:00,47,20.5,2.29,Low
road-004,2026-09-24T03:00:00+00:00,22,32.6,0.67,Low
R001,2026-09-24T04:00:00+00:00,22,60.7,0.36,Low
R002,2026-09-24T04:00:00+00:00,27,47.2,0.57,Low
R003,2026-09-24T04:00:00+00:00,27,48.9,0.55,Low
R004,2026-09-24T04:00:00+00:00,12,68.3,0.18,Low
R005,2026-09-24T04:00:00+00:00,31,36.5,0.85,Low
R006,2026-09-24T04:00:00+00:00,41,34.6,1.18,Low
R007,2026-09-24T04:00:00+00:00,53,25.6,2.07,Low
road-001,2026-09-24T04:00:00+00:00,15,47.2,0.32,Low
road-002,2026-09-24T04:00:00+00:00,32,26.9,1.19,Low
road-003,2026-09-24T04:00:00+00:00,45,18.4,2.45,Low
road-004,2026-09-24T04:00:00+00:00,22,31.6,0.7,Low
R001,2026-09-24T05:00:00+00:00,27,55.7,0.48,Low
R002,2026-09-24T05:00:00+00:00,28,44.3,0.63,Low
R003,2026-09-24T05:00:00+00:00,27,47.5,0.57,Low
R004,2026-09-24T05:00:00+00:00,13,67.5,0.19,Low
R005,2026-09-24T05:00:00+00:00,32,38.4,0.83,Low
R006,2026-09-24T05:00:00+00:00,42,34.4,1.22,Low
R007,2026-09-24T05:00:00+00:00,56,22.4,2.5,Low
road-001,2026-09-24T05:00:00+00:00,17,46.1,0.37,Low
road-002,2026-09-24T05:00:00+00:00,38,28.0,1.36,Low
road-003,2026-09-24T05:00:00+00:00,55,18.4,2.99,Low
road-004,2026-09-24T05:00:00+00:00,27,33.7,0.8,Low
R001,2026-09-24T06:00:00+00:00,37,59.7,0.62,Low
R002,2026-09-24T06:00:00+00:00,44,41.6,1.06,Low
R003,2026-09-24T06:00:00+00:00,39,44.5,0.88,Low
R004,2026-09-24T06:00:00+00:00,17,65.3,0.26,Low
R005,2026-09-24T06:00:00+00:00,50,35.3,1.42,Low
R006,2026-09-24T06:00:00+00:00,60,32.6,1.84,Low
R007,2026-09-24T06:00:00+00:00,73,23.5,3.11,Low
road-001,2026-09-24T06:00:00+00:00,24,46.3,0.52,Low
road-002,2026-09-24T06:00:00+00:00,48,27.9,1.72,Low
road-003,2026-09-24T06:00:00+00:00,80,17.2,4.65,Low
road-004,2026-09-24T06:00:00+00:00,39,32.9,1.19,Low
R001,2026-09-24T07:00:00+00:00,70,59.2,1.18,Low
R002,2026-09-24T07:00:00+00:00,92,36.1,2.55,Low
R003,2026-09-24T07:00:00+00:00,83,41.4,2.0,Low
R004,2026-09-24T07:00:00+00:00,32,64.4,0.5,Low
R005,2026-09-24T07:00:00+00:00,87,34.8,2.5,Low
R006,2026-09-24T07:00:00+00:00,117,30.7,3.81,Low
R007,2026-09-24T07:00:00+00:00,157,20.7,7.58,Low
road-001,2026-09-24T07:00:00+00:00,49,39.4,1.24,Low
road-002,2026-09-24T07:00:00+00:00,108,24.2,4.46,Low
road-003,2026-09-24T07:00:00+00:00,140,15.4,9.09,Low
road-004,2026-09-24T07:00:00+00:00,67,30.9,2.17,Low
R001,2026-09-24T08:00:00+00:00,120,52.1,2.3,Low
R002,2026-09-24T08:00:00+00:00,144,29.5,4.88,Low
R003,2026-09-24T08:00:00+00:00,138,36.3,3.8,Low
R004,2026-09-24T08:00:00+00:00,63,54.9,1.15,Low
R005,2026-09-24T08:00:00+00:00,160,27.5,5.82,Low
R006,2026-09-24T08:00:00+00:00,197,23.4,8.42,Low
R007,2026-09-24T08:00:00+00:00,279,13.3,20.98,High
road-001,2026-09-24T08:00:00+00:00,82,34.6,2.37,Low
road-002,2026-09-24T08:00:00+00:00,176,16.2,10.86,Medium
road-003,2026-09-24T08:00:00+00:00,223,13.0,17.15,Medium
road-004,2026-09-24T08:00:00+00:00,113,26.3,4.3,Low
R001,2026-09-24T09:00:00+00:00,120,53.0,2.26,Low
R002,2026-09-24T09:00:00+00:00,125,33.4,3.74,Low
R003,2026-09-24T09:00:00+00:00,118,40.6,2.91,Low
R004,2026-09-24T09:00:00+00:00,62,60.0,1.03,Low
R005,2026-09-24T09:00:00+00:00,160,24.6,6.5,Low
R006,2026-09-24T09:00:00+00:00,218,20.3,10.74,Medium
R007,2026-09-24T09:00:00+00:00,249,13.8,18.04,Medium
road-001,2026-09-24T09:00:00+00:00,89,33.2,2.68,Low
road-002,2026-09-24T09:00:00+00:00,177,16.9,10.47,Medium
road-003,2026-09-24T09:00:00+00:00,254,10.7,23.74,High
road-004,2026-09-24T09:00:00+00:00,123,24.8,4.96,Low
R001,2026-09-24T10:00:00+00:00,95,52.0,1.83,Low
R002,2026-09-24T10:00:00+00:00,123,35.6,3.46,Low
R003,2026-09-24T10:00:00+00:00,99,38.8,2.55,Low
R004,2026-09-24T10:00:00+00:00,49,55.7,0.88,Low
R005,2026-09-24T10:00:00+00:00,131,29.2,4.49,Low
R006,2026-09-24T10:00:00+00:00,184,22.5,8.18,Low
R007,2026-09-24T10:00:00+00:00,204,17.9,11.4,Medium
road-001,2026-09-24T10:00:00+00:00,71,35.7,1.99,Low
road-002,2026-09-24T10:00:00+00:00,153,21.3,7.18,Low
road-003,2026-09-24T10:00:00+00:00,197,13.6,14.49,Medium
road-004,2026-09-24T10:00:00+00:00,112,24.3,4.61,Low
R001,2026-09-24T11:00:00+00:00,71,51.7,1.37,Low
R002,2026-09-24T11:00:00+00:00,77,40.2,1.92,Low
R003,2026-09-24T11:00:00+00:00,77,45.4,1.7,Low
R004,2026-09-24T11:00:00+00:00,35,64.2,0.55,Low
R005,2026-09-24T11:00:00+00:00,78,32.9,2.37,Low
R006,2026-09-24T11:00:00+00:00,128,28.6,4.48,Low
R007,2026-09-24T11:00:00+00:00,147,19.8,7.42,Low
road-001,2026-09-24T11:00:00+00:00,50,42.1,1.19,Low
road-002,2026-09-24T11:00:00+00:00,97,26.8,3.62,Low
road-003,2026-09-24T11:00:00+00:00,131,17.2,7.62,Low
road-004,2026-09-24T11:00:00+00:00,71,28.8,2.47,Low
R001,2026-09-24T12:00:00+00:00,58,54.4,1.07,Low
R002,2026-09-24T12:00:00+00:00,61,41.3,1.48,Low
R003,2026-09-24T12:00:00+00:00,59,48.5,1.22,Low
R004,2026-09-24T12:00:00+00:00,30,58.2,0.52,Low
R005,2026-09-24T12:00:00+00:00,64,38.2,1.68,Low
R006,2026-09-24T12:00:00+00:00,92,30.8,2.99,Low
R007,2026-09-24T12:00:00+00:00,122,22.0,5.55,Low
road-001,2026-09-24T12:00:00+00:00,36,44.5,0.81,Low
road-002,2026-09-24T12:00:00+00:00,79,26.5,2.98,Low
road-003,2026-09-24T12:00:00+00:00,118,16.9,6.98,Low
road-004,2026-09-24T12:00:00+00:00,55,33.6,1.64,Low
R001,2026-09-24T13:00:00+00:00,53,57.8,0.92,Low
R002,2026-09-24T13:00:00+00:00,64,42.8,1.5,Low
R003,2026-09-24T13:00:00+00:00,64,46.0,1.39,Low
R004,2026-09-24T13:00:00+00:00,25,65.7,0.38,Low
R005,2026-09-24T13:00:00+00:00,66,37.2,1.77,Low
R006,2026-09-24T13:00:00+00:00,102,29.8,3.42,Low
R007,2026-09-24T13:00:00+00:00,115,22.6,5.09,Low
road-001,2026-09-24T13:00:00+00:00,37,44.5,0.83,Low
road-002,2026-09-24T13:00:00+00:00,79,26.6,2.97,Low
road-003,2026-09-24T13:00:00+00:00,109,18.8,5.8,Low
road-004,2026-09-24T13:00:00+00:00,57,31.9,1.79,Low
R001,2026-09-24T14:00:00+00:00,59,57.9,1.02,Low
R002,2026-09-24T14:00:00+00:00,59,41.8,1.41,Low
R003,2026-09-24T14:00:00+00:00,54,49.8,1.08,Low
R004,2026-09-24T14:00:00+00:00,25,67.2,0.37,Low
R005,2026-09-24T14:00:00+00:00,74,36.8,2.01,Low
R006,2026-09-24T14:00:00+00:00,105,28.7,3.66,Low
R007,2026-09-24T14:00:00+00:00,129,20.6,6.26,Low
road-001,2026-09-24T14:00:00+00:00,43,40.2,1.07,Low
road-002,2026-09-24T14:00:00+00:00,76,24.6,3.09,Low
road-003,2026-09-24T14:00:00+00:00,111,18.9,5.87,Low
road-004,2026-09-24T14:00:00+00:00,53,33.1,1.6,Low
R001,2026-09-24T15:00:00+00:00,62,58.5,1.06,Low
R002,2026-09-24T15:00:00+00:00,77,38.5,2.0,Low
R003,2026-09-24T15:00:00+00:00,70,43.7,1.6,Low
R004,2026-09-24T15:00:00+00:00,35,65.1,0.54,Low
R005,2026-09-24T15:00:00+00:00,88,33.2,2.65,Low
R006,2026-09-24T15:00:00+00:00,118,30.1,3.92,Low
R007,2026-09-24T15:00:00+00:00,152,19.1,7.96,Low
road-001,2026-09-24T15:00:00+00:00,49,38.6,1.27,Low
road-002,2026-09-24T15:00:00+00:00,94,25.7,3.66,Low
road-003,2026-09-24T15:00:00+00:00,127,16.9,7.51,Low
road-004,2026-09-24T15:00:00+00:00,61,30.3,2.01,Low
R001,2026-09-24T16:00:00+00:00,62,57.9,1.07,Low
R002,2026-09-24T16:00:00+00:00,74,41.9,1.77,Low
R003,2026-09-24T16:00:00+00:00,77,45.8,1.68,Low
R004,2026-09-24T16:00:00+00:00,35,59.9,0.58,Low
R005,2026-09-24T16:00:00+00:00,76,35.8,2.12,Low
R006,2026-09-24T16:00:00+00:00,124,29.4,4.22,Low
R007,2026-09-24T16:00:00+00:00,144,21.2,6.79,Low
road-001,2026-09-24T16:00:00+00:00,47,40.7,1.15,Low
road-002,2026-09-24T16:00:00+00:00,94,23.9,3.93,Low
road-003,2026-09-24T16:00:00+00:00,121,17.4,6.95,Low
road-004,2026-09-24T16:00:00+00:00,70,29.5,2.37,Low
R001,2026-09-24T17:00:00+00:00,107,52.8,2.03,Low
R002,2026-09-24T17:00:00+00:00,132,32.4,4.07,Low
R003,2026-09-24T17:00:00+00:00,132,34.3,3.85,Low
R004,2026-09-24T17:00:00+00:00,61,60.2,1.01,Low
R005,2026-09-24T17:00:00+00:00,151,26.0,5.81,Low
R006,2026-09-24T17:00:00+00:00,200,20.2,9.9,Low
R007,2026-09-24T17:00:00+00:00,268,13.2,20.3,High
road-001,2026-09-24T17:00:00+00:00,72,38.5,1.87,Low
road-002,2026-09-24T17:00:00+00:00,160,18.6,8.6,Low
road-003,2026-09-24T17:00:00+00:00,225,13.5,16.67,Medium
road-004,2026-09-24T17:00:00+00:00,123,22.2,5.54,Low
R001,2026-09-24T18:00:00+00:00,130,49.2,2.64,Low
R002,2026-09-24T18:00:00+00:00,151,27.9,5.41,Low
R003,2026-09-24T18:00:00+00:00,141,32.5,4.34,Low
R004,2026-09-24T18:00:00+00:00,70,58.6,1.19,Low
R005,2026-09-24T18:00:00+00:00,169,24.6,6.87,Low
R006,2026-09-24T18:00:00+00:00,244,16.8,14.52,Medium
R007,2026-09-24T18:00:00+00:00,319,9.9,32.22,Severe
road-001,2026-09-24T18:00:00+00:00,100,36.0,2.78,Low
road-002,2026-09-24T18:00:00+00:00,207,14.7,14.08,Medium
road-003,2026-09-24T18:00:00+00:00,287,10.3,27.86,High
road-004,2026-09-24T18:00:00+00:00,146,19.0,7.68,Low
R001,2026-09-24T19:00:00+00:00,109,54.1,2.01,Low
R002,2026-09-24T19:00:00+00:00,143,30.5,4.69,Low
R003,2026-09-24T19:00:00+00:00,118,41.5,2.84,Low
R004,2026-09-24T19:00:00+00:00,52,62.4,0.83,Low
R005,2026-09-24T19:00:00+00:00,154,25.4,6.06,Low
R006,2026-09-24T19:00:00+00:00,198,20.6,9.61,Low
R007,2026-09-24T19:00:00+00:00,267,13.9,19.21,Medium
road-001,2026-09-24T19:00:00+00:00,80,36.9,2.17,Low
road-002,2026-09-24T19:00:00+00:00,149,21.3,7.0,Low
road-003,2026-09-24T19:00:00+00:00,230,13.0,17.69,Medium
road-004,2026-09-24T19:00:00+00:00,117,24.6,4.76,Low
R001,2026-09-24T20:00:00+00:00,66,60.0,1.1,Low
R002,2026-09-24T20:00:00+00:00,76,40.2,1.89,Low
R003,2026-09-24T20:00:00+00:00,65,46.2,1.41,Low
R004,2026-09-24T20:00:00+00:00,32,61.5,0.52,Low
R005,2026-09-24T20:00:00+00:00,89,32.3,2.76,Low
R006,2026-09-24T20:00:00+00:00,116,29.4,3.95,Low
R007,2026-09-24T20:00:00+00:00,130,20.5,6.34,Low
road-001,2026-09-24T20:00:00+00:00,50,38.7,1.29,Low
road-002,2026-09-24T20:00:00+00:00,93,23.5,3.96,Low
road-003,2026-09-24T20:00:00+00:00,137,16.8,8.15,Low
road-004,2026-09-24T20:00:00+00:00,71,30.9,2.3,Low
R001,2026-09-24T21:00:00+00:00,37,58.1,0.64,Low
R002,2026-09-24T21:00:00+00:00,43,45.8,0.94,Low
R003,2026-09-24T21:00:00+00:00,42,45.4,0.93,Low
R004,2026-09-24T21:00:00+00:00,17,64.3,0.26,Low
R005,2026-09-24T21:00:00+00:00,46,36.8,1.25,Low
R006,2026-09-24T21:00:00+00:00,63,34.6,1.82,Low
R007,2026-09-24T21:00:00+00:00,84,21.6,3.89,Low
road-001,2026-09-24T21:00:00+00:00,25,44.9,0.56,Low
road-002,2026-09-24T21:00:00+00:00,47,26.1,1.8,Low
road-003,2026-09-24T21:00:00+00:00,73,19.3,3.78,Low
road-004,2026-09-24T21:00:00+00:00,34,31.3,1.09,Low
R001,2026-09-24T22:00:00+00:00,28,59.9,0.47,Low
R002,2026-09-24T22:00:00+00:00,30,45.3,0.66,Low
R003,2026-09-24T22:00:00+00:00,29,46.7,0.62,Low
R004,2026-09-24T22:00:00+00:00,13,66.9,0.19,Low
R005,2026-09-24T22:00:00+00:00,30,36.9,0.81,Low
R006,2026-09-24T22:00:00+00:00,47,33.5,1.4,Low
R007,2026-09-24T22:00:00+00:00,52,22.4,2.32,Low
road-001,2026-09-24T22:00:00+00:00,20,44.5,0.45,Low
road-002,2026-09-24T22:00:00+00:00,39,28.2,1.38,Low
road-003,2026-09-24T22:00:00+00:00,51,19.8,2.58,Low
road-004,2026-09-24T22:00:00+00:00,24,33.1,0.73,Low
R001,2026-09-24T23:00:00+00:00,22,57.8,0.38,Low
R002,2026-09-24T23:00:00+00:00,29,46.4,0.62,Low
R003,2026-09-24T23:00:00+00:00,26,46.4,0.56,Low
R004,2026-09-24T23:00:00+00:00,11,61.6,0.18,Low
R005,2026-09-24T23:00:00+00:00,33,39.5,0.84,Low
R006,2026-09-24T23:00:00+00:00,41,35.1,1.17,Low
R007,2026-09-24T23:00:00+00:00,52,22.2,2.34,Low
road-001,2026-09-24T23:00:00+00:00,17,47.6,0.36,Low
road-002,2026-09-24T23:00:00+00:00,30,28.5,1.05,Low
road-003,2026-09-24T23:00:00+00:00,45,20.8,2.16,Low
road-004,2026-09-24T23:00:00+00:00,24,31.3,0.77,Low
R001,2026-09-25T00:00:00+00:00,23,54.6,0.42,Low
R002,2026-09-25T00:00:00+00:00,30,44.1,0.68,Low
R003,2026-09-25T00:00:00+00:00,27,52.3,0.52,Low
R004,2026-09-25T00:00:00+00:00,11,65.7,0.17,Low
R005,2026-09-25T00:00:00+00:00,28,37.2,0.75,Low
R006,2026-09-25T00:00:00+00:00,40,35.8,1.12,Low
R007,2026-09-25T00:00:00+00:00,56,24.3,2.3,Low
road-001,2026-09-25T00:00:00+00:00,17,47.0,0.36,Low
road-002,2026-09-25T00:00:00+00:00,34,30.7,1.11,Low
road-003,2026-09-25T00:00:00+00:00,44,18.3,2.4,Low
road-004,2026-09-25T00:00:00+00:00,25,31.4,0.8,Low
R001,2026-09-25T01:00:00+00:00,21,59.6,0.35,Low
R002,2026-09-25T01:00:00+00:00,30,46.8,0.64,Low
R003,2026-09-25T01:00:00+00:00,27,47.3,0.57,Low
R004,2026-09-25T01:00:00+00:00,11,62.9,0.17,Low
R005,2026-09-25T01:00:00+00:00,28,39.1,0.72,Low
R006,2026-09-25T01:00:00+00:00,45,33.6,1.34,Low
R007,2026-09-25T01:00:00+00:00,53,25.9,2.05,Low
road-001,2026-09-25T01:00:00+00:00,18,47.2,0.38,Low
road-002,2026-09-25T01:00:00+00:00,35,29.1,1.2,Low
road-003,2026-09-25T01:00:00+00:00,46,19.2,2.4,Low
road-004,2026-09-25T01:00:00+00:00,22,34.4,0.64,Low
R001,2026-09-25T02:00:00+00:00,23,57.8,0.4,Low
R002,2026-09-25T02:00:00+00:00,26,46.2,0.56,Low
R003,2026-09-25T02:00:00+00:00,24,48.2,0.5,Low
R004,2026-09-25T02:00:00+00:00,11,68.7,0.16,Low
R005,2026-09-25T02:00:00+00:00,32,40.6,0.79,Low
R006,2026-09-25T02:00:00+00:00,45,34.7,1.3,Low
R007,2026-09-25T02:00:00+00:00,55,22.4,2.46,Low
road-001,2026-09-25T02:00:00+00:00,17,45.4,0.37,Low
road-002,2026-09-25T02:00:00+00:00,31,29.2,1.06,Low
road-003,2026-09-25T02:00:00+00:00,48,19.4,2.47,Low
road-004,2026-09-25T02:00:00+00:00,23,34.3,0.67,Low
R001,2026-09-25T03:00:00+00:00,22,57.5,0.38,Low
R002,2026-09-25T03:00:00+00:00,27,41.8,0.65,Low
R003,2026-09-25T03:00:00+00:00,28,48.1,0.58,Low
R004,2026-09-25T03:00:00+00:00,11,60.1,0.18,Low
R005,2026-09-25T03:00:00+00:00,27,36.5,0.74,Low
R006,2026-09-25T03:00:00+00:00,42,34.3,1.22,Low
R007,2026-09-25T03:00:00+00:00,49,26.0,1.88,Low
road-001,2026-09-25T03:00:00+00:00,17,46.1,0.37,Low
road-002,2026-09-25T03:00:00+00:00,34,29.1,1.17,Low
road-003,2026-09-25T03:00:00+00:00,43,20.8,2.07,Low
road-004,2026-09-25T03:00:00+00:00,23,34.5,0.67,Low
R001,2026-09-25T04:00:00+00:00,26,59.3,0.44,Low
R002,2026-09-25T04:00:00+00:00,28,45.5,0.62,Low
R003,2026-09-25T04:00:00+00:00,26,45.3,0.57,Low
R004,2026-09-25T04:00:00+00:00,11,61.2,0.18,Low
R005,2026-09-25T04:00:00+00:00,32,35.9,0.89,Low
R006,2026-09-25T04:00:00+00:00,44,35.6,1.24,Low
R007,2026-09-25T04:00:00+00:00,54,24.0,2.25,Low
road-001,2026-09-25T04:00:00+00:00,15,43.4,0.35,Low
road-002,2026-09-25T04:00:00+00:00,34,30.8,1.1,Low
road-003,2026-09-25T04:00:00+00:00,44,20.8,2.12,Low
road-004,2026-09-25T04:00:00+00:00,26,35.0,0.74,Low
R001,2026-09-25T05:00:00+00:00,23,56.3,0.41,Low
R002,2026-09-25T05:00:00+00:00,28,44.8,0.62,Low
R003,2026-09-25T05:00:00+00:00,25,52.2,0.48,Low
R004,2026-09-25T05:00:00+00:00,12,66.3,0.18,Low
R005,2026-09-25T05:00:00+00:00,34,35.5,0.96,Low
R006,2026-09-25T05:00:00+00:00,42,35.4,1.19,Low
R007,2026-09-25T05:00:00+00:00,59,25.6,2.3,Low
road-001,2026-09-25T05:00:00+00:00,19,46.4,0.41,Low
road-002,2026-09-25T05:00:00+00:00,34,30.5,1.11,Low
road-003,2026-09-25T05:00:00+00:00,46,18.2,2.53,Low
road-004,2026-09-25T05:00:00+00:00,24,34.9,0.69,Low
R001,2026-09-25T06:00:00+00:00,39,57.3,0.68,Low
R002,2026-09-25T06:00:00+00:00,43,45.2,0.95,Low
R003,2026-09-25T06:00:00+00:00,40,45.5,0.88,Low
R004,2026-09-25T06:00:00+00:00,19,66.1,0.29,Low
R005,2026-09-25T06:00:00+00:00,43,39.2,1.1,Low
R006,2026-09-25T06:00:00+00:00,63,32.2,1.96,Low
R007,2026-09-25T06:00:00+00:00,75,24.8,3.02,Low
road-001,2026-09-25T06:00:00+00:00,27,43.4,0.62,Low
road-002,2026-09-25T06:00:00+00:00,51,28.6,1.78,Low
road-003,2026-09-25T06:00:00+00:00,71,19.3,3.68,Low
road-004,2026-09-25T06:00:00+00:00,36,34.0,1.06,Low
R001,2026-09-25T07:00:00+00:00,68,56.7,1.2,Low
R002,2026-09-25T07:00:00+00:00,77,42.2,1.82,Low
R003,2026-09-25T07:00:00+00:00,78,41.7,1.87,Low
R004,2026-09-25T07:00:00+00:00,34,66.2,0.51,Low
R005,2026-09-25T07:00:00+00:00,85,35.4,2.4,Low
R006,2026-09-25T07:00:00+00:00,137,27.0,5.07,Low
R007,2026-09-25T07:00:00+00:00,157,19.1,8.22,Low
road-001,2026-09-25T07:00:00+00:00,51,38.4,1.33,Low
road-002,2026-09-25T07:00:00+00:00,91,26.7,3.41,Low
road-003,2026-09-25T07:00:00+00:00,155,17.0,9.12,Low
road-004,2026-09-25T07:00:00+00:00,72,29.7,2.42,Low
R001,2026-09-25T08:00:00+00:00,109,54.8,1.99,Low
R002,2026-09-25T08:00:00+00:00,136,30.3,4.49,Low
R003,2026-09-25T08:00:00+00:00,120,40.4,2.97,Low
R004,2026-09-25T08:00:00+00:00,55,60.9,0.9,Low
R005,2026-09-25T08:00:00+00:00,156,25.1,6.22,Low
R006,2026-09-25T08:00:00+00:00,210,20.4,10.29,Medium
R007,2026-09-25T08:00:00+00:00,237,15.5,15.29,Medium
road-001,2026-09-25T08:00:00+00:00,75,40.4,1.86,Low
road-002,2026-09-25T08:00:00+00:00,170,17.3,9.83,Low
road-003,2026-09-25T08:00:00+00:00,222,12.6,17.62,Medium
road-004,2026-09-25T08:00:00+00:00,119,25.5,4.67,Low
R001,2026-09-25T09:00:00+00:00,114,53.8,2.12,Low
R002,2026-09-25T09:00:00+00:00,149,29.8,5.0,Low
R003,2026-09-25T09:00:00+00:00,120,39.2,3.06,Low
R004,2026-09-25T09:00:00+00:00,57,54.9,1.04,Low
R005,2026-09-25T09:00:00+00:00,141,26.2,5.38,Low
R006,2026-09-25T09:00:00+00:00,193,21.3,9.06,Low
R007,2026-09-25T09:00:00+00:00,263,13.5,19.48,Medium
road-001,2026-09-25T09:00:00+00:00,89,33.2,2.68,Low
road-002,2026-09-25T09:00:00+00:00,153,20.0,7.65,Low
road-003,2026-09-25T09:00:00+00:00,238,11.5,20.7,High
road-004,2026-09-25T09:00:00+00:00,128,20.9,6.12,Low
R001,2026-09-25T10:00:00+00:00,105,50.6,2.08,Low
R002,2026-09-25T10:00:00+00:00,120,35.2,3.41,Low
R003,2026-09-25T10:00:00+00:00,103,43.6,2.36,Low
R004,2026-09-25T10:00:00+00:00,49,56.1,0.87,Low
R005,2026-09-25T10:00:00+00:00,117,29.7,3.94,Low
R006,2026-09-25T10:00:00+00:00,174,24.4,7.13,Low
R007,2026-09-25T10:00:00+00:00,235,16.0,14.69,Medium
road-001,2026-09-25T10:00:00+00:00,66,37.3,1.77,Low
road-002,2026-09-25T10:00:00+00:00,144,21.0,6.86,Low
road-003,2026-09-25T10:00:00+00:00,186,14.9,12.48,Medium
road-004,2026-09-25T10:00:00+00:00,110,26.8,4.1,Low
R001,2026-09-25T11:00:00+00:00,68,53.5,1.27,Low
R002,2026-09-25T11:00:00+00:00,79,39.1,2.02,Low
R003,2026-09-25T11:00:00+00:00,75,45.5,1.65,Low
R004,2026-09-25T11:00:00+00:00,34,60.3,0.56,Low
R005,2026-09-25T11:00:00+00:00,91,33.6,2.71,Low
R006,2026-09-25T11:00:00+00:00,126,26.8,4.7,Low
R007,2026-09-25T11:00:00+00:00,145,19.9,7.29,Low
road-001,2026-09-25T11:00:00+00:00,43,42.8,1.0,Low
road-002,2026-09-25T11:00:00+00:00,85,27.8,3.06,Low
road-003,2026-09-25T11:00:00+00:00,146,17.2,8.49,Low
road-004,2026-09-25T11:00:00+00:00,64,28.2,2.27,Low
R001,2026-09-25T12:00:00+00:00,59,53.1,1.11,Low
R002,2026-09-25T12:00:00+00:00,64,42.3,1.51,Low
R003,2026-09-25T12:00:00+00:00,60,43.9,1.37,Low
R004,2026-09-25T12:00:00+00:00,27,66.2,0.41,Low
R005,2026-09-25T12:00:00+00:00,67,38.7,1.73,Low
R006,2026-09-25T12:00:00+00:00,95,30.2,3.15,Low
R007,2026-09-25T12:00:00+00:00,126,21.0,6.0,Low
road-001,2026-09-25T12:00:00+00:00,38,41.5,0.92,Low
road-002,2026-09-25T12:00:00+00:00,73,26.3,2.78,Low
road-003,2026-09-25T12:00:00+00:00,116,16.5,7.03,Low
road-004,2026-09-25T12:00:00+00:00,52,30.2,1.72,Low
R001,2026-09-25T13:00:00+00:00,51,60.5,0.84,Low
R002,2026-09-25T13:00:00+00:00,65,41.6,1.56,Low
R003,2026-09-25T13:00:00+00:00,63,45.9,1.37,Low
R004,2026-09-25T13:00:00+00:00,28,61.7,0.45,Low
R005,2026-09-25T13:00:00+00:00,69,34.3,2.01,Low
R006,2026-09-25T13:00:00+00:00,88,29.2,3.01,Low
R007,2026-09-25T13:00:00+00:00,121,20.8,5.82,Low
road-001,2026-09-25T13:00:00+00:00,41,43.9,0.93,Low
road-002,2026-09-25T13:00:00+00:00,76,24.6,3.09,Low
road-003,2026-09-25T13:00:00+00:00,102,17.9,5.7,Low
road-004,2026-09-25T13:00:00+00:00,50,31.3,1.6,Low
R001,2026-09-25T14:00:00+00:00,56,53.7,1.04,Low
R002,2026-09-25T14:00:00+00:00,64,42.2,1.52,Low
R003,2026-09-25T14:00:00+00:00,59,47.2,1.25,Low
R004,2026-09-25T14:00:00+00:00,26,65.3,0.4,Low
R005,2026-09-25T14:00:00+00:00,71,33.8,2.1,Low
R006,2026-09-25T14:00:00+00:00,96,31.9,3.01,Low
R007,2026-09-25T14:00:00+00:00,114,21.4,5.33,Low
road-001,2026-09-25T14:00:00+00:00,39,44.8,0.87,Low
road-002,2026-09-25T14:00:00+00:00,71,28.7,2.47,Low
road-003,2026-09-25T14:00:00+00:00,108,18.8,5.74,Low
road-004,2026-09-25T14:00:00+00:00,57,32.4,1.76,Low
R001,2026-09-25T15:00:00+00:00,70,56.8,1.23,Low
R002,2026-09-25T15:00:00+00:00,81,36.6,2.21,Low
R003,2026-09-25T15:00:00+00:00,64,48.1,1.33,Low
R004,2026-09-25T15:00:00+00:00,30,65.9,0.46,Low
R005,2026-09-25T15:00:00+00:00,79,37.3,2.12,Low
R006,2026-09-25T15:00:00+00:00,108,28.0,3.86,Low
R007,2026-09-25T15:00:00+00:00,134,22.0,6.09,Low
road-001,2026-09-25T15:00:00+00:00,45,44.4,1.01,Low
road-002,2026-09-25T15:00:00+00:00,92,26.6,3.46,Low
road-003,2026-09-25T15:00:00+00:00,131,17.3,7.57,Low
road-004,2026-09-25T15:00:00+00:00,63,28.7,2.2,Low
R001,2026-09-25T16:00:00+00:00,66,59.2,1.11,Low
R002,2026-09-25T16:00:00+00:00,71,39.7,1.79,Low
R003,2026-09-25T16:00:00+00:00,71,45.5,1.56,Low
R004,2026-09-25T16:00:00+00:00,30,62.9,0.48,Low
R005,2026-09-25T16:00:00+00:00,81,37.5,2.16,Low
R006,2026-09-25T16:00:00+00:00,119,30.7,3.88,Low
R007,2026-09-25T16:00:00+00:00,156,20.3,7.68,Low
road-001,2026-09-25T16:00:00+00:00,43,41.5,1.04,Low
road-002,2026-09-25T16:00:00+00:00,95,23.6,4.03,Low
road-003,2026-09-25T16:00:00+00:00,128,16.6,7.71,Low
road-004,2026-09-25T16:00:00+00:00,61,28.5,2.14,Low
R001,2026-09-25T17:00:00+00:00,117,52.3,2.24,Low
R002,2026-09-25T17:00:00+00:00,142,31.9,4.45,Low
R003,2026-09-25T17:00:00+00:00,114,41.7,2.73,Low
R004,2026-09-25T17:00:00+00:00,61,61.4,0.99,Low
R005,2026-09-25T17:00:00+00:00,142,29.7,4.78,Low
R006,2026-09-25T17:00:00+00:00,216,21.3,10.14,Medium
R007,2026-09-25T17:00:00+00:00,223,15.2,14.67,Medium
road-001,2026-09-25T17:00:00+00:00,76,37.0,2.05,Low
road-002,2026-09-25T17:00:00+00:00,144,22.5,6.4,Low
road-003,2026-09-25T17:00:00+00:00,238,12.5,19.04,Medium
road-004,2026-09-25T17:00:00+00:00,123,22.5,5.47,Low
R001,2026-09-25T18:00:00+00:00,143,49.5,2.89,Low
R002,2026-09-25T18:00:00+00:00,147,31.3,4.7,Low
R003,2026-09-25T18:00:00+00:00,158,29.9,5.28,Low
R004,2026-09-25T18:00:00+00:00,74,54.0,1.37,Low
R005,2026-09-25T18:00:00+00:00,161,27.0,5.96,Low
R006,2026-09-25T18:00:00+00:00,226,18.3,12.35,Medium
R007,2026-09-25T18:00:00+00:00,300,11.9,25.21,High
road-001,2026-09-25T18:00:00+00:00,97,36.6,2.65,Low
road-002,2026-09-25T18:00:00+00:00,172,17.3,9.94,Low
road-003,2026-09-25T18:00:00+00:00,265,10.7,24.77,High
road-004,2026-09-25T18:00:00+00:00,136,19.7,6.9,Low
R001,2026-09-25T19:00:00+00:00,118,51.7,2.28,Low
R002,2026-09-25T19:00:00+00:00,130,31.0,4.19,Low
R003,2026-09-25T19:00:00+00:00,123,35.7,3.45,Low
R004,2026-09-25T19:00:00+00:00,61,58.5,1.04,Low
R005,2026-09-25T19:00:00+00:00,147,25.3,5.81,Low
R006,2026-09-25T19:00:00+00:00,192,23.9,8.03,Low
R007,2026-09-25T19:00:00+00:00,238,14.1,16.88,Medium
road-001,2026-09-25T19:00:00+00:00,82,37.9,2.16,Low
road-002,2026-09-25T19:00:00+00:00,149,21.3,7.0,Low
road-003,2026-09-25T19:00:00+00:00,241,12.5,19.28,Medium
road-004,2026-09-25T19:00:00+00:00,110,24.4,4.51,Low
R001,2026-09-25T20:00:00+00:00,71,57.1,1.24,Low
R002,2026-09-25T20:00:00+00:00,77,39.5,1.95,Low
R003,2026-09-25T20:00:00+00:00,68,48.0,1.42,Low
R004,2026-09-25T20:00:00+00:00,35,57.6,0.61,Low
R005,2026-09-25T20:00:00+00:00,85,33.4,2.54,Low
R006,2026-09-25T20:00:00+00:00,115,27.4,4.2,Low
R007,2026-09-25T20:00:00+00:00,151,21.0,7.19,Low
road-001,2026-09-25T20:00:00+00:00,43,39.0,1.1,Low
road-002,2026-09-25T20:00:00+00:00,88,24.2,3.64,Low
road-003,2026-09-25T20:00:00+00:00,139,17.2,8.08,Low
road-004,2026-09-25T20:00:00+00:00,70,27.6,2.54,Low
R001,2026-09-25T21:00:00+00:00,32,61.4,0.52,Low
R002,2026-09-25T21:00:00+00:00,45,43.4,1.04,Low
R003,2026-09-25T21:00:00+00:00,36,49.1,0.73,Low
R004,2026-09-25T21:00:00+00:00,19,63.3,0.3,Low
R005,2026-09-25T21:00:00+00:00,48,39.4,1.22,Low
R006,2026-09-25T21:00:00+00:00,58,30.9,1.88,Low
R007,2026-09-25T21:00:00+00:00,81,21.9,3.7,Low
road-001,2026-09-25T21:00:00+00:00,26,40.6,0.64,Low
road-002,2026-09-25T21:00:00+00:00,45,30.4,1.48,Low
road-003,2026-09-25T21:00:00+00:00,64,19.8,3.23,Low
road-004,2026-09-25T21:00:00+00:00,34,30.9,1.1,Low
R001,2026-09-25T22:00:00+00:00,23,57.4,0.4,Low
R002,2026-09-25T22:00:00+00:00,30,43.5,0.69,Low
R003,2026-09-25T22:00:00+00:00,26,52.6,0.49,Low
R004,2026-09-25T22:00:00+00:00,13,61.0,0.21,Low
R005,2026-09-25T22:00:00+00:00,31,39.9,0.78,Low
R006,2026-09-25T22:00:00+00:00,48,31.1,1.54,Low
R007,2026-09-25T22:00:00+00:00,52,22.1,2.35,Low
road-001,2026-09-25T22:00:00+00:00,17,42.1,0.4,Low
road-002,2026-09-25T22:00:00+00:00,33,29.2,1.13,Low
road-003,2026-09-25T22:00:00+00:00,57,19.7,2.89,Low
road-004,2026-09-25T22:00:00+00:00,27,31.5,0.86,Low
R001,2026-09-25T23:00:00+00:00,22,57.5,0.38,Low
R002,2026-09-25T23:00:00+00:00,31,41.3,0.75,Low
R003,2026-09-25T23:00:00+00:00,26,49.5,0.53,Low
R004,2026-09-25T23:00:00+00:00,12,64.4,0.19,Low
R005,2026-09-25T23:00:00+00:00,28,38.5,0.73,Low
R006,2026-09-25T23:00:00+00:00,45,34.8,1.29,Low
R007,2026-09-25T23:00:00+00:00,52,24.6,2.11,Low
road-001,2026-09-25T23:00:00+00:00,18,42.4,0.42,Low
road-002,2026-09-25T23:00:00+00:00,34,26.9,1.26,Low
road-003,2026-09-25T23:00:00+00:00,44,18.9,2.33,Low
road-004,2026-09-25T23:00:00+00:00,25,34.6,0.72,Low
R001,2026-09-26T00:00:00+00:00,44,53.8,0.82,Low
R002,2026-09-26T00:00:00+00:00,51,43.6,1.17,Low
R003,2026-09-26T00:00:00+00:00,41,49.5,0.83,Low
R004,2026-09-26T00:00:00+00:00,19,64.6,0.29,Low
R005,2026-09-26T00:00:00+00:00,56,36.2,1.55,Low
R006,2026-09-26T00:00:00+00:00,76,32.8,2.32,Low
R007,2026-09-26T00:00:00+00:00,83,22.1,3.76,Low
road-001,2026-09-26T00:00:00+00:00,31,42.7,0.73,Low
road-002,2026-09-26T00:00:00+00:00,60,27.4,2.19,Low
road-003,2026-09-26T00:00:00+00:00,83,19.2,4.32,Low
road-004,2026-09-26T00:00:00+00:00,40,35.4,1.13,Low
R001,2026-09-26T01:00:00+00:00,39,58.8,0.66,Low
R002,2026-09-26T01:00:00+00:00,44,41.7,1.06,Low
R003,2026-09-26T01:00:00+00:00,45,47.0,0.96,Low
R004,2026-09-26T01:00:00+00:00,22,66.9,0.33,Low
R005,2026-09-26T01:00:00+00:00,57,36.7,1.55,Low
R006,2026-09-26T01:00:00+00:00,79,31.4,2.52,Low
R007,2026-09-26T01:00:00+00:00,84,23.9,3.51,Low
road-001,2026-09-26T01:00:00+00:00,29,40.0,0.72,Low
road-002,2026-09-26T01:00:00+00:00,53,27.1,1.96,Low
road-003,2026-09-26T01:00:00+00:00,92,18.5,4.97,Low
road-004,2026-09-26T01:00:00+00:00,41,30.2,1.36,Low
R001,2026-09-26T02:00:00+00:00,44,59.1,0.74,Low
R002,2026-09-26T02:00:00+00:00,45,43.2,1.04,Low
R003,2026-09-26T02:00:00+00:00,42,44.5,0.94,Low
R004,2026-09-26T02:00:00+00:00,20,60.0,0.33,Low
R005,2026-09-26T02:00:00+00:00,50,34.6,1.45,Low
R006,2026-09-26T02:00:00+00:00,71,31.2,2.28,Low
R007,2026-09-26T02:00:00+00:00,99,22.5,4.4,Low
road-001,2026-09-26T02:00:00+00:00,28,43.3,0.65,Low
road-002,2026-09-26T02:00:00+00:00,60,27.2,2.21,Low
road-003,2026-09-26T02:00:00+00:00,91,17.2,5.29,Low
road-004,2026-09-26T02:00:00+00:00,45,30.1,1.5,Low
R001,2026-09-26T03:00:00+00:00,45,53.6,0.84,Low
R002,2026-09-26T03:00:00+00:00,47,42.3,1.11,Low
R003,2026-09-26T03:00:00+00:00,43,45.5,0.95,Low
R004,2026-09-26T03:00:00+00:00,22,66.4,0.33,Low
R005,2026-09-26T03:00:00+00:00,51,34.5,1.48,Low
R006,2026-09-26T03:00:00+00:00,70,30.5,2.3,Low
R007,2026-09-26T03:00:00+00:00,93,23.3,3.99,Low
road-001,2026-09-26T03:00:00+00:00,29,40.6,0.71,Low
road-002,2026-09-26T03:00:00+00:00,53,27.0,1.96,Low
road-003,2026-09-26T03:00:00+00:00,87,19.2,4.53,Low
road-004,2026-09-26T03:00:00+00:00,45,31.7,1.42,Low
R001,2026-09-26T04:00:00+00:00,46,53.5,0.86,Low
R002,2026-09-26T04:00:00+00:00,48,41.8,1.15,Low
R003,2026-09-26T04:00:00+00:00,43,46.2,0.93,Low
R004,2026-09-26T04:00:00+00:00,20,67.3,0.3,Low
R005,2026-09-26T04:00:00+00:00,50,40.0,1.25,Low
R006,2026-09-26T04:00:00+00:00,81,33.0,2.45,Low
R007,2026-09-26T04:00:00+00:00,92,22.9,4.02,Low
road-001,2026-09-26T04:00:00+00:00,28,41.2,0.68,Low
road-002,2026-09-26T04:00:00+00:00,53,27.2,1.95,Low
road-003,2026-09-26T04:00:00+00:00,86,19.7,4.37,Low
road-004,2026-09-26T04:00:00+00:00,40,33.3,1.2,Low
R001,2026-09-26T05:00:00+00:00,40,60.9,0.66,Low
R002,2026-09-26T05:00:00+00:00,49,42.1,1.16,Low
R003,2026-09-26T05:00:00+00:00,41,47.8,0.86,Low
R004,2026-09-26T05:00:00+00:00,19,66.2,0.29,Low
R005,2026-09-26T05:00:00+00:00,54,34.7,1.56,Low
R006,2026-09-26T05:00:00+00:00,74,32.5,2.28,Low
R007,2026-09-26T05:00:00+00:00,100,24.0,4.17,Low
road-001,2026-09-26T05:00:00+00:00,28,43.0,0.65,Low
road-002,2026-09-26T05:00:00+00:00,62,28.7,2.16,Low
road-003,2026-09-26T05:00:00+00:00,81,17.4,4.66,Low
road-004,2026-09-26T05:00:00+00:00,45,30.1,1.5,Low
R001,2026-09-26T06:00:00+00:00,41,59.1,0.69,Low
R002,2026-09-26T06:00:00+00:00,49,44.5,1.1,Low
R003,2026-09-26T06:00:00+00:00,47,44.5,1.06,Low
R004,2026-09-26T06:00:00+00:00,21,61.6,0.34,Low
R005,2026-09-26T06:00:00+00:00,60,37.3,1.61,Low
R006,2026-09-26T06:00:00+00:00,77,33.5,2.3,Low
R007,2026-09-26T06:00:00+00:00,98,24.0,4.08,Low
road-001,2026-09-26T06:00:00+00:00,31,40.5,0.77,Low
road-002,2026-09-26T06:00:00+00:00,63,28.4,2.22,Low
road-003,2026-09-26T06:00:00+00:00,83,19.3,4.3,Low
road-004,2026-09-26T06:00:00+00:00,42,34.2,1.23,Low
R001,2026-09-26T07:00:00+00:00,46,60.4,0.76,Low
R002,2026-09-26T07:00:00+00:00,49,40.7,1.2,Low
R003,2026-09-26T07:00:00+00:00,47,43.6,1.08,Low
R004,2026-09-26T07:00:00+00:00,24,65.8,0.36,Low
R005,2026-09-26T07:00:00+00:00,53,37.1,1.43,Low
R006,2026-09-26T07:00:00+00:00,89,29.3,3.04,Low
R007,2026-09-26T07:00:00+00:00,104,22.4,4.64,Low
road-001,2026-09-26T07:00:00+00:00,34,44.6,0.76,Low
road-002,2026-09-26T07:00:00+00:00,59,26.6,2.22,Low
road-003,2026-09-26T07:00:00+00:00,90,18.8,4.79,Low
road-004,2026-09-26T07:00:00+00:00,46,30.6,1.5,Low
R001,2026-09-26T08:00:00+00:00,48,61.5,0.78,Low
R002,2026-09-26T08:00:00+00:00,56,44.1,1.27,Low
R003,2026-09-26T08:00:00+00:00,57,45.2,1.26,Low
R004,2026-09-26T08:00:00+00:00,25,65.2,0.38,Low
R005,2026-09-26T08:00:00+00:00,66,36.9,1.79,Low
R006,2026-09-26T08:00:00+00:00,94,30.2,3.11,Low
R007,2026-09-26T08:00:00+00:00,109,23.1,4.72,Low
road-001,2026-09-26T08:00:00+00:00,33,41.4,0.8,Low
road-002,2026-09-26T08:00:00+00:00,73,27.0,2.7,Low
road-003,2026-09-26T08:00:00+00:00,113,16.2,6.98,Low
road-004,2026-09-26T08:00:00+00:00,54,29.7,1.82,Low
R001,2026-09-26T09:00:00+00:00,56,52.7,1.06,Low
R002,2026-09-26T09:00:00+00:00,66,40.9,1.61,Low
R003,2026-09-26T09:00:00+00:00,72,42.7,1.69,Low
R004,2026-09-26T09:00:00+00:00,32,66.8,0.48,Low
R005,2026-09-26T09:00:00+00:00,74,35.0,2.11,Low
R006,2026-09-26T09:00:00+00:00,112,29.4,3.81,Low
R007,2026-09-26T09:00:00+00:00,134,20.9,6.41,Low
road-001,2026-09-26T09:00:00+00:00,44,41.1,1.07,Low
road-002,2026-09-26T09:00:00+00:00,78,27.7,2.82,Low
road-003,2026-09-26T09:00:00+00:00,130,16.7,7.78,Low
road-004,2026-09-26T09:00:00+00:00,56,33.4,1.68,Low
R001,2026-09-26T10:00:00+00:00,70,53.0,1.32,Low
R002,2026-09-26T10:00:00+00:00,88,38.8,2.27,Low
R003,2026-09-26T10:00:00+00:00,73,46.9,1.56,Low
R004,2026-09-26T10:00:00+00:00,35,57.2,0.61,Low
R005,2026-09-26T10:00:00+00:00,87,32.8,2.65,Low
R006,2026-09-26T10:00:00+00:00,120,30.5,3.93,Low
R007,2026-09-26T10:00:00+00:00,160,19.0,8.42,Low
road-001,2026-09-26T10:00:00+00:00,55,41.6,1.32,Low
road-002,2026-09-26T10:00:00+00:00,92,26.4,3.48,Low
road-003,2026-09-26T10:00:00+00:00,147,16.6,8.86,Low
road-004,2026-09-26T10:00:00+00:00,76,29.5,2.58,Low
R001,2026-09-26T11:00:00+00:00,81,54.9,1.48,Low
R002,2026-09-26T11:00:00+00:00,98,37.8,2.59,Low
R003,2026-09-26T11:00:00+00:00,87,44.2,1.97,Low
R004,2026-09-26T11:00:00+00:00,45,58.9,0.76,Low
R005,2026-09-26T11:00:00+00:00,120,29.0,4.14,Low
R006,2026-09-26T11:00:00+00:00,147,26.8,5.49,Low
R007,2026-09-26T11:00:00+00:00,209,17.6,11.87,Medium
road-001,2026-09-26T11:00:00+00:00,60,40.2,1.49,Low
road-002,2026-09-26T11:00:00+00:00,123,21.5,5.72,Low
road-003,2026-09-26T11:00:00+00:00,167,15.7,10.64,Medium
road-004,2026-09-26T11:00:00+00:00,86,27.3,3.15,Low
R001,2026-09-26T12:00:00+00:00,99,48.9,2.02,Low
R002,2026-09-26T12:00:00+00:00,116,32.4,3.58,Low
R003,2026-09-26T12:00:00+00:00,115,40.0,2.88,Low
R004,2026-09-26T12:00:00+00:00,52,58.1,0.9,Low
R005,2026-09-26T12:00:00+00:00,122,28.2,4.33,Low
R006,2026-09-26T12:00:00+00:00,193,23.2,8.32,Low
R007,2026-09-26T12:00:00+00:00,243,14.2,17.11,Medium
road-001,2026-09-26T12:00:00+00:00,75,39.3,1.91,Low
road-002,2026-09-26T12:00:00+00:00,153,20.5,7.46,Low
road-003,2026-09-26T12:00:00+00:00,225,13.4,16.79,Medium
road-004,2026-09-26T12:00:00+00:00,101,24.3,4.16,Low
R001,2026-09-26T13:00:00+00:00,118,50.2,2.35,Low
R002,2026-09-26T13:00:00+00:00,145,29.9,4.85,Low
R003,2026-09-26T13:00:00+00:00,125,36.5,3.42,Low
R004,2026-09-26T13:00:00+00:00,54,55.6,0.97,Low
R005,2026-09-26T13:00:00+00:00,139,28.4,4.89,Low
R006,2026-09-26T13:00:00+00:00,211,21.3,9.91,Low
R007,2026-09-26T13:00:00+00:00,248,14.3,17.34,Medium
road-001,2026-09-26T13:00:00+00:00,86,38.5,2.23,Low
road-002,2026-09-26T13:00:00+00:00,158,19.8,7.98,Low
road-003,2026-09-26T13:00:00+00:00,245,12.1,20.25,High
road-004,2026-09-26T13:00:00+00:00,125,21.3,5.87,Low
R001,2026-09-26T14:00:00+00:00,110,46.6,2.36,Low
R002,2026-09-26T14:00:00+00:00,126,31.3,4.03,Low
R003,2026-09-26T14:00:00+00:00,117,37.4,3.13,Low
R004,2026-09-26T14:00:00+00:00,54,58.1,0.93,Low
R005,2026-09-26T14:00:00+00:00,156,28.1,5.55,Low
R006,2026-09-26T14:00:00+00:00,193,21.9,8.81,Low
R007,2026-09-26T14:00:00+00:00,267,14.3,18.67,Medium
road-001,2026-09-26T14:00:00+00:00,89,34.9,2.55,Low
road-002,2026-09-26T14:00:00+00:00,157,20.0,7.85,Low
road-003,2026-09-26T14:00:00+00:00,230,11.6,19.83,Medium
road-004,2026-09-26T14:00:00+00:00,110,23.6,4.66,Low
R001,2026-09-26T15:00:00+00:00,114,53.6,2.13,Low
R002,2026-09-26T15:00:00+00:00,148,32.7,4.53,Low
R003,2026-09-26T15:00:00+00:00,115,39.9,2.88,Low
R004,2026-09-26T15:00:00+00:00,63,59.6,1.06,Low
R005,2026-09-26T15:00:00+00:00,155,28.2,5.5,Low
R006,2026-09-26T15:00:00+00:00,189,21.3,8.87,Low
R007,2026-09-26T15:00:00+00:00,262,13.6,19.26,Medium
road-001,2026-09-26T15:00:00+00:00,88,36.9,2.38,Low
road-002,2026-09-26T15:00:00+00:00,151,18.6,8.12,Low
road-003,2026-09-26T15:00:00+00:00,234,11.5,20.35,High
road-004,2026-09-26T15:00:00+00:00,120,22.5,5.33,Low
R001,2026-09-26T16:00:00+00:00,102,50.7,2.01,Low
R002,2026-09-26T16:00:00+00:00,110,35.4,3.11,Low
R003,2026-09-26T16:00:00+00:00,112,37.5,2.99,Low
R004,2026-09-26T16:00:00+00:00,47,63.6,0.74,Low
R005,2026-09-26T16:00:00+00:00,134,31.1,4.31,Low
R006,2026-09-26T16:00:00+00:00,196,22.8,8.6,Low
R007,2026-09-26T16:00:00+00:00,236,14.6,16.16,Medium
road-001,2026-09-26T16:00:00+00:00,70,39.5,1.77,Low
road-002,2026-09-26T16:00:00+00:00,156,18.7,8.34,Low
road-003,2026-09-26T16:00:00+00:00,216,13.9,15.54,Medium
road-004,2026-09-26T16:00:00+00:00,114,22.7,5.02,Low
R001,2026-09-26T17:00:00+00:00,90,56.1,1.6,Low
R002,2026-09-26T17:00:00+00:00,105,37.6,2.79,Low
R003,2026-09-26T17:00:00+00:00,102,42.3,2.41,Low
R004,2026-09-26T17:00:00+00:00,46,57.9,0.79,Low
R005,2026-09-26T17:00:00+00:00,102,32.0,3.19,Low
R006,2026-09-26T17:00:00+00:00,166,25.1,6.61,Low
R007,2026-09-26T17:00:00+00:00,188,19.3,9.74,Low
road-001,2026-09-26T17:00:00+00:00,66,39.3,1.68,Low
road-002,2026-09-26T17:00:00+00:00,118,23.7,4.98,Low
road-003,2026-09-26T17:00:00+00:00,175,15.2,11.51,Medium
road-004,2026-09-26T17:00:00+00:00,87,30.1,2.89,Low
R001,2026-09-26T18:00:00+00:00,78,51.4,1.52,Low
R002,2026-09-26T18:00:00+00:00,89,40.7,2.19,Low
R003,2026-09-26T18:00:00+00:00,83,42.7,1.94,Low
R004,2026-09-26T18:00:00+00:00,40,56.9,0.7,Low
R005,2026-09-26T18:00:00+00:00,88,32.2,2.73,Low
R006,2026-09-26T18:00:00+00:00,140,27.8,5.04,Low
R007,2026-09-26T18:00:00+00:00,158,19.8,7.98,Low
road-001,2026-09-26T18:00:00+00:00,54,43.1,1.25,Low
road-002,2026-09-26T18:00:00+00:00,98,26.5,3.7,Low
road-003,2026-09-26T18:00:00+00:00,162,14.7,11.02,Medium
road-004,2026-09-26T18:00:00+00:00,71,30.5,2.33,Low
R001,2026-09-26T19:00:00+00:00,64,59.0,1.08,Low
R002,2026-09-26T19:00:00+00:00,72,43.2,1.67,Low
R003,2026-09-26T19:00:00+00:00,70,47.1,1.49,Low
R004,2026-09-26T19:00:00+00:00,30,65.6,0.46,Low
R005,2026-09-26T19:00:00+00:00,82,37.5,2.19,Low
R006,2026-09-26T19:00:00+00:00,108,29.8,3.62,Low
R007,2026-09-26T19:00:00+00:00,135,20.0,6.75,Low
road-001,2026-09-26T19:00:00+00:00,43,44.8,0.96,Low
road-002,2026-09-26T19:00:00+00:00,88,26.4,3.33,Low
road-003,2026-09-26T19:00:00+00:00,129,16.8,7.68,Low
road-004,2026-09-26T19:00:00+00:00,59,32.7,1.8,Low
R001,2026-09-26T20:00:00+00:00,51,61.0,0.84,Low
R002,2026-09-26T20:00:00+00:00,61,43.3,1.41,Low
R003,2026-09-26T20:00:00+00:00,53,45.5,1.16,Low
R004,2026-09-26T20:00:00+00:00,25,65.5,0.38,Low
R005,2026-09-26T20:00:00+00:00,60,37.5,1.6,Low
R006,2026-09-26T20:00:00+00:00,91,32.6,2.79,Low
R007,2026-09-26T20:00:00+00:00,122,20.3,6.01,Low
road-001,2026-09-26T20:00:00+00:00,33,44.9,0.73,Low
road-002,2026-09-26T20:00:00+00:00,72,25.1,2.87,Low
road-003,2026-09-26T20:00:00+00:00,97,16.7,5.81,Low
road-004,2026-09-26T20:00:00+00:00,57,30.0,1.9,Low
R001,2026-09-26T21:00:00+00:00,46,60.5,0.76,Low
R002,2026-09-26T21:00:00+00:00,55,39.1,1.41,Low
R003,2026-09-26T21:00:00+00:00,54,42.9,1.26,Low
R004,2026-09-26T21:00:00+00:00,21,59.6,0.35,Low
R005,2026-09-26T21:00:00+00:00,55,38.7,1.42,Low
R006,2026-09-26T21:00:00+00:00,75,30.7,2.44,Low
R007,2026-09-26T21:00:00+00:00,111,21.6,5.14,Low
road-001,2026-09-26T21:00:00+00:00,32,42.3,0.76,Low
road-002,2026-09-26T21:00:00+00:00,67,26.2,2.56,Low
road-003,2026-09-26T21:00:00+00:00,92,17.3,5.32,Low
road-004,2026-09-26T21:00:00+00:00,46,32.8,1.4,Low
R001,2026-09-26T22:00:00+00:00,44,58.7,0.75,Low
R002,2026-09-26T22:00:00+00:00,46,42.5,1.08,Low
R003,2026-09-26T22:00:00+00:00,43,46.1,0.93,Low
R004,2026-09-26T22:00:00+00:00,20,65.6,0.3,Low
R005,2026-09-26T22:00:00+00:00,59,36.1,1.63,Low
R006,2026-09-26T22:00:00+00:00,78,29.7,2.63,Low
R007,2026-09-26T22:00:00+00:00,99,22.8,4.34,Low
road-001,2026-09-26T22:00:00+00:00,30,46.4,0.65,Low
road-002,2026-09-26T22:00:00+00:00,60,25.4,2.36,Low
road-003,2026-09-26T22:00:00+00:00,80,18.4,4.35,Low
road-004,2026-09-26T22:00:00+00:00,47,32.1,1.46,Low
R001,2026-09-26T23:00:00+00:00,43,53.9,0.8,Low
R002,2026-09-26T23:00:00+00:00,52,43.5,1.2,Low
R003,2026-09-26T23:00:00+00:00,50,46.5,1.08,Low
R004,2026-09-26T23:00:00+00:00,22,60.7,0.36,Low
R005,2026-09-26T23:00:00+00:00,58,34.1,1.7,Low
R006,2026-09-26T23:00:00+00:00,72,33.5,2.15,Low
R007,2026-09-26T23:00:00+00:00,99,21.4,4.63,Low
road-001,2026-09-26T23:00:00+00:00,29,39.9,0.73,Low
road-002,2026-09-26T23:00:00+00:00,54,29.5,1.83,Low
road-003,2026-09-26T23:00:00+00:00,90,19.4,4.64,Low
road-004,2026-09-26T23:00:00+00:00,42,32.7,1.28,Low
R001,2026-09-27T00:00:00+00:00,41,59.7,0.69,Low
R002,2026-09-27T00:00:00+00:00,47,45.3,1.04,Low
R003,2026-09-27T00:00:00+00:00,46,43.8,1.05,Low
R004,2026-09-27T00:00:00+00:00,21,65.5,0.32,Low
R005,2026-09-27T00:00:00+00:00,52,39.7,1.31,Low
R006,2026-09-27T00:00:00+00:00,70,30.5,2.3,Low
R007,2026-09-27T00:00:00+00:00,87,22.2,3.92,Low
road-001,2026-09-27T00:00:00+00:00,27,41.0,0.66,Low
road-002,2026-09-27T00:00:00+00:00,61,26.1,2.34,Low
road-003,2026-09-27T00:00:00+00:00,83,16.9,4.91,Low
road-004,2026-09-27T00:00:00+00:00,44,34.1,1.29,Low
R001,2026-09-27T01:00:00+00:00,45,60.1,0.75,Low
R002,2026-09-27T01:00:00+00:00,44,40.5,1.09,Low
R003,2026-09-27T01:00:00+00:00,44,48.8,0.9,Low
R004,2026-09-27T01:00:00+00:00,22,60.6,0.36,Low
R005,2026-09-27T01:00:00+00:00,51,38.6,1.32,Low
R006,2026-09-27T01:00:00+00:00,79,29.7,2.66,Low
R007,2026-09-27T01:00:00+00:00,84,23.8,3.53,Low
road-001,2026-09-27T01:00:00+00:00,32,43.4,0.74,Low
road-002,2026-09-27T01:00:00+00:00,57,27.1,2.1,Low
road-003,2026-09-27T01:00:00+00:00,87,16.9,5.15,Low
road-004,2026-09-27T01:00:00+00:00,42,33.7,1.25,Low
R001,2026-09-27T02:00:00+00:00,43,54.1,0.79,Low
R002,2026-09-27T02:00:00+00:00,48,40.9,1.17,Low
R003,2026-09-27T02:00:00+00:00,46,46.6,0.99,Low
R004,2026-09-27T02:00:00+00:00,19,61.3,0.31,Low
R005,2026-09-27T02:00:00+00:00,57,36.1,1.58,Low
R006,2026-09-27T02:00:00+00:00,72,34.3,2.1,Low
R007,2026-09-27T02:00:00+00:00,98,23.8,4.12,Low
road-001,2026-09-27T02:00:00+00:00,27,41.1,0.66,Low
road-002,2026-09-27T02:00:00+00:00,58,28.4,2.04,Low
road-003,2026-09-27T02:00:00+00:00,83,19.8,4.19,Low
road-004,2026-09-27T02:00:00+00:00,40,31.6,1.27,Low
R001,2026-09-27T03:00:00+00:00,38,60.8,0.62,Low
R002,2026-09-27T03:00:00+00:00,46,41.9,1.1,Low
R003,2026-09-27T03:00:00+00:00,46,45.2,1.02,Low
R004,2026-09-27T03:00:00+00:00,19,59.9,0.32,Low
R005,2026-09-27T03:00:00+00:00,54,34.3,1.57,Low
R006,2026-09-27T03:00:00+00:00,67,33.9,1.98,Low
R007,2026-09-27T03:00:00+00:00,84,23.6,3.56,Low
road-001,2026-09-27T03:00:00+00:00,30,39.8,0.75,Low
road-002,2026-09-27T03:00:00+00:00,62,25.8,2.4,Low
road-003,2026-09-27T03:00:00+00:00,91,19.2,4.74,Low
road-004,2026-09-27T03:00:00+00:00,44,30.9,1.42,Low
R001,2026-09-27T04:00:00+00:00,42,57.6,0.73,Low
R002,2026-09-27T04:00:00+00:00,45,41.8,1.08,Low
R003,2026-09-27T04:00:00+00:00,47,47.5,0.99,Low
R004,2026-09-27T04:00:00+00:00,22,59.8,0.37,Low
R005,2026-09-27T04:00:00+00:00,48,37.7,1.27,Low
R006,2026-09-27T04:00:00+00:00,79,29.5,2.68,Low
R007,2026-09-27T04:00:00+00:00,91,24.4,3.73,Low
road-001,2026-09-27T04:00:00+00:00,30,41.4,0.72,Low
road-002,2026-09-27T04:00:00+00:00,61,29.0,2.1,Low
road-003,2026-09-27T04:00:00+00:00,82,17.6,4.66,Low
road-004,2026-09-27T04:00:00+00:00,40,30.5,1.31,Low
R001,2026-09-27T05:00:00+00:00,42,61.2,0.69,Low
R002,2026-09-27T05:00:00+00:00,52,38.8,1.34,Low
R003,2026-09-27T05:00:00+00:00,48,50.3,0.95,Low
R004,2026-09-27T05:00:00+00:00,20,64.6,0.31,Low
R005,2026-09-27T05:00:00+00:00,57,38.4,1.48,Low
R006,2026-09-27T05:00:00+00:00,69,32.9,2.1,Low
R007,2026-09-27T05:00:00+00:00,98,23.8,4.12,Low
road-001,2026-09-27T05:00:00+00:00,31,44.8,0.69,Low
road-002,2026-09-27T05:00:00+00:00,54,28.3,1.91,Low
road-003,2026-09-27T05:00:00+00:00,82,19.2,4.27,Low
road-004,2026-09-27T05:00:00+00:00,42,30.2,1.39,Low
R001,2026-09-27T06:00:00+00:00,40,54.1,0.74,Low
R002,2026-09-27T06:00:00+00:00,55,39.4,1.4,Low
R003,2026-09-27T06:00:00+00:00,49,46.0,1.07,Low
R004,2026-09-27T06:00:00+00:00,21,63.1,0.33,Low
R005,2026-09-27T06:00:00+00:00,58,39.3,1.48,Low
R006,2026-09-27T06:00:00+00:00,74,32.2,2.3,Low
R007,2026-09-27T06:00:00+00:00,92,21.9,4.2,Low
road-001,2026-09-27T06:00:00+00:00,34,42.9,0.79,Low
road-002,2026-09-27T06:00:00+00:00,59,29.2,2.02,Low
road-003,2026-09-27T06:00:00+00:00,91,18.7,4.87,Low
road-004,2026-09-27T06:00:00+00:00,47,32.8,1.43,Low
R001,2026-09-27T07:00:00+00:00,48,58.0,0.83,Low
R002,2026-09-27T07:00:00+00:00,54,39.1,1.38,Low
R003,2026-09-27T07:00:00+00:00,50,45.7,1.09,Low
R004,2026-09-27T07:00:00+00:00,23,64.6,0.36,Low
R005,2026-09-27T07:00:00+00:00,55,35.7,1.54,Low
R006,2026-09-27T07:00:00+00:00,78,30.7,2.54,Low
R007,2026-09-27T07:00:00+00:00,102,21.6,4.72,Low
road-001,2026-09-27T07:00:00+00:00,36,45.4,0.79,Low
road-002,2026-09-27T07:00:00+00:00,65,26.6,2.44,Low
road-003,2026-09-27T07:00:00+00:00,90,19.1,4.71,Low
road-004,2026-09-27T07:00:00+00:00,47,31.8,1.48,Low
R001,2026-09-27T08:00:00+00:00,50,56.4,0.89,Low
R002,2026-09-27T08:00:00+00:00,63,42.8,1.47,Low
R003,2026-09-27T08:00:00+00:00,61,43.1,1.42,Low
R004,2026-09-27T08:00:00+00:00,27,60.7,0.44,Low
R005,2026-09-27T08:00:00+00:00,68,35.2,1.93,Low
R006,2026-09-27T08:00:00+00:00,92,30.0,3.07,Low
R007,2026-09-27T08:00:00+00:00,120,21.8,5.5,Low
road-001,2026-09-27T08:00:00+00:00,34,44.3,0.77,Low
road-002,2026-09-27T08:00:00+00:00,77,27.0,2.85,Low
road-003,2026-09-27T08:00:00+00:00,98,18.8,5.21,Low
road-004,2026-09-27T08:00:00+00:00,56,29.8,1.88,Low
R001,2026-09-27T09:00:00+00:00,63,55.9,1.13,Low
R002,2026-09-27T09:00:00+00:00,68,40.4,1.68,Low
R003,2026-09-27T09:00:00+00:00,63,46.1,1.37,Low
R004,2026-09-27T09:00:00+00:00,30,58.8,0.51,Low
R005,2026-09-27T09:00:00+00:00,78,33.7,2.31,Low
R006,2026-09-27T09:00:00+00:00,117,30.5,3.84,Low
R007,2026-09-27T09:00:00+00:00,146,18.7,7.81,Low
road-001,2026-09-27T09:00:00+00:00,40,45.1,0.89,Low
road-002,2026-09-27T09:00:00+00:00,91,25.2,3.61,Low
road-003,2026-09-27T09:00:00+00:00,134,16.9,7.93,Low
road-004,2026-09-27T09:00:00+00:00,58,31.5,1.84,Low
R001,2026-09-27T10:00:00+00:00,69,51.4,1.34,Low
R002,2026-09-27T10:00:00+00:00,85,41.7,2.04,Low
R003,2026-09-27T10:00:00+00:00,81,43.4,1.87,Low
R004,2026-09-27T10:00:00+00:00,36,57.8,0.62,Low
R005,2026-09-27T10:00:00+00:00,86,33.6,2.56,Low
R006,2026-09-27T10:00:00+00:00,137,25.5,5.37,Low
R007,2026-09-27T10:00:00+00:00,171,18.3,9.34,Low
road-001,2026-09-27T10:00:00+00:00,52,39.3,1.32,Low
road-002,2026-09-27T10:00:00+00:00,107,25.8,4.15,Low
road-003,2026-09-27T10:00:00+00:00,153,15.2,10.07,Medium
road-004,2026-09-27T10:00:00+00:00,79,29.2,2.71,Low
R001,2026-09-27T11:00:00+00:00,80,52.8,1.52,Low
R002,2026-09-27T11:00:00+00:00,106,35.0,3.03,Low
R003,2026-09-27T11:00:00+00:00,95,40.0,2.38,Low
R004,2026-09-27T11:00:00+00:00,45,60.8,0.74,Low
R005,2026-09-27T11:00:00+00:00,106,32.5,3.26,Low
R006,2026-09-27T11:00:00+00:00,166,23.5,7.06,Low
R007,2026-09-27T11:00:00+00:00,195,17.2,11.34,Medium
road-001,2026-09-27T11:00:00+00:00,59,41.9,1.41,Low
road-002,2026-09-27T11:00:00+00:00,130,21.1,6.16,Low
road-003,2026-09-27T11:00:00+00:00,182,15.8,11.52,Medium
road-004,2026-09-27T11:00:00+00:00,82,29.7,2.76,Low
R001,2026-09-27T12:00:00+00:00,114,48.3,2.36,Low
R002,2026-09-27T12:00:00+00:00,121,32.2,3.76,Low
R003,2026-09-27T12:00:00+00:00,120,36.6,3.28,Low
R004,2026-09-27T12:00:00+00:00,51,56.0,0.91,Low
R005,2026-09-27T12:00:00+00:00,122,29.1,4.19,Low
R006,2026-09-27T12:00:00+00:00,168,23.7,7.09,Low
R007,2026-09-27T12:00:00+00:00,217,16.7,12.99,Medium
road-001,2026-09-27T12:00:00+00:00,75,37.1,2.02,Low
road-002,2026-09-27T12:00:00+00:00,135,20.3,6.65,Low
road-003,2026-09-27T12:00:00+00:00,191,14.8,12.91,Medium
road-004,2026-09-27T12:00:00+00:00,103,26.9,3.83,Low
R001,2026-09-27T13:00:00+00:00,113,51.2,2.21,Low
R002,2026-09-27T13:00:00+00:00,131,33.3,3.93,Low
R003,2026-09-27T13:00:00+00:00,119,40.9,2.91,Low
R004,2026-09-27T13:00:00+00:00,57,60.8,0.94,Low
R005,2026-09-27T13:00:00+00:00,145,26.8,5.41,Low
R006,2026-09-27T13:00:00+00:00,202,21.9,9.22,Low
R007,2026-09-27T13:00:00+00:00,267,13.6,19.63,Medium
road-001,2026-09-27T13:00:00+00:00,79,38.4,2.06,Low
road-002,2026-09-27T13:00:00+00:00,162,19.7,8.22,Low
road-003,2026-09-27T13:00:00+00:00,225,13.4,16.79,Medium
road-004,2026-09-27T13:00:00+00:00,109,24.4,4.47,Low
R001,2026-09-27T14:00:00+00:00,117,47.8,2.45,Low
R002,2026-09-27T14:00:00+00:00,134,31.2,4.29,Low
R003,2026-09-27T14:00:00+00:00,132,36.4,3.63,Low
R004,2026-09-27T14:00:00+00:00,54,62.7,0.86,Low
R005,2026-09-27T14:00:00+00:00,142,28.9,4.91,Low
R006,2026-09-27T14:00:00+00:00,207,22.0,9.41,Low
R007,2026-09-27T14:00:00+00:00,254,13.8,18.41,Medium
road-001,2026-09-27T14:00:00+00:00,82,36.7,2.23,Low
road-002,2026-09-27T14:00:00+00:00,172,19.2,8.96,Low
road-003,2026-09-27T14:00:00+00:00,220,12.5,17.6,Medium
road-004,2026-09-27T14:00:00+00:00,113,24.1,4.69,Low
R001,2026-09-27T15:00:00+00:00,127,48.3,2.63,Low
R002,2026-09-27T15:00:00+00:00,126,35.6,3.54,Low
R003,2026-09-27T15:00:00+00:00,129,37.6,3.43,Low
R004,2026-09-27T15:00:00+00:00,61,60.5,1.01,Low
R005,2026-09-27T15:00:00+00:00,158,25.4,6.22,Low
R006,2026-09-27T15:00:00+00:00,213,19.0,11.21,Medium
R007,2026-09-27T15:00:00+00:00,271,12.2,22.21,High
road-001,2026-09-27T15:00:00+00:00,85,33.7,2.52,Low
road-002,2026-09-27T15:00:00+00:00,145,22.2,6.53,Low
road-003,2026-09-27T15:00:00+00:00,229,12.2,18.77,Medium
road-004,2026-09-27T15:00:00+00:00,124,22.2,5.59,Low
R001,2026-09-27T16:00:00+00:00,113,48.1,2.35,Low
R002,2026-09-27T16:00:00+00:00,117,35.0,3.34,Low
R003,2026-09-27T16:00:00+00:00,107,37.6,2.85,Low
R004,2026-09-27T16:00:00+00:00,47,61.3,0.77,Low
R005,2026-09-27T16:00:00+00:00,137,30.7,4.46,Low
R006,2026-09-27T16:00:00+00:00,198,20.7,9.57,Low
R007,2026-09-27T16:00:00+00:00,228,16.9,13.49,Medium
road-001,2026-09-27T16:00:00+00:00,79,35.6,2.22,Low
road-002,2026-09-27T16:00:00+00:00,152,19.1,7.96,Low
road-003,2026-09-27T16:00:00+00:00,217,12.3,17.64,Medium
road-004,2026-09-27T16:00:00+00:00,96,28.2,3.4,Low
R001,2026-09-27T17:00:00+00:00,83,50.6,1.64,Low
R002,2026-09-27T17:00:00+00:00,103,38.2,2.7,Low
R003,2026-09-27T17:00:00+00:00,101,38.7,2.61,Low
R004,2026-09-27T17:00:00+00:00,48,57.2,0.84,Low
R005,2026-09-27T17:00:00+00:00,100,34.8,2.87,Low
R006,2026-09-27T17:00:00+00:00,164,25.2,6.51,Low
R007,2026-09-27T17:00:00+00:00,174,18.9,9.21,Low
road-001,2026-09-27T17:00:00+00:00,57,37.9,1.5,Low
road-002,2026-09-27T17:00:00+00:00,111,22.5,4.93,Low
road-003,2026-09-27T17:00:00+00:00,165,16.4,10.06,Medium
road-004,2026-09-27T17:00:00+00:00,95,27.3,3.48,Low
R001,2026-09-27T18:00:00+00:00,70,53.0,1.32,Low
R002,2026-09-27T18:00:00+00:00,80,36.8,2.17,Low
R003,2026-09-27T18:00:00+00:00,76,45.1,1.69,Low
R004,2026-09-27T18:00:00+00:00,38,57.0,0.67,Low
R005,2026-09-27T18:00:00+00:00,90,31.2,2.88,Low
R006,2026-09-27T18:00:00+00:00,128,29.5,4.34,Low
R007,2026-09-27T18:00:00+00:00,166,19.0,8.74,Low
road-001,2026-09-27T18:00:00+00:00,52,40.2,1.29,Low
road-002,2026-09-27T18:00:00+00:00,102,26.3,3.88,Low
road-003,2026-09-27T18:00:00+00:00,161,15.3,10.52,Medium
road-004,2026-09-27T18:00:00+00:00,75,30.4,2.47,Low
R001,2026-09-27T19:00:00+00:00,64,58.1,1.1,Low
R002,2026-09-27T19:00:00+00:00,72,39.5,1.82,Low
R003,2026-09-27T19:00:00+00:00,66,45.3,1.46,Low
R004,2026-09-27T19:00:00+00:00,32,59.2,0.54,Low
R005,2026-09-27T19:00:00+00:00,78,34.4,2.27,Low
R006,2026-09-27T19:00:00+00:00,103,30.6,3.37,Low
R007,2026-09-27T19:00:00+00:00,130,20.6,6.31,Low
road-001,2026-09-27T19:00:00+00:00,42,40.7,1.03,Low
road-002,2026-09-27T19:00:00+00:00,79,24.2,3.26,Low
road-003,2026-09-27T19:00:00+00:00,121,17.5,6.91,Low
road-004,2026-09-27T19:00:00+00:00,57,33.1,1.72,Low
R001,2026-09-27T20:00:00+00:00,55,59.0,0.93,Low
R002,2026-09-27T20:00:00+00:00,63,39.7,1.59,Low
R003,2026-09-27T20:00:00+00:00,54,42.9,1.26,Low
R004,2026-09-27T20:00:00+00:00,24,62.5,0.38,Low
R005,2026-09-27T20:00:00+00:00,65,36.1,1.8,Low
R006,2026-09-27T20:00:00+00:00,91,32.8,2.77,Low
R007,2026-09-27T20:00:00+00:00,113,21.5,5.26,Low
road-001,2026-09-27T20:00:00+00:00,33,46.0,0.72,Low
road-002,2026-09-27T20:00:00+00:00,78,28.1,2.78,Low
road-003,2026-09-27T20:00:00+00:00,100,16.6,6.02,Low
road-004,2026-09-27T20:00:00+00:00,52,31.2,1.67,Low
R001,2026-09-27T21:00:00+00:00,48,56.7,0.85,Low
R002,2026-09-27T21:00:00+00:00,56,40.7,1.38,Low
R003,2026-09-27T21:00:00+00:00,51,46.6,1.09,Low
R004,2026-09-27T21:00:00+00:00,25,66.7,0.37,Low
R005,2026-09-27T21:00:00+00:00,58,36.0,1.61,Low
R006,2026-09-27T21:00:00+00:00,77,34.0,2.26,Low
R007,2026-09-27T21:00:00+00:00,95,24.3,3.91,Low
road-001,2026-09-27T21:00:00+00:00,31,44.5,0.7,Low
road-002,2026-09-27T21:00:00+00:00,61,25.4,2.4,Low
road-003,2026-09-27T21:00:00+00:00,88,18.3,4.81,Low
road-004,2026-09-27T21:00:00+00:00,42,32.1,1.31,Low
R001,2026-09-27T22:00:00+00:00,46,57.1,0.81,Low
R002,2026-09-27T22:00:00+00:00,52,40.6,1.28,Low
R003,2026-09-27T22:00:00+00:00,43,47.6,0.9,Low
R004,2026-09-27T22:00:00+00:00,20,62.9,0.32,Low
R005,2026-09-27T22:00:00+00:00,55,38.7,1.42,Low
R006,2026-09-27T22:00:00+00:00,70,33.7,2.08,Low
R007,2026-09-27T22:00:00+00:00,100,22.6,4.42,Low
road-001,2026-09-27T22:00:00+00:00,28,46.6,0.6,Low
road-002,2026-09-27T22:00:00+00:00,66,26.6,2.48,Low
road-003,2026-09-27T22:00:00+00:00,91,18.0,5.06,Low
road-004,2026-09-27T22:00:00+00:00,46,31.1,1.48,Low
R001,2026-09-27T23:00:00+00:00,39,61.9,0.63,Low
R002,2026-09-27T23:00:00+00:00,45,41.8,1.08,Low
R003,2026-09-27T23:00:00+00:00,45,43.9,1.03,Low
R004,2026-09-27T23:00:00+00:00,20,68.2,0.29,Low
R005,2026-09-27T23:00:00+00:00,50,37.9,1.32,Low
R006,2026-09-27T23:00:00+00:00,73,33.7,2.17,Low
R007,2026-09-27T23:00:00+00:00,86,23.0,3.74,Low
road-001,2026-09-27T23:00:00+00:00,28,46.2,0.61,Low
road-002,2026-09-27T23:00:00+00:00,53,26.0,2.04,Low
road-003,2026-09-27T23:00:00+00:00,91,17.5,5.2,Low
road-004,2026-09-27T23:00:00+00:00,42,30.4,1.38,Low
R001,2026-09-28T00:00:00+00:00,23,63.7,0.36,Low
R002,2026-09-28T00:00:00+00:00,30,43.6,0.69,Low
R003,2026-09-28T00:00:00+00:00,23,48.7,0.47,Low
R004,2026-09-28T00:00:00+00:00,12,65.5,0.18,Low
R005,2026-09-28T00:00:00+00:00,32,40.9,0.78,Low
R006,2026-09-28T00:00:00+00:00,45,32.3,1.39,Low
R007,2026-09-28T00:00:00+00:00,52,25.5,2.04,Low
road-001,2026-09-28T00:00:00+00:00,18,43.0,0.42,Low
road-002,2026-09-28T00:00:00+00:00,34,29.1,1.17,Low
road-003,2026-09-28T00:00:00+00:00,49,20.3,2.41,Low
road-004,2026-09-28T00:00:00+00:00,24,35.0,0.69,Low
R001,2026-09-28T01:00:00+00:00,25,61.6,0.41,Low
R002,2026-09-28T01:00:00+00:00,26,46.2,0.56,Low
R003,2026-09-28T01:00:00+00:00,25,47.1,0.53,Low
R004,2026-09-28T01:00:00+00:00,13,62.2,0.21,Low
R005,2026-09-28T01:00:00+00:00,32,41.8,0.77,Low
R006,2026-09-28T01:00:00+00:00,38,34.4,1.1,Low
R007,2026-09-28T01:00:00+00:00,55,23.0,2.39,Low
road-001,2026-09-28T01:00:00+00:00,18,44.5,0.4,Low
road-002,2026-09-28T01:00:00+00:00,35,27.6,1.27,Low
road-003,2026-09-28T01:00:00+00:00,52,19.1,2.72,Low
road-004,2026-09-28T01:00:00+00:00,22,31.9,0.69,Low
R001,2026-09-28T02:00:00+00:00,24,57.8,0.42,Low
R002,2026-09-28T02:00:00+00:00,29,43.2,0.67,Low
R003,2026-09-28T02:00:00+00:00,25,45.6,0.55,Low
R004,2026-09-28T02:00:00+00:00,11,64.2,0.17,Low
R005,2026-09-28T02:00:00+00:00,32,36.0,0.89,Low
R006,2026-09-28T02:00:00+00:00,40,35.9,1.11,Low
R007,2026-09-28T02:00:00+00:00,51,25.2,2.02,Low
road-001,2026-09-28T02:00:00+00:00,15,44.2,0.34,Low
road-002,2026-09-28T02:00:00+00:00,29,31.2,0.93,Low
road-003,2026-09-28T02:00:00+00:00,44,18.6,2.37,Low
road-004,2026-09-28T02:00:00+00:00,25,33.9,0.74,Low
R001,2026-09-28T03:00:00+00:00,26,59.8,0.43,Low
R002,2026-09-28T03:00:00+00:00,27,46.3,0.58,Low
R003,2026-09-28T03:00:00+00:00,24,49.8,0.48,Low
R004,2026-09-28T03:00:00+00:00,11,60.9,0.18,Low
R005,2026-09-28T03:00:00+00:00,28,38.2,0.73,Low
R006,2026-09-28T03:00:00+00:00,38,31.6,1.2,Low
R007,2026-09-28T03:00:00+00:00,55,22.0,2.5,Low
road-001,2026-09-28T03:00:00+00:00,17,44.2,0.38,Low
road-002,2026-09-28T03:00:00+00:00,30,31.3,0.96,Low
road-003,2026-09-28T03:00:00+00:00,50,19.7,2.54,Low
road-004,2026-09-28T03:00:00+00:00,26,31.2,0.83,Low
R001,2026-09-28T04:00:00+00:00,22,55.7,0.39,Low
R002,2026-09-28T04:00:00+00:00,30,42.8,0.7,Low
R003,2026-09-28T04:00:00+00:00,27,51.3,0.53,Low
R004,2026-09-28T04:00:00+00:00,11,65.2,0.17,Low
R005,2026-09-28T04:00:00+00:00,27,41.5,0.65,Low
R006,2026-09-28T04:00:00+00:00,40,31.3,1.28,Low
R007,2026-09-28T04:00:00+00:00,53,25.8,2.05,Low
road-001,2026-09-28T04:00:00+00:00,17,46.5,0.37,Low
road-002,2026-09-28T04:00:00+00:00,31,27.5,1.13,Low
road-003,2026-09-28T04:00:00+00:00,47,20.8,2.26,Low
road-004,2026-09-28T04:00:00+00:00,22,34.6,0.64,Low
R001,2026-09-28T05:00:00+00:00,26,59.2,0.44,Low
R002,2026-09-28T05:00:00+00:00,31,42.1,0.74,Low
R003,2026-09-28T05:00:00+00:00,25,49.7,0.5,Low
R004,2026-09-28T05:00:00+00:00,12,65.8,0.18,Low
R005,2026-09-28T05:00:00+00:00,33,36.2,0.91,Low
R006,2026-09-28T05:00:00+00:00,45,34.6,1.3,Low
R007,2026-09-28T05:00:00+00:00,50,25.4,1.97,Low
road-001,2026-09-28T05:00:00+00:00,18,45.5,0.4,Low
road-002,2026-09-28T05:00:00+00:00,37,28.2,1.31,Low
road-003,2026-09-28T05:00:00+00:00,51,18.6,2.74,Low
road-004,2026-09-28T05:00:00+00:00,26,33.3,0.78,Low
R001,2026-09-28T06:00:00+00:00,38,55.6,0.68,Low
R002,2026-09-28T06:00:00+00:00,46,41.2,1.12,Low
R003,2026-09-28T06:00:00+00:00,38,45.9,0.83,Low
R004,2026-09-28T06:00:00+00:00,17,60.3,0.28,Low
R005,2026-09-28T06:00:00+00:00,42,38.6,1.09,Low
R006,2026-09-28T06:00:00+00:00,59,30.8,1.92,Low
R007,2026-09-28T06:00:00+00:00,78,21.9,3.56,Low
road-001,2026-09-28T06:00:00+00:00,23,45.7,0.5,Low
road-002,2026-09-28T06:00:00+00:00,52,28.4,1.83,Low
road-003,2026-09-28T06:00:00+00:00,76,18.4,4.13,Low
road-004,2026-09-28T06:00:00+00:00,33,34.1,0.97,Low
R001,2026-09-28T07:00:00+00:00,78,54.9,1.42,Low
R002,2026-09-28T07:00:00+00:00,85,41.5,2.05,Low
R003,2026-09-28T07:00:00+00:00,73,44.3,1.65,Low
R004,2026-09-28T07:00:00+00:00,32,58.7,0.55,Low
R005,2026-09-28T07:00:00+00:00,84,32.1,2.62,Low
R006,2026-09-28T07:00:00+00:00,114,30.9,3.69,Low
R007,2026-09-28T07:00:00+00:00,148,19.2,7.71,Low
road-001,2026-09-28T07:00:00+00:00,51,42.0,1.21,Low
road-002,2026-09-28T07:00:00+00:00,97,25.8,3.76,Low
road-003,2026-09-28T07:00:00+00:00,139,15.5,8.97,Low
road-004,2026-09-28T07:00:00+00:00,69,32.3,2.14,Low
R001,2026-09-28T08:00:00+00:00,116,48.4,2.4,Low
R002,2026-09-28T08:00:00+00:00,148,31.0,4.77,Low
R003,2026-09-28T08:00:00+00:00,132,33.7,3.92,Low
R004,2026-09-28T08:00:00+00:00,62,61.3,1.01,Low
R005,2026-09-28T08:00:00+00:00,144,27.7,5.2,Low
R006,2026-09-28T08:00:00+00:00,226,17.9,12.63,Medium
R007,2026-09-28T08:00:00+00:00,274,12.3,22.28,High
road-001,2026-09-28T08:00:00+00:00,85,38.9,2.19,Low
road-002,2026-09-28T08:00:00+00:00,175,18.3,9.56,Low
road-003,2026-09-28T08:00:00+00:00,231,13.0,17.77,Medium
road-004,2026-09-28T08:00:00+00:00,120,24.4,4.92,Low
R001,2026-09-28T09:00:00+00:00,124,47.8,2.59,Low
R002,2026-09-28T09:00:00+00:00,123,34.0,3.62,Low
R003,2026-09-28T09:00:00+00:00,135,36.1,3.74,Low
R004,2026-09-28T09:00:00+00:00,55,56.9,0.97,Low
R005,2026-09-28T09:00:00+00:00,151,27.9,5.41,Low
R006,2026-09-28T09:00:00+00:00,206,21.2,9.72,Low
R007,2026-09-28T09:00:00+00:00,275,13.8,19.93,Medium
road-001,2026-09-28T09:00:00+00:00,85,36.9,2.3,Low
road-002,2026-09-28T09:00:00+00:00,159,20.7,7.68,Low
road-003,2026-09-28T09:00:00+00:00,249,11.5,21.65,High
road-004,2026-09-28T09:00:00+00:00,123,23.4,5.26,Low
R001,2026-09-28T10:00:00+00:00,102,53.8,1.9,Low
R002,2026-09-28T10:00:00+00:00,108,35.1,3.08,Low
R003,2026-09-28T10:00:00+00:00,108,40.9,2.64,Low
R004,2026-09-28T10:00:00+00:00,54,58.4,0.92,Low
R005,2026-09-28T10:00:00+00:00,137,30.6,4.48,Low
R006,2026-09-28T10:00:00+00:00,193,22.7,8.5,Low
R007,2026-09-28T10:00:00+00:00,209,16.4,12.74,Medium
road-001,2026-09-28T10:00:00+00:00,73,37.7,1.94,Low
road-002,2026-09-28T10:00:00+00:00,134,22.3,6.01,Low
road-003,2026-09-28T10:00:00+00:00,185,14.0,13.21,Medium
road-004,2026-09-28T10:00:00+00:00,110,24.0,4.58,Low
R001,2026-09-28T11:00:00+00:00,63,56.2,1.12,Low
R002,2026-09-28T11:00:00+00:00,70,43.2,1.62,Low
R003,2026-09-28T11:00:00+00:00,71,44.0,1.61,Low
R004,2026-09-28T11:00:00+00:00,32,66.6,0.48,Low
R005,2026-09-28T11:00:00+00:00,88,32.9,2.67,Low
R006,2026-09-28T11:00:00+00:00,124,28.7,4.32,Low
R007,2026-09-28T11:00:00+00:00,142,20.5,6.93,Low
road-001,2026-09-28T11:00:00+00:00,51,42.9,1.19,Low
road-002,2026-09-28T11:00:00+00:00,94,24.4,3.85,Low
road-003,2026-09-28T11:00:00+00:00,136,15.4,8.83,Low
road-004,2026-09-28T11:00:00+00:00,73,28.2,2.59,Low
R001,2026-09-28T12:00:00+00:00,57,54.6,1.04,Low
R002,2026-09-28T12:00:00+00:00,60,39.5,1.52,Low
R003,2026-09-28T12:00:00+00:00,66,45.7,1.44,Low
R004,2026-09-28T12:00:00+00:00,26,63.3,0.41,Low
R005,2026-09-28T12:00:00+00:00,65,37.4,1.74,Low
R006,2026-09-28T12:00:00+00:00,89,31.8,2.8,Low
R007,2026-09-28T12:00:00+00:00,131,19.4,6.75,Low
road-001,2026-09-28T12:00:00+00:00,36,44.3,0.81,Low
road-002,2026-09-28T12:00:00+00:00,72,27.4,2.63,Low
road-003,2026-09-28T12:00:00+00:00,115,17.1,6.73,Low
road-004,2026-09-28T12:00:00+00:00,60,29.5,2.03,Low
R001,2026-09-28T13:00:00+00:00,50,53.5,0.93,Low
R002,2026-09-28T13:00:00+00:00,68,39.3,1.73,Low
R003,2026-09-28T13:00:00+00:00,59,46.3,1.27,Low
R004,2026-09-28T13:00:00+00:00,24,68.0,0.35,Low
R005,2026-09-28T13:00:00+00:00,72,37.7,1.91,Low
R006,2026-09-28T13:00:00+00:00,85,30.0,2.83,Low
R007,2026-09-28T13:00:00+00:00,124,22.3,5.56,Low
road-001,2026-09-28T13:00:00+00:00,41,45.2,0.91,Low
road-002,2026-09-28T13:00:00+00:00,68,26.8,2.54,Low
road-003,2026-09-28T13:00:00+00:00,100,18.6,5.38,Low
road-004,2026-09-28T13:00:00+00:00,57,31.1,1.83,Low
R001,2026-09-28T14:00:00+00:00,51,58.6,0.87,Low
R002,2026-09-28T14:00:00+00:00,62,38.4,1.61,Low
R003,2026-09-28T14:00:00+00:00,64,44.4,1.44,Low
R004,2026-09-28T14:00:00+00:00,27,59.6,0.45,Low
R005,2026-09-28T14:00:00+00:00,76,36.6,2.08,Low
R006,2026-09-28T14:00:00+00:00,106,30.4,3.49,Low
R007,2026-09-28T14:00:00+00:00,132,21.8,6.06,Low
road-001,2026-09-28T14:00:00+00:00,43,39.6,1.09,Low
road-002,2026-09-28T14:00:00+00:00,74,26.7,2.77,Low
road-003,2026-09-28T14:00:00+00:00,116,16.5,7.03,Low
road-004,2026-09-28T14:00:00+00:00,61,32.1,1.9,Low
R001,2026-09-28T15:00:00+00:00,64,54.4,1.18,Low
R002,2026-09-28T15:00:00+00:00,75,41.5,1.81,Low
R003,2026-09-28T15:00:00+00:00,65,45.5,1.43,Low
R004,2026-09-28T15:00:00+00:00,35,58.8,0.6,Low
R005,2026-09-28T15:00:00+00:00,77,36.0,2.14,Low
R006,2026-09-28T15:00:00+00:00,121,29.9,4.05,Low
R007,2026-09-28T15:00:00+00:00,130,22.7,5.73,Low
road-001,2026-09-28T15:00:00+00:00,44,42.8,1.03,Low
road-002,2026-09-28T15:00:00+00:00,98,24.8,3.95,Low
road-003,2026-09-28T15:00:00+00:00,139,16.2,8.58,Low
road-004,2026-09-28T15:00:00+00:00,67,28.8,2.33,Low
R001,2026-09-28T16:00:00+00:00,59,55.9,1.06,Low
R002,2026-09-28T16:00:00+00:00,69,39.5,1.75,Low
R003,2026-09-28T16:00:00+00:00,78,46.9,1.66,Low
R004,2026-09-28T16:00:00+00:00,33,61.1,0.54,Low
R005,2026-09-28T16:00:00+00:00,87,36.8,2.36,Low
R006,2026-09-28T16:00:00+00:00,123,26.7,4.61,Low
R007,2026-09-28T16:00:00+00:00,152,20.3,7.49,Low
road-001,2026-09-28T16:00:00+00:00,47,38.9,1.21,Low
road-002,2026-09-28T16:00:00+00:00,84,25.9,3.24,Low
road-003,2026-09-28T16:00:00+00:00,144,16.9,8.52,Low
road-004,2026-09-28T16:00:00+00:00,63,31.3,2.01,Low
R001,2026-09-28T17:00:00+00:00,102,54.4,1.88,Low
R002,2026-09-28T17:00:00+00:00,126,32.7,3.85,Low
R003,2026-09-28T17:00:00+00:00,130,35.7,3.64,Low
R004,2026-09-28T17:00:00+00:00,60,53.4,1.12,Low
R005,2026-09-28T17:00:00+00:00,135,31.0,4.35,Low
R006,2026-09-28T17:00:00+00:00,183,22.4,8.17,Low
R007,2026-09-28T17:00:00+00:00,238,14.3,16.64,Medium
road-001,2026-09-28T17:00:00+00:00,77,36.9,2.09,Low
road-002,2026-09-28T17:00:00+00:00,141,21.2,6.65,Low
road-003,2026-09-28T17:00:00+00:00,206,13.3,15.49,Medium
road-004,2026-09-28T17:00:00+00:00,108,23.3,4.64,Low
R001,2026-09-28T18:00:00+00:00,151,43.8,3.45,Low
R002,2026-09-28T18:00:00+00:00,167,29.4,5.68,Low
R003,2026-09-28T18:00:00+00:00,162,32.3,5.02,Low
R004,2026-09-28T18:00:00+00:00,73,53.8,1.36,Low
R005,2026-09-28T18:00:00+00:00,158,25.0,6.32,Low
R006,2026-09-28T18:00:00+00:00,233,19.4,12.01,Medium
R007,2026-09-28T18:00:00+00:00,280,11.9,23.53,High
road-001,2026-09-28T18:00:00+00:00,103,31.9,3.23,Low
road-002,2026-09-28T18:00:00+00:00,181,18.0,10.06,Medium
road-003,2026-09-28T18:00:00+00:00,278,10.2,27.25,High
road-004,2026-09-28T18:00:00+00:00,147,20.5,7.17,Low
R001,2026-09-28T19:00:00+00:00,113,50.9,2.22,Low
R002,2026-09-28T19:00:00+00:00,136,31.3,4.35,Low
R003,2026-09-28T19:00:00+00:00,123,36.7,3.35,Low
R004,2026-09-28T19:00:00+00:00,60,59.8,1.0,Low
R005,2026-09-28T19:00:00+00:00,128,31.7,4.04,Low
R006,2026-09-28T19:00:00+00:00,194,22.8,8.51,Low
R007,2026-09-28T19:00:00+00:00,233,14.4,16.18,Medium
road-001,2026-09-28T19:00:00+00:00,72,40.9,1.76,Low
road-002,2026-09-28T19:00:00+00:00,157,18.3,8.58,Low
road-003,2026-09-28T19:00:00+00:00,224,12.8,17.5,Medium
road-004,2026-09-28T19:00:00+00:00,109,25.3,4.31,Low
R001,2026-09-28T20:00:00+00:00,62,56.9,1.09,Low
R002,2026-09-28T20:00:00+00:00,77,41.5,1.86,Low
R003,2026-09-28T20:00:00+00:00,65,43.0,1.51,Low
R004,2026-09-28T20:00:00+00:00,33,62.6,0.53,Low
R005,2026-09-28T20:00:00+00:00,88,34.9,2.52,Low
R006,2026-09-28T20:00:00+00:00,104,28.6,3.64,Low
R007,2026-09-28T20:00:00+00:00,148,19.1,7.75,Low
road-001,2026-09-28T20:00:00+00:00,50,43.5,1.15,Low
road-002,2026-09-28T20:00:00+00:00,90,27.5,3.27,Low
road-003,2026-09-28T20:00:00+00:00,118,17.3,6.82,Low
road-004,2026-09-28T20:00:00+00:00,62,32.2,1.93,Low
R001,2026-09-28T21:00:00+00:00,38,55.2,0.69,Low
R002,2026-09-28T21:00:00+00:00,42,39.8,1.06,Low
R003,2026-09-28T21:00:00+00:00,36,49.4,0.73,Low
R004,2026-09-28T21:00:00+00:00,16,64.3,0.25,Low
R005,2026-09-28T21:00:00+00:00,43,37.4,1.15,Low
R006,2026-09-28T21:00:00+00:00,64,34.7,1.84,Low
R007,2026-09-28T21:00:00+00:00,74,22.4,3.3,Low
road-001,2026-09-28T21:00:00+00:00,27,40.8,0.66,Low
road-002,2026-09-28T21:00:00+00:00,48,28.9,1.66,Low
road-003,2026-09-28T21:00:00+00:00,71,20.2,3.51,Low
road-004,2026-09-28T21:00:00+00:00,35,31.6,1.11,Low
R001,2026-09-28T22:00:00+00:00,24,55.5,0.43,Low
R002,2026-09-28T22:00:00+00:00,28,44.8,0.62,Low
R003,2026-09-28T22:00:00+00:00,26,50.2,0.52,Low
R004,2026-09-28T22:00:00+00:00,12,59.6,0.2,Low
R005,2026-09-28T22:00:00+00:00,35,40.0,0.88,Low
R006,2026-09-28T22:00:00+00:00,47,34.5,1.36,Low
R007,2026-09-28T22:00:00+00:00,52,22.9,2.27,Low
road-001,2026-09-28T22:00:00+00:00,20,44.5,0.45,Low
road-002,2026-09-28T22:00:00+00:00,36,29.9,1.2,Low
road-003,2026-09-28T22:00:00+00:00,55,17.6,3.12,Low
road-004,2026-09-28T22:00:00+00:00,24,32.4,0.74,Low
R001,2026-09-28T23:00:00+00:00,22,61.3,0.36,Low
R002,2026-09-28T23:00:00+00:00,29,46.3,0.63,Low
R003,2026-09-28T23:00:00+00:00,25,48.2,0.52,Low
R004,2026-09-28T23:00:00+00:00,12,66.2,0.18,Low
R005,2026-09-28T23:00:00+00:00,29,37.0,0.78,Low
R006,2026-09-28T23:00:00+00:00,43,32.1,1.34,Low
R007,2026-09-28T23:00:00+00:00,50,25.5,1.96,Low
road-001,2026-09-28T23:00:00+00:00,18,45.3,0.4,Low
road-002,2026-09-28T23:00:00+00:00,33,31.1,1.06,Low
road-003,2026-09-28T23:00:00+00:00,47,18.5,2.54,Low
road-004,2026-09-28T23:00:00+00:00,23,32.2,0.71,Low
R001,2026-09-29T00:00:00+00:00,25,62.1,0.4,Low
R002,2026-09-29T00:00:00+00:00,29,43.9,0.66,Low
R003,2026-09-29T00:00:00+00:00,24,45.9,0.52,Low
R004,2026-09-29T00:00:00+00:00,11,62.2,0.18,Low
R005,2026-09-29T00:00:00+00:00,28,40.6,0.69,Low
R006,2026-09-29T00:00:00+00:00,41,35.2,1.16,Low
R007,2026-09-29T00:00:00+00:00,47,24.0,1.96,Low
road-001,2026-09-29T00:00:00+00:00,16,42.3,0.38,Low
road-002,2026-09-29T00:00:00+00:00,31,30.8,1.01,Low
road-003,2026-09-29T00:00:00+00:00,51,20.6,2.48,Low
road-004,2026-09-29T00:00:00+00:00,22,34.0,0.65,Low
R001,2026-09-29T01:00:00+00:00,23,55.6,0.41,Low
R002,2026-09-29T01:00:00+00:00,29,44.8,0.65,Low
R003,2026-09-29T01:00:00+00:00,25,52.7,0.47,Low
R004,2026-09-29T01:00:00+00:00,12,65.8,0.18,Low
R005,2026-09-29T01:00:00+00:00,27,37.6,0.72,Low
R006,2026-09-29T01:00:00+00:00,40,32.5,1.23,Low
R007,2026-09-29T01:00:00+00:00,47,25.5,1.84,Low
road-001,2026-09-29T01:00:00+00:00,17,42.9,0.4,Low
road-002,2026-09-29T01:00:00+00:00,32,27.0,1.19,Low
road-003,2026-09-29T01:00:00+00:00,52,18.0,2.89,Low
road-004,2026-09-29T01:00:00+00:00,25,32.6,0.77,Low
R001,2026-09-29T02:00:00+00:00,22,63.5,0.35,Low
R002,2026-09-29T02:00:00+00:00,30,46.2,0.65,Low
R003,2026-09-29T02:00:00+00:00,26,52.1,0.5,Low
R004,2026-09-29T02:00:00+00:00,13,65.6,0.2,Low
R005,2026-09-29T02:00:00+00:00,32,35.6,0.9,Low
R006,2026-09-29T02:00:00+00:00,45,32.6,1.38,Low
R007,2026-09-29T02:00:00+00:00,53,24.2,2.19,Low
road-001,2026-09-29T02:00:00+00:00,17,40.7,0.42,Low
road-002,2026-09-29T02:00:00+00:00,30,27.3,1.1,Low
road-003,2026-09-29T02:00:00+00:00,46,20.2,2.28,Low
road-004,2026-09-29T02:00:00+00:00,22,35.8,0.61,Low
R001,2026-09-29T03:00:00+00:00,24,60.3,0.4,Low
R002,2026-09-29T03:00:00+00:00,28,47.0,0.6,Low
R003,2026-09-29T03:00:00+00:00,26,47.7,0.55,Low
R004,2026-09-29T03:00:00+00:00,11,65.7,0.17,Low
R005,2026-09-29T03:00:00+00:00,32,37.6,0.85,Low
R006,2026-09-29T03:00:00+00:00,45,32.8,1.37,Low
R007,2026-09-29T03:00:00+00:00,54,24.1,2.24,Low
road-001,2026-09-29T03:00:00+00:00,16,43.8,0.37,Low
road-002,2026-09-29T03:00:00+00:00,33,29.9,1.1,Low
road-003,2026-09-29T03:00:00+00:00,44,20.6,2.14,Low
road-004,2026-09-29T03:00:00+00:00,22,36.1,0.61,Low
R001,2026-09-29T04:00:00+00:00,22,58.3,0.38,Low
R002,2026-09-29T04:00:00+00:00,30,40.7,0.74,Low
R003,2026-09-29T04:00:00+00:00,27,52.5,0.51,Low
R004,2026-09-29T04:00:00+00:00,11,60.7,0.18,Low
R005,2026-09-29T04:00:00+00:00,31,37.0,0.84,Low
R006,2026-09-29T04:00:00+00:00,38,32.6,1.17,Low
R007,2026-09-29T04:00:00+00:00,56,23.5,2.38,Low
road-001,2026-09-29T04:00:00+00:00,18,45.2,0.4,Low
road-002,2026-09-29T04:00:00+00:00,35,30.7,1.14,Low
road-003,2026-09-29T04:00:00+00:00,44,20.7,2.13,Low
road-004,2026-09-29T04:00:00+00:00,24,31.8,0.75,Low
R001,2026-09-29T05:00:00+00:00,24,60.0,0.4,Low
R002,2026-09-29T05:00:00+00:00,31,46.7,0.66,Low
R003,2026-09-29T05:00:00+00:00,26,48.6,0.53,Low
R004,2026-09-29T05:00:00+00:00,12,60.9,0.2,Low
R005,2026-09-29T05:00:00+00:00,33,40.1,0.82,Low
R006,2026-09-29T05:00:00+00:00,48,33.4,1.44,Low
R007,2026-09-29T05:00:00+00:00,61,24.8,2.46,Low
road-001,2026-09-29T05:00:00+00:00,19,41.3,0.46,Low
road-002,2026-09-29T05:00:00+00:00,35,27.6,1.27,Low
road-003,2026-09-29T05:00:00+00:00,52,17.7,2.94,Low
road-004,2026-09-29T05:00:00+00:00,26,36.2,0.72,Low
R001,2026-09-29T06:00:00+00:00,38,58.6,0.65,Low
R002,2026-09-29T06:00:00+00:00,39,44.7,0.87,Low
R003,2026-09-29T06:00:00+00:00,43,48.0,0.9,Low
R004,2026-09-29T06:00:00+00:00,18,60.6,0.3,Low
R005,2026-09-29T06:00:00+00:00,48,36.0,1.33,Low
R006,2026-09-29T06:00:00+00:00,58,31.2,1.86,Low
R007,2026-09-29T06:00:00+00:00,84,21.8,3.85,Low
road-001,2026-09-29T06:00:00+00:00,24,40.6,0.59,Low
road-002,2026-09-29T06:00:00+00:00,49,28.7,1.71,Low
road-003,2026-09-29T06:00:00+00:00,66,19.5,3.38,Low
road-004,2026-09-29T06:00:00+00:00,38,32.3,1.18,Low
R001,2026-09-29T07:00:00+00:00,75,57.0,1.32,Low
R002,2026-09-29T07:00:00+00:00,89,37.9,2.35,Low
R003,2026-09-29T07:00:00+00:00,81,45.9,1.76,Low
R004,2026-09-29T07:00:00+00:00,33,60.7,0.54,Low
R005,2026-09-29T07:00:00+00:00,84,32.0,2.62,Low
R006,2026-09-29T07:00:00+00:00,118,30.5,3.87,Low
R007,2026-09-29T07:00:00+00:00,153,18.6,8.23,Low
road-001,2026-09-29T07:00:00+00:00,47,38.6,1.22,Low
road-002,2026-09-29T07:00:00+00:00,97,24.7,3.93,Low
road-003,2026-09-29T07:00:00+00:00,150,15.2,9.87,Low
road-004,2026-09-29T07:00:00+00:00,75,30.4,2.47,Low
R001,2026-09-29T08:00:00+00:00,126,48.8,2.58,Low
R002,2026-09-29T08:00:00+00:00,148,31.1,4.76,Low
R003,2026-09-29T08:00:00+00:00,139,36.0,3.86,Low
R004,2026-09-29T08:00:00+00:00,56,57.8,0.97,Low
R005,2026-09-29T08:00:00+00:00,156,26.6,5.86,Low
R006,2026-09-29T08:00:00+00:00,212,19.5,10.87,Medium
R007,2026-09-29T08:00:00+00:00,252,13.6,18.53,Medium
road-001,2026-09-29T08:00:00+00:00,89,35.3,2.52,Low
road-002,2026-09-29T08:00:00+00:00,156,20.0,7.8,Low
road-003,2026-09-29T08:00:00+00:00,255,11.8,21.61,High
road-004,2026-09-29T08:00:00+00:00,125,21.8,5.73,Low
R001,2026-09-29T09:00:00+00:00,113,52.5,2.15,Low
R002,2026-09-29T09:00:00+00:00,136,30.2,4.5,Low
R003,2026-09-29T09:00:00+00:00,129,38.8,3.32,Low
R004,2026-09-29T09:00:00+00:00,54,54.4,0.99,Low
R005,2026-09-29T09:00:00+00:00,154,26.6,5.79,Low
R006,2026-09-29T09:00:00+00:00,220,19.8,11.11,Medium
R007,2026-09-29T09:00:00+00:00,249,14.8,16.82,Medium
road-001,2026-09-29T09:00:00+00:00,87,37.8,2.3,Low
road-002,2026-09-29T09:00:00+00:00,147,19.5,7.54,Low
road-003,2026-09-29T09:00:00+00:00,253,11.9,21.26,High
road-004,2026-09-29T09:00:00+00:00,111,23.1,4.81,Low
R001,2026-09-29T10:00:00+00:00,109,51.2,2.13,Low
R002,2026-09-29T10:00:00+00:00,109,36.2,3.01,Low
R003,2026-09-29T10:00:00+00:00,101,41.2,2.45,Low
R004,2026-09-29T10:00:00+00:00,46,57.7,0.8,Low
R005,2026-09-29T10:00:00+00:00,128,31.3,4.09,Low
R006,2026-09-29T10:00:00+00:00,162,25.2,6.43,Low
R007,2026-09-29T10:00:00+00:00,236,14.4,16.39,Medium
road-001,2026-09-29T10:00:00+00:00,76,38.8,1.96,Low
road-002,2026-09-29T10:00:00+00:00,128,21.0,6.1,Low
road-003,2026-09-29T10:00:00+00:00,202,13.7,14.74,Medium
road-004,2026-09-29T10:00:00+00:00,104,24.1,4.32,Low
R001,2026-09-29T11:00:00+00:00,70,54.9,1.28,Low
R002,2026-09-29T11:00:00+00:00,80,42.4,1.89,Low
R003,2026-09-29T11:00:00+00:00,69,41.6,1.66,Low
R004,2026-09-29T11:00:00+00:00,30,57.6,0.52,Low
R005,2026-09-29T11:00:00+00:00,86,31.7,2.71,Low
R006,2026-09-29T11:00:00+00:00,123,26.4,4.66,Low
R007,2026-09-29T11:00:00+00:00,139,21.5,6.47,Low
road-001,2026-09-29T11:00:00+00:00,50,41.6,1.2,Low
road-002,2026-09-29T11:00:00+00:00,84,24.6,3.41,Low
road-003,2026-09-29T11:00:00+00:00,145,15.2,9.54,Low
road-004,2026-09-29T11:00:00+00:00,70,30.1,2.33,Low
R001,2026-09-29T12:00:00+00:00,54,59.4,0.91,Low
R002,2026-09-29T12:00:00+00:00,68,41.2,1.65,Low
R003,2026-09-29T12:00:00+00:00,63,49.1,1.28,Low
R004,2026-09-29T12:00:00+00:00,26,64.6,0.4,Low
R005,2026-09-29T12:00:00+00:00,73,35.6,2.05,Low
R006,2026-09-29T12:00:00+00:00,93,29.7,3.13,Low
R007,2026-09-29T12:00:00+00:00,112,22.0,5.09,Low
road-001,2026-09-29T12:00:00+00:00,36,43.7,0.82,Low
road-002,2026-09-29T12:00:00+00:00,77,25.5,3.02,Low
road-003,2026-09-29T12:00:00+00:00,111,18.2,6.1,Low
road-004,2026-09-29T12:00:00+00:00,51,33.5,1.52,Low
R001,2026-09-29T13:00:00+00:00,52,58.1,0.9,Low
R002,2026-09-29T13:00:00+00:00,57,40.8,1.4,Low
R003,2026-09-29T13:00:00+00:00,53,46.1,1.15,Low
R004,2026-09-29T13:00:00+00:00,24,64.1,0.37,Low
R005,2026-09-29T13:00:00+00:00,61,35.2,1.73,Low
R006,2026-09-29T13:00:00+00:00,90,30.2,2.98,Low
R007,2026-09-29T13:00:00+00:00,114,21.3,5.35,Low
road-001,2026-09-29T13:00:00+00:00,38,42.6,0.89,Low
road-002,2026-09-29T13:00:00+00:00,73,27.0,2.7,Low
road-003,2026-09-29T13:00:00+00:00,102,16.8,6.07,Low
road-004,2026-09-29T13:00:00+00:00,51,30.5,1.67,Low
R001,2026-09-29T14:00:00+00:00,54,58.3,0.93,Low
R002,2026-09-29T14:00:00+00:00,63,43.1,1.46,Low
R003,2026-09-29T14:00:00+00:00,64,44.6,1.43,Low
R004,2026-09-29T14:00:00+00:00,25,65.1,0.38,Low
R005,2026-09-29T14:00:00+00:00,71,33.2,2.14,Low
R006,2026-09-29T14:00:00+00:00,92,30.4,3.03,Low
R007,2026-09-29T14:00:00+00:00,130,21.2,6.13,Low
road-001,2026-09-29T14:00:00+00:00,40,44.1,0.91,Low
road-002,2026-09-29T14:00:00+00:00,69,27.5,2.51,Low
road-003,2026-09-29T14:00:00+00:00,115,18.6,6.18,Low
road-004,2026-09-29T14:00:00+00:00,60,29.4,2.04,Low
R001,2026-09-29T15:00:00+00:00,60,54.2,1.11,Low
R002,2026-09-29T15:00:00+00:00,70,37.9,1.85,Low
R003,2026-09-29T15:00:00+00:00,69,47.3,1.46,Low
R004,2026-09-29T15:00:00+00:00,30,62.9,0.48,Low
R005,2026-09-29T15:00:00+00:00,83,31.9,2.6,Low
R006,2026-09-29T15:00:00+00:00,118,27.8,4.24,Low
R007,2026-09-29T15:00:00+00:00,153,18.9,8.1,Low
road-001,2026-09-29T15:00:00+00:00,50,41.1,1.22,Low
road-002,2026-09-29T15:00:00+00:00,98,24.9,3.94,Low
road-003,2026-09-29T15:00:00+00:00,128,17.6,7.27,Low
road-004,2026-09-29T15:00:00+00:00,66,28.2,2.34,Low
R001,2026-09-29T16:00:00+00:00,62,53.0,1.17,Low
R002,2026-09-29T16:00:00+00:00,70,41.6,1.68,Low
R003,2026-09-29T16:00:00+00:00,73,43.0,1.7,Low
R004,2026-09-29T16:00:00+00:00,30,63.1,0.48,Low
R005,2026-09-29T16:00:00+00:00,85,35.7,2.38,Low
R006,2026-09-29T16:00:00+00:00,113,27.7,4.08,Low
R007,2026-09-29T16:00:00+00:00,135,20.5,6.59,Low
road-001,2026-09-29T16:00:00+00:00,48,40.4,1.19,Low
road-002,2026-09-29T16:00:00+00:00,94,25.3,3.72,Low
road-003,2026-09-29T16:00:00+00:00,124,16.5,7.52,Low
road-004,2026-09-29T16:00:00+00:00,69,28.0,2.46,Low
R001,2026-09-29T17:00:00+00:00,121,51.8,2.34,Low
R002,2026-09-29T17:00:00+00:00,126,36.3,3.47,Low
R003,2026-09-29T17:00:00+00:00,119,37.6,3.16,Low
R004,2026-09-29T17:00:00+00:00,59,60.1,0.98,Low
R005,2026-09-29T17:00:00+00:00,151,24.9,6.06,Low
R006,2026-09-29T17:00:00+00:00,193,21.4,9.02,Low
R007,2026-09-29T17:00:00+00:00,252,13.9,18.13,Medium
road-001,2026-09-29T17:00:00+00:00,82,35.5,2.31,Low
road-002,2026-09-29T17:00:00+00:00,169,19.5,8.67,Low
road-003,2026-09-29T17:00:00+00:00,204,12.9,15.81,Medium
road-004,2026-09-29T17:00:00+00:00,110,24.7,4.45,Low
R001,2026-09-29T18:00:00+00:00,131,46.3,2.83,Low
R002,2026-09-29T18:00:00+00:00,163,29.8,5.47,Low
R003,2026-09-29T18:00:00+00:00,149,36.2,4.12,Low
R004,2026-09-29T18:00:00+00:00,72,57.2,1.26,Low
R005,2026-09-29T18:00:00+00:00,167,24.9,6.71,Low
R006,2026-09-29T18:00:00+00:00,241,16.5,14.61,Medium
R007,2026-09-29T18:00:00+00:00,327,8.9,36.74,Severe
road-001,2026-09-29T18:00:00+00:00,106,32.7,3.24,Low
road-002,2026-09-29T18:00:00+00:00,202,13.7,14.74,Medium
road-003,2026-09-29T18:00:00+00:00,286,8.9,32.13,Severe
road-004,2026-09-29T18:00:00+00:00,143,18.8,7.61,Low
R001,2026-09-29T19:00:00+00:00,120,47.3,2.54,Low
R002,2026-09-29T19:00:00+00:00,142,30.0,4.73,Low
R003,2026-09-29T19:00:00+00:00,128,36.3,3.53,Low
R004,2026-09-29T19:00:00+00:00,60,55.3,1.08,Low
R005,2026-09-29T19:00:00+00:00,135,29.9,4.52,Low
R006,2026-09-29T19:00:00+00:00,193,21.4,9.02,Low
R007,2026-09-29T19:00:00+00:00,226,14.9,15.17,Medium
road-001,2026-09-29T19:00:00+00:00,73,38.7,1.89,Low
road-002,2026-09-29T19:00:00+00:00,155,20.4,7.6,Low
road-003,2026-09-29T19:00:00+00:00,238,12.2,19.51,Medium
road-004,2026-09-29T19:00:00+00:00,115,23.1,4.98,Low
R001,2026-09-29T20:00:00+00:00,67,56.7,1.18,Low
R002,2026-09-29T20:00:00+00:00,72,38.3,1.88,Low
R003,2026-09-29T20:00:00+00:00,70,43.5,1.61,Low
R004,2026-09-29T20:00:00+00:00,31,66.0,0.47,Low
R005,2026-09-29T20:00:00+00:00,88,35.4,2.49,Low
R006,2026-09-29T20:00:00+00:00,125,30.3,4.13,Low
R007,2026-09-29T20:00:00+00:00,146,20.3,7.19,Low
road-001,2026-09-29T20:00:00+00:00,49,40.0,1.23,Low
road-002,2026-09-29T20:00:00+00:00,88,25.5,3.45,Low
road-003,2026-09-29T20:00:00+00:00,131,16.5,7.94,Low
road-004,2026-09-29T20:00:00+00:00,66,32.1,2.06,Low
